========================================
multiotp 5.9.9.1
Your script is running from C:\multiOTP\.\
2025-05-13 10:53:55	debug		Debug	Debug: **New configuration value for debug: '1' (was '0' before)	0	WINDOWSS
2025-05-13 10:53:55	debug		Debug	Debug: **New configuration value for last_update: '1747126430' (was '1747126435' before)	0	WINDOWSS
2025-05-13 10:53:55	debug		Debug	Debug: **Writing configuration data needed	0	WINDOWSS
2025-05-13 10:53:55	debug		Debug	Debug: **Writing stat data not needed (no change)	0	WINDOWSS
2025-05-13 10:53:55	debug		Debug	Debug: *19 INFO: Requested operation successfully done	0	WINDOWSS
========================================
multiotp 5.9.9.1
Your script is running from C:\multiOTP\.\
2025-05-13 10:53:55	debug		System	Debug: **ReadConfigData, stat value for create_host was WINDOWSS	0	WINDOWSS
2025-05-13 10:53:55	debug		System	Debug: **ReadConfigData, stat value for create_time was 1747126430	0	WINDOWSS
2025-05-13 10:53:55	debug		System	Debug: **ReadConfigData, stat value for last_update was 1747126430	0	WINDOWSS
2025-05-13 10:53:55	debug		System	Debug: **ReadConfigData, stat value for last_update_host was WINDOWSS	0	WINDOWSS
2025-05-13 10:53:55	debug		System	Debug: **ReadConfigData, stat value for encryption_hash was 99CCFC0D033729754B6BB4832FE786A1	0	WINDOWSS
2025-05-13 10:53:55	debug		System	Debug: **ReadConfigData, stat value for create_host was WINDOWSS	0	WINDOWSS
2025-05-13 10:53:55	debug		System	Debug: **ReadConfigData, stat value for create_time was 1747126430	0	WINDOWSS
2025-05-13 10:53:55	debug		System	Debug: **ReadConfigData, stat value for last_update was 1747126430	0	WINDOWSS
2025-05-13 10:53:55	debug		System	Debug: **ReadConfigData, stat value for last_update_host was WINDOWSS	0	WINDOWSS
2025-05-13 10:53:56	debug		System	Debug: **ReadConfigData, stat value for encryption_hash was 99CCFC0D033729754B6BB4832FE786A1	0	WINDOWSS
2025-05-13 10:53:56	debug		Debug	Debug: **New configuration value for last_update: '1747126430' (was '1747126435' before)	0	WINDOWSS
2025-05-13 10:53:56	debug		Debug	Debug: **New configuration value for server_secret: 'secretOTP' (was 'ClientServerSecret' before)	0	WINDOWSS
2025-05-13 10:53:56	debug		Debug	Debug: **Writing configuration data needed	0	WINDOWSS
2025-05-13 10:53:56	debug		Debug	Debug: **Writing stat data not needed (no change)	0	WINDOWSS
2025-05-13 10:53:56	debug		Debug	Debug: *19 INFO: Requested operation successfully done	0	WINDOWSS
========================================
multiotp 5.9.9.1
Your script is running from C:\multiOTP\.\
2025-05-13 10:54:33	debug		System	Debug: **ReadConfigData, stat value for create_host was WINDOWSS	0	WINDOWSS
2025-05-13 10:54:33	debug		System	Debug: **ReadConfigData, stat value for create_time was 1747126430	0	WINDOWSS
2025-05-13 10:54:33	debug		System	Debug: **ReadConfigData, stat value for last_update was 1747126430	0	WINDOWSS
2025-05-13 10:54:33	debug		System	Debug: **ReadConfigData, stat value for last_update_host was WINDOWSS	0	WINDOWSS
2025-05-13 10:54:33	debug		System	Debug: **ReadConfigData, stat value for encryption_hash was 99CCFC0D033729754B6BB4832FE786A1	0	WINDOWSS
2025-05-13 10:54:33	debug		System	Debug: **ReadConfigData, stat value for create_host was WINDOWSS	0	WINDOWSS
2025-05-13 10:54:33	debug		System	Debug: **ReadConfigData, stat value for create_time was 1747126430	0	WINDOWSS
2025-05-13 10:54:33	debug		System	Debug: **ReadConfigData, stat value for last_update was 1747126430	0	WINDOWSS
2025-05-13 10:54:33	debug		System	Debug: **ReadConfigData, stat value for last_update_host was WINDOWSS	0	WINDOWSS
2025-05-13 10:54:33	debug		System	Debug: **ReadConfigData, stat value for encryption_hash was 99CCFC0D033729754B6BB4832FE786A1	0	WINDOWSS
2025-05-13 10:54:33	warning		LDAP	Error: no LDAP connection information	0	WINDOWSS
2025-05-13 10:54:33	debug		Debug	Debug: *99 ERROR: Authentication failed (and other possible unknown errors)	0	WINDOWSS
2025-05-13 10:54:33	debug		Debug	Debug: *Attributes sent to the RADIUS server: Reply-Message := "ERROR: Authentication failed (and other possible unknown errors)"	0	WINDOWSS
========================================
multiotp 5.9.9.1
Your script is running from C:\multiOTP\.\
2025-05-13 10:58:52	debug		System	Debug: **ReadConfigData, stat value for create_host was WINDOWSS	0	WINDOWSS
2025-05-13 10:58:52	debug		System	Debug: **ReadConfigData, stat value for create_time was 1747126430	0	WINDOWSS
2025-05-13 10:58:52	debug		System	Debug: **ReadConfigData, stat value for last_update was 1747126430	0	WINDOWSS
2025-05-13 10:58:52	debug		System	Debug: **ReadConfigData, stat value for last_update_host was WINDOWSS	0	WINDOWSS
2025-05-13 10:58:52	debug		System	Debug: **ReadConfigData, stat value for encryption_hash was 99CCFC0D033729754B6BB4832FE786A1	0	WINDOWSS
2025-05-13 10:58:52	debug		System	Debug: **ReadConfigData, stat value for create_host was WINDOWSS	0	WINDOWSS
2025-05-13 10:58:52	debug		System	Debug: **ReadConfigData, stat value for create_time was 1747126430	0	WINDOWSS
2025-05-13 10:58:52	debug		System	Debug: **ReadConfigData, stat value for last_update was 1747126430	0	WINDOWSS
2025-05-13 10:58:52	debug		System	Debug: **ReadConfigData, stat value for last_update_host was WINDOWSS	0	WINDOWSS
2025-05-13 10:58:52	debug		System	Debug: **ReadConfigData, stat value for encryption_hash was 99CCFC0D033729754B6BB4832FE786A1	0	WINDOWSS
2025-05-13 10:58:52	debug		Debug	Debug: *99 ERROR: Authentication failed (and other possible unknown errors)	0	WINDOWSS
2025-05-13 10:58:52	debug		Debug	Debug: *Attributes sent to the RADIUS server: Reply-Message := "ERROR: Authentication failed (and other possible unknown errors)"	0	WINDOWSS
========================================
multiotp 5.9.9.1
Your script is running from C:\multiOTP\.\
2025-05-13 10:59:41	debug		System	Debug: **ReadConfigData, stat value for create_host was WINDOWSS	0	WINDOWSS
2025-05-13 10:59:41	debug		System	Debug: **ReadConfigData, stat value for create_time was 1747126430	0	WINDOWSS
2025-05-13 10:59:41	debug		System	Debug: **ReadConfigData, stat value for last_update was 1747126430	0	WINDOWSS
2025-05-13 10:59:41	debug		System	Debug: **ReadConfigData, stat value for last_update_host was WINDOWSS	0	WINDOWSS
2025-05-13 10:59:41	debug		System	Debug: **ReadConfigData, stat value for encryption_hash was 99CCFC0D033729754B6BB4832FE786A1	0	WINDOWSS
2025-05-13 10:59:41	debug		System	Debug: **ReadConfigData, stat value for create_host was WINDOWSS	0	WINDOWSS
2025-05-13 10:59:41	debug		System	Debug: **ReadConfigData, stat value for create_time was 1747126430	0	WINDOWSS
2025-05-13 10:59:41	debug		System	Debug: **ReadConfigData, stat value for last_update was 1747126430	0	WINDOWSS
2025-05-13 10:59:41	debug		System	Debug: **ReadConfigData, stat value for last_update_host was WINDOWSS	0	WINDOWSS
2025-05-13 10:59:41	debug		System	Debug: **ReadConfigData, stat value for encryption_hash was 99CCFC0D033729754B6BB4832FE786A1	0	WINDOWSS
2025-05-13 10:59:41	debug		Debug	Debug: **New configuration value for last_update: '1747126430' (was '1747126436' before)	0	WINDOWSS
2025-05-13 10:59:41	debug		Debug	Debug: **New configuration value for ldap_server_password: 'S2ltb1wk**' (was '' before)	0	WINDOWSS
2025-05-13 10:59:41	debug		Debug	Debug: **Writing configuration data needed	0	WINDOWSS
2025-05-13 10:59:41	debug		Debug	Debug: **Writing stat data not needed (no change)	0	WINDOWSS
2025-05-13 10:59:41	debug		Debug	Debug: *19 INFO: Requested operation successfully done	0	WINDOWSS
========================================
multiotp 5.9.9.1
Your script is running from C:\multiOTP\.\
2025-05-13 11:00:39	debug		System	Debug: **ReadConfigData, stat value for create_host was WINDOWSS	0	WINDOWSS
2025-05-13 11:00:39	debug		System	Debug: **ReadConfigData, stat value for create_time was 1747126430	0	WINDOWSS
2025-05-13 11:00:39	debug		System	Debug: **ReadConfigData, stat value for last_update was 1747126430	0	WINDOWSS
2025-05-13 11:00:39	debug		System	Debug: **ReadConfigData, stat value for last_update_host was WINDOWSS	0	WINDOWSS
2025-05-13 11:00:39	debug		System	Debug: **ReadConfigData, stat value for encryption_hash was 99CCFC0D033729754B6BB4832FE786A1	0	WINDOWSS
2025-05-13 11:00:39	debug		System	Debug: **ReadConfigData, stat value for create_host was WINDOWSS	0	WINDOWSS
2025-05-13 11:00:39	debug		System	Debug: **ReadConfigData, stat value for create_time was 1747126430	0	WINDOWSS
2025-05-13 11:00:39	debug		System	Debug: **ReadConfigData, stat value for last_update was 1747126430	0	WINDOWSS
2025-05-13 11:00:39	debug		System	Debug: **ReadConfigData, stat value for last_update_host was WINDOWSS	0	WINDOWSS
2025-05-13 11:00:39	debug		System	Debug: **ReadConfigData, stat value for encryption_hash was 99CCFC0D033729754B6BB4832FE786A1	0	WINDOWSS
2025-05-13 11:00:39	debug		Debug	Debug: **New configuration value for last_update: '1747126430' (was '1747126781' before)	0	WINDOWSS
2025-05-13 11:00:39	debug		Debug	Debug: **Writing configuration data needed	0	WINDOWSS
2025-05-13 11:00:39	debug		Debug	Debug: **Writing stat data not needed (no change)	0	WINDOWSS
2025-05-13 11:00:39	debug		Debug	Debug: *19 INFO: Requested operation successfully done	0	WINDOWSS
========================================
multiotp 5.9.9.1
Your script is running from C:\multiOTP\.\
2025-05-13 11:08:58	debug		System	Debug: **ReadConfigData, stat value for create_host was WINDOWSS	0	WINDOWSS
2025-05-13 11:08:58	debug		System	Debug: **ReadConfigData, stat value for create_time was 1747126430	0	WINDOWSS
2025-05-13 11:08:58	debug		System	Debug: **ReadConfigData, stat value for last_update was 1747126430	0	WINDOWSS
2025-05-13 11:08:58	debug		System	Debug: **ReadConfigData, stat value for last_update_host was WINDOWSS	0	WINDOWSS
2025-05-13 11:08:58	debug		System	Debug: **ReadConfigData, stat value for encryption_hash was 99CCFC0D033729754B6BB4832FE786A1	0	WINDOWSS
2025-05-13 11:08:58	debug		System	Debug: **ReadConfigData, stat value for create_host was WINDOWSS	0	WINDOWSS
2025-05-13 11:08:58	debug		System	Debug: **ReadConfigData, stat value for create_time was 1747126430	0	WINDOWSS
2025-05-13 11:08:58	debug		System	Debug: **ReadConfigData, stat value for last_update was 1747126430	0	WINDOWSS
2025-05-13 11:08:58	debug		System	Debug: **ReadConfigData, stat value for last_update_host was WINDOWSS	0	WINDOWSS
2025-05-13 11:08:59	debug		System	Debug: **ReadConfigData, stat value for encryption_hash was 99CCFC0D033729754B6BB4832FE786A1	0	WINDOWSS
2025-05-13 11:08:59	debug		LDAP	Debug: *AD/LDAP synchronization started at 11:08:59 / Memory used: 14.6MB / Peak: 27.2MB	0	WINDOWSS
2025-05-13 11:08:59	info		LDAP	Info: AD/LDAP synchronization started	0	WINDOWSS
2025-05-13 11:08:59	debug		System	Debug: *LDAP cache folder created (C:\Users\ADMINI~1\AppData\Local\Temp\.ldap_cache/)	0	WINDOWSS
2025-05-13 11:08:59	debug		System	Debug: *LDAP cache folder value: C:\Users\ADMINI~1\AppData\Local\Temp\.ldap_cache/	0	WINDOWSS
2025-05-13 11:08:59	warning		LDAP	Error: FATAL: AD bind failed. Check the login credentials (-1: Can't contact LDAP server).	0	WINDOWSS
2025-05-13 11:08:59	debug		Debug	Debug: *99 ERROR: Authentication failed (and other possible unknown errors)	0	WINDOWSS
2025-05-13 11:08:59	debug		Debug	Debug: *Attributes sent to the RADIUS server: Reply-Message := "ERROR: Authentication failed (and other possible unknown errors)"	0	WINDOWSS
========================================
multiotp 5.9.9.1
Your script is running from C:\multiOTP\.\
2025-05-13 11:09:54	debug		System	Debug: **ReadConfigData, stat value for create_host was WINDOWSS	0	WINDOWSS
2025-05-13 11:09:54	debug		System	Debug: **ReadConfigData, stat value for create_time was 1747126430	0	WINDOWSS
2025-05-13 11:09:54	debug		System	Debug: **ReadConfigData, stat value for last_update was 1747126430	0	WINDOWSS
2025-05-13 11:09:54	debug		System	Debug: **ReadConfigData, stat value for last_update_host was WINDOWSS	0	WINDOWSS
2025-05-13 11:09:54	debug		System	Debug: **ReadConfigData, stat value for encryption_hash was 99CCFC0D033729754B6BB4832FE786A1	0	WINDOWSS
2025-05-13 11:09:54	debug		System	Debug: **ReadConfigData, stat value for create_host was WINDOWSS	0	WINDOWSS
2025-05-13 11:09:54	debug		System	Debug: **ReadConfigData, stat value for create_time was 1747126430	0	WINDOWSS
2025-05-13 11:09:54	debug		System	Debug: **ReadConfigData, stat value for last_update was 1747126430	0	WINDOWSS
2025-05-13 11:09:54	debug		System	Debug: **ReadConfigData, stat value for last_update_host was WINDOWSS	0	WINDOWSS
2025-05-13 11:09:54	debug		System	Debug: **ReadConfigData, stat value for encryption_hash was 99CCFC0D033729754B6BB4832FE786A1	0	WINDOWSS
2025-05-13 11:09:54	debug		Debug	Debug: *30 ERROR: At least one parameter is missing	0	WINDOWSS
2025-05-13 11:09:54	debug		Debug	Debug: *Attributes sent to the RADIUS server: Reply-Message := "ERROR: At least one parameter is missing"	0	WINDOWSS
========================================
multiotp 5.9.9.1
Your script is running from C:\multiOTP\.\
2025-05-13 11:10:13	debug		System	Debug: **ReadConfigData, stat value for create_host was WINDOWSS	0	WINDOWSS
2025-05-13 11:10:13	debug		System	Debug: **ReadConfigData, stat value for create_time was 1747126430	0	WINDOWSS
2025-05-13 11:10:13	debug		System	Debug: **ReadConfigData, stat value for last_update was 1747126430	0	WINDOWSS
2025-05-13 11:10:13	debug		System	Debug: **ReadConfigData, stat value for last_update_host was WINDOWSS	0	WINDOWSS
2025-05-13 11:10:13	debug		System	Debug: **ReadConfigData, stat value for encryption_hash was 99CCFC0D033729754B6BB4832FE786A1	0	WINDOWSS
2025-05-13 11:10:13	debug		System	Debug: **ReadConfigData, stat value for create_host was WINDOWSS	0	WINDOWSS
2025-05-13 11:10:13	debug		System	Debug: **ReadConfigData, stat value for create_time was 1747126430	0	WINDOWSS
2025-05-13 11:10:13	debug		System	Debug: **ReadConfigData, stat value for last_update was 1747126430	0	WINDOWSS
2025-05-13 11:10:13	debug		System	Debug: **ReadConfigData, stat value for last_update_host was WINDOWSS	0	WINDOWSS
2025-05-13 11:10:13	debug		System	Debug: **ReadConfigData, stat value for encryption_hash was 99CCFC0D033729754B6BB4832FE786A1	0	WINDOWSS
2025-05-13 11:10:13	debug		LDAP	Debug: *AD/LDAP synchronization started at 11:10:13 / Memory used: 14.6MB / Peak: 27.2MB	0	WINDOWSS
2025-05-13 11:10:13	info		LDAP	Info: AD/LDAP synchronization started	0	WINDOWSS
2025-05-13 11:10:13	debug		System	Debug: *LDAP cache folder value: C:\Users\ADMINI~1\AppData\Local\Temp\.ldap_cache/	0	WINDOWSS
2025-05-13 11:10:13	warning		LDAP	Error: FATAL: AD bind failed. Check the login credentials (-1: Can't contact LDAP server).	0	WINDOWSS
2025-05-13 11:10:13	debug		Debug	Debug: *99 ERROR: Authentication failed (and other possible unknown errors)	0	WINDOWSS
2025-05-13 11:10:13	debug		Debug	Debug: *Attributes sent to the RADIUS server: Reply-Message := "ERROR: Authentication failed (and other possible unknown errors)"	0	WINDOWSS
========================================
multiotp 5.9.9.1
Your script is running from C:\multiOTP\.\
2025-05-13 11:12:37	debug		System	Debug: **ReadConfigData, stat value for create_host was WINDOWSS	0	WINDOWSS
2025-05-13 11:12:37	debug		System	Debug: **ReadConfigData, stat value for create_time was 1747126430	0	WINDOWSS
2025-05-13 11:12:37	debug		System	Debug: **ReadConfigData, stat value for last_update was 1747126430	0	WINDOWSS
2025-05-13 11:12:37	debug		System	Debug: **ReadConfigData, stat value for last_update_host was WINDOWSS	0	WINDOWSS
2025-05-13 11:12:37	debug		System	Debug: **ReadConfigData, stat value for encryption_hash was 99CCFC0D033729754B6BB4832FE786A1	0	WINDOWSS
2025-05-13 11:12:37	debug		System	Debug: **ReadConfigData, stat value for create_host was WINDOWSS	0	WINDOWSS
2025-05-13 11:12:37	debug		System	Debug: **ReadConfigData, stat value for create_time was 1747126430	0	WINDOWSS
2025-05-13 11:12:37	debug		System	Debug: **ReadConfigData, stat value for last_update was 1747126430	0	WINDOWSS
2025-05-13 11:12:37	debug		System	Debug: **ReadConfigData, stat value for last_update_host was WINDOWSS	0	WINDOWSS
2025-05-13 11:12:38	debug		System	Debug: **ReadConfigData, stat value for encryption_hash was 99CCFC0D033729754B6BB4832FE786A1	0	WINDOWSS
2025-05-13 11:12:38	debug		Debug	Debug: **New configuration value for last_update: '1747126430' (was '1747126839' before)	0	WINDOWSS
2025-05-13 11:12:38	debug		Debug	Debug: **Writing configuration data needed	0	WINDOWSS
2025-05-13 11:12:38	debug		Debug	Debug: **Writing stat data not needed (no change)	0	WINDOWSS
2025-05-13 11:12:38	debug		Debug	Debug: *19 INFO: Requested operation successfully done	0	WINDOWSS
========================================
multiotp 5.9.9.1
Your script is running from C:\multiOTP\.\
2025-05-13 11:12:50	debug		System	Debug: **ReadConfigData, stat value for create_host was WINDOWSS	0	WINDOWSS
2025-05-13 11:12:50	debug		System	Debug: **ReadConfigData, stat value for create_time was 1747126430	0	WINDOWSS
2025-05-13 11:12:50	debug		System	Debug: **ReadConfigData, stat value for last_update was 1747126430	0	WINDOWSS
2025-05-13 11:12:50	debug		System	Debug: **ReadConfigData, stat value for last_update_host was WINDOWSS	0	WINDOWSS
2025-05-13 11:12:50	debug		System	Debug: **ReadConfigData, stat value for encryption_hash was 99CCFC0D033729754B6BB4832FE786A1	0	WINDOWSS
2025-05-13 11:12:50	debug		System	Debug: **ReadConfigData, stat value for create_host was WINDOWSS	0	WINDOWSS
2025-05-13 11:12:50	debug		System	Debug: **ReadConfigData, stat value for create_time was 1747126430	0	WINDOWSS
2025-05-13 11:12:50	debug		System	Debug: **ReadConfigData, stat value for last_update was 1747126430	0	WINDOWSS
2025-05-13 11:12:50	debug		System	Debug: **ReadConfigData, stat value for last_update_host was WINDOWSS	0	WINDOWSS
2025-05-13 11:12:50	debug		System	Debug: **ReadConfigData, stat value for encryption_hash was 99CCFC0D033729754B6BB4832FE786A1	0	WINDOWSS
2025-05-13 11:12:50	debug		LDAP	Debug: *AD/LDAP synchronization started at 11:12:50 / Memory used: 14.6MB / Peak: 27.2MB	0	WINDOWSS
2025-05-13 11:12:50	info		LDAP	Info: AD/LDAP synchronization started	0	WINDOWSS
2025-05-13 11:12:50	debug		System	Debug: *LDAP cache folder value: C:\Users\ADMINI~1\AppData\Local\Temp\.ldap_cache/	0	WINDOWSS
2025-05-13 11:12:50	warning		LDAP	Error: FATAL: AD bind failed. Check the login credentials (-1: Can't contact LDAP server).	0	WINDOWSS
2025-05-13 11:12:50	debug		Debug	Debug: *99 ERROR: Authentication failed (and other possible unknown errors)	0	WINDOWSS
2025-05-13 11:12:50	debug		Debug	Debug: *Attributes sent to the RADIUS server: Reply-Message := "ERROR: Authentication failed (and other possible unknown errors)"	0	WINDOWSS
========================================
multiotp 5.9.9.1
Your script is running from C:\multiOTP\.\
2025-05-13 11:14:00	debug		System	Debug: **ReadConfigData, stat value for create_host was WINDOWSS	0	WINDOWSS
2025-05-13 11:14:00	debug		System	Debug: **ReadConfigData, stat value for create_time was 1747126430	0	WINDOWSS
2025-05-13 11:14:00	debug		System	Debug: **ReadConfigData, stat value for last_update was 1747126430	0	WINDOWSS
2025-05-13 11:14:00	debug		System	Debug: **ReadConfigData, stat value for last_update_host was WINDOWSS	0	WINDOWSS
2025-05-13 11:14:00	debug		System	Debug: **ReadConfigData, stat value for encryption_hash was 99CCFC0D033729754B6BB4832FE786A1	0	WINDOWSS
2025-05-13 11:14:00	debug		System	Debug: **ReadConfigData, stat value for create_host was WINDOWSS	0	WINDOWSS
2025-05-13 11:14:00	debug		System	Debug: **ReadConfigData, stat value for create_time was 1747126430	0	WINDOWSS
2025-05-13 11:14:00	debug		System	Debug: **ReadConfigData, stat value for last_update was 1747126430	0	WINDOWSS
2025-05-13 11:14:00	debug		System	Debug: **ReadConfigData, stat value for last_update_host was WINDOWSS	0	WINDOWSS
2025-05-13 11:14:00	debug		System	Debug: **ReadConfigData, stat value for encryption_hash was 99CCFC0D033729754B6BB4832FE786A1	0	WINDOWSS
2025-05-13 11:14:00	debug		Debug	Debug: **New configuration value for last_update: '1747126430' (was '1747127558' before)	0	WINDOWSS
2025-05-13 11:14:00	debug		Debug	Debug: **Writing configuration data needed	0	WINDOWSS
2025-05-13 11:14:00	debug		Debug	Debug: **Writing stat data not needed (no change)	0	WINDOWSS
2025-05-13 11:14:00	debug		Debug	Debug: *19 INFO: Requested operation successfully done	0	WINDOWSS
========================================
multiotp 5.9.9.1
Your script is running from C:\multiOTP\.\
2025-05-13 11:14:06	debug		System	Debug: **ReadConfigData, stat value for create_host was WINDOWSS	0	WINDOWSS
2025-05-13 11:14:06	debug		System	Debug: **ReadConfigData, stat value for create_time was 1747126430	0	WINDOWSS
2025-05-13 11:14:06	debug		System	Debug: **ReadConfigData, stat value for last_update was 1747126430	0	WINDOWSS
2025-05-13 11:14:06	debug		System	Debug: **ReadConfigData, stat value for last_update_host was WINDOWSS	0	WINDOWSS
2025-05-13 11:14:06	debug		System	Debug: **ReadConfigData, stat value for encryption_hash was 99CCFC0D033729754B6BB4832FE786A1	0	WINDOWSS
2025-05-13 11:14:06	debug		System	Debug: **ReadConfigData, stat value for create_host was WINDOWSS	0	WINDOWSS
2025-05-13 11:14:06	debug		System	Debug: **ReadConfigData, stat value for create_time was 1747126430	0	WINDOWSS
2025-05-13 11:14:06	debug		System	Debug: **ReadConfigData, stat value for last_update was 1747126430	0	WINDOWSS
2025-05-13 11:14:06	debug		System	Debug: **ReadConfigData, stat value for last_update_host was WINDOWSS	0	WINDOWSS
2025-05-13 11:14:06	debug		System	Debug: **ReadConfigData, stat value for encryption_hash was 99CCFC0D033729754B6BB4832FE786A1	0	WINDOWSS
2025-05-13 11:14:06	debug		LDAP	Debug: *AD/LDAP synchronization started at 11:14:06 / Memory used: 14.6MB / Peak: 27.2MB	0	WINDOWSS
2025-05-13 11:14:06	info		LDAP	Info: AD/LDAP synchronization started	0	WINDOWSS
2025-05-13 11:14:06	debug		System	Debug: *LDAP cache folder value: C:\Users\ADMINI~1\AppData\Local\Temp\.ldap_cache/	0	WINDOWSS
2025-05-13 11:14:06	warning		LDAP	Error: FATAL: AD bind failed. Check the login credentials (-1: Can't contact LDAP server).	0	WINDOWSS
2025-05-13 11:14:06	debug		Debug	Debug: *99 ERROR: Authentication failed (and other possible unknown errors)	0	WINDOWSS
2025-05-13 11:14:06	debug		Debug	Debug: *Attributes sent to the RADIUS server: Reply-Message := "ERROR: Authentication failed (and other possible unknown errors)"	0	WINDOWSS
========================================
multiotp 5.9.9.1
Your script is running from C:\multiOTP\.\
2025-05-13 11:15:11	debug		System	Debug: **ReadConfigData, stat value for create_host was WINDOWSS	0	WINDOWSS
2025-05-13 11:15:11	debug		System	Debug: **ReadConfigData, stat value for create_time was 1747126430	0	WINDOWSS
2025-05-13 11:15:11	debug		System	Debug: **ReadConfigData, stat value for last_update was 1747126430	0	WINDOWSS
2025-05-13 11:15:11	debug		System	Debug: **ReadConfigData, stat value for last_update_host was WINDOWSS	0	WINDOWSS
2025-05-13 11:15:11	debug		System	Debug: **ReadConfigData, stat value for encryption_hash was 99CCFC0D033729754B6BB4832FE786A1	0	WINDOWSS
2025-05-13 11:15:11	debug		System	Debug: **ReadConfigData, stat value for create_host was WINDOWSS	0	WINDOWSS
2025-05-13 11:15:11	debug		System	Debug: **ReadConfigData, stat value for create_time was 1747126430	0	WINDOWSS
2025-05-13 11:15:11	debug		System	Debug: **ReadConfigData, stat value for last_update was 1747126430	0	WINDOWSS
2025-05-13 11:15:11	debug		System	Debug: **ReadConfigData, stat value for last_update_host was WINDOWSS	0	WINDOWSS
2025-05-13 11:15:11	debug		System	Debug: **ReadConfigData, stat value for encryption_hash was 99CCFC0D033729754B6BB4832FE786A1	0	WINDOWSS
2025-05-13 11:15:11	debug		LDAP	Debug: *AD/LDAP synchronization started at 11:15:11 / Memory used: 14.6MB / Peak: 27.2MB	0	WINDOWSS
2025-05-13 11:15:11	info		LDAP	Info: AD/LDAP synchronization started	0	WINDOWSS
2025-05-13 11:15:11	debug		System	Debug: *LDAP cache folder value: C:\Users\ADMINI~1\AppData\Local\Temp\.ldap_cache/	0	WINDOWSS
2025-05-13 11:15:11	debug		System	Info: *File created: C:\multiOTP\.\users\pepin.db	1	WINDOWSS
2025-05-13 11:15:11	info		System	Info: User pepin automatically created	1	WINDOWSS
2025-05-13 11:15:11	info		LDAP	Info: 1 user created, based on 1 LDAP entries (processed in 00:00:00)	0	WINDOWSS
2025-05-13 11:15:11	debug		Debug	Debug: *19 INFO: Requested operation successfully done	0	WINDOWSS
========================================
multiotp 5.9.9.1
Your script is running from C:\multiotp\
2025-05-13 11:15:36	debug		System	Debug: **ReadConfigData, stat value for create_host was WINDOWSS	0	WINDOWSS
2025-05-13 11:15:36	debug		System	Debug: **ReadConfigData, stat value for create_time was 1747126430	0	WINDOWSS
2025-05-13 11:15:36	debug		System	Debug: **ReadConfigData, stat value for last_update was 1747126430	0	WINDOWSS
2025-05-13 11:15:36	debug		System	Debug: **ReadConfigData, stat value for last_update_host was WINDOWSS	0	WINDOWSS
2025-05-13 11:15:36	debug		System	Debug: **ReadConfigData, stat value for encryption_hash was 99CCFC0D033729754B6BB4832FE786A1	0	WINDOWSS
2025-05-13 11:15:36	debug		System	Debug: **ReadConfigData, stat value for create_host was WINDOWSS	0	WINDOWSS
2025-05-13 11:15:36	debug		System	Debug: **ReadConfigData, stat value for create_time was 1747126430	0	WINDOWSS
2025-05-13 11:15:36	debug		System	Debug: **ReadConfigData, stat value for last_update was 1747126430	0	WINDOWSS
2025-05-13 11:15:36	debug		System	Debug: **ReadConfigData, stat value for last_update_host was WINDOWSS	0	WINDOWSS
2025-05-13 11:15:36	debug		System	Debug: **ReadConfigData, stat value for encryption_hash was 99CCFC0D033729754B6BB4832FE786A1	0	WINDOWSS
2025-05-13 11:15:36	debug		Debug	Debug: **New configuration value to write in stat for anonymous_stat_last_update: '1747127736' (was '0' before)	0	WINDOWSS
2025-05-13 11:15:36	debug		Debug	Debug: **New configuration value for anonymous_stat_last_update: '1747127736' (was '0' before)	0	WINDOWSS
2025-05-13 11:15:36	debug		Debug	Debug: **New configuration value for last_update: '1747126430' (was '1747127640' before)	0	WINDOWSS
2025-05-13 11:15:36	debug		Debug	Debug: **Writing configuration data needed	0	WINDOWSS
2025-05-13 11:15:36	debug		Debug	Debug: **New stat value for anonymous_stat_last_update: '1747127736' (was '0' before)	0	WINDOWSS
2025-05-13 11:15:36	debug		Debug	Debug: **Writing stat data needed	0	WINDOWSS
2025-05-13 11:15:36	info		System	Info: Send anonymous weekly stats (stats can be disabled)	0	WINDOWSS
========================================
multiotp 5.9.9.1
Your script is running from C:\multiotp\
2025-05-13 11:15:38	debug		System	Debug: **ReadConfigData, stat value for anonymous_stat_last_update was 1747127736	0	WINDOWSS
2025-05-13 11:15:38	debug		System	Debug: **ReadConfigData, stat value for create_host was WINDOWSS	0	WINDOWSS
2025-05-13 11:15:38	debug		System	Debug: **ReadConfigData, stat value for create_time was 1747126430	0	WINDOWSS
2025-05-13 11:15:38	debug		System	Debug: **ReadConfigData, stat value for last_update was 1747127736	0	WINDOWSS
2025-05-13 11:15:38	debug		System	Debug: **ReadConfigData, stat value for last_update_host was WINDOWSS	0	WINDOWSS
2025-05-13 11:15:38	debug		System	Debug: **ReadConfigData, stat value for encryption_hash was 99CCFC0D033729754B6BB4832FE786A1	0	WINDOWSS
2025-05-13 11:15:38	debug		System	Debug: **ReadConfigData, stat value for anonymous_stat_last_update was 1747127736	0	WINDOWSS
2025-05-13 11:15:38	debug		System	Debug: **ReadConfigData, stat value for create_host was WINDOWSS	0	WINDOWSS
2025-05-13 11:15:38	debug		System	Debug: **ReadConfigData, stat value for create_time was 1747126430	0	WINDOWSS
2025-05-13 11:15:38	debug		System	Debug: **ReadConfigData, stat value for last_update was 1747127736	0	WINDOWSS
2025-05-13 11:15:38	debug		System	Debug: **ReadConfigData, stat value for last_update_host was WINDOWSS	0	WINDOWSS
2025-05-13 11:15:38	debug		System	Debug: **ReadConfigData, stat value for encryption_hash was 99CCFC0D033729754B6BB4832FE786A1	0	WINDOWSS
2025-05-13 11:15:38	debug		Debug	Debug: **New configuration value for admin_password_hash: 'aa857df6b3c8d1402323bd232e735d6c' (was '' before)	0	WINDOWSS
2025-05-13 11:15:38	debug		Debug	Debug: **Writing configuration data needed	0	WINDOWSS
2025-05-13 11:15:38	debug		Debug	Debug: **Writing stat data not needed (no change)	0	WINDOWSS
========================================
multiotp 5.9.9.1
Your script is running from C:\multiotp\
2025-05-13 11:15:38	debug		System	Debug: **ReadConfigData, stat value for anonymous_stat_last_update was 1747127736	0	WINDOWSS
2025-05-13 11:15:38	debug		System	Debug: **ReadConfigData, stat value for create_host was WINDOWSS	0	WINDOWSS
2025-05-13 11:15:38	debug		System	Debug: **ReadConfigData, stat value for create_time was 1747126430	0	WINDOWSS
2025-05-13 11:15:38	debug		System	Debug: **ReadConfigData, stat value for last_update was 1747127736	0	WINDOWSS
2025-05-13 11:15:38	debug		System	Debug: **ReadConfigData, stat value for last_update_host was WINDOWSS	0	WINDOWSS
2025-05-13 11:15:38	debug		System	Debug: **ReadConfigData, stat value for encryption_hash was 99CCFC0D033729754B6BB4832FE786A1	0	WINDOWSS
2025-05-13 11:15:38	debug		System	Debug: **ReadConfigData, stat value for anonymous_stat_last_update was 1747127736	0	WINDOWSS
2025-05-13 11:15:38	debug		System	Debug: **ReadConfigData, stat value for create_host was WINDOWSS	0	WINDOWSS
2025-05-13 11:15:38	debug		System	Debug: **ReadConfigData, stat value for create_time was 1747126430	0	WINDOWSS
2025-05-13 11:15:38	debug		System	Debug: **ReadConfigData, stat value for last_update was 1747127736	0	WINDOWSS
2025-05-13 11:15:38	debug		System	Debug: **ReadConfigData, stat value for last_update_host was WINDOWSS	0	WINDOWSS
2025-05-13 11:15:38	debug		System	Debug: **ReadConfigData, stat value for encryption_hash was 99CCFC0D033729754B6BB4832FE786A1	0	WINDOWSS
========================================
multiotp 5.9.9.1
Your script is running from C:\multiotp\
2025-05-13 11:15:38	debug		System	Debug: **ReadConfigData, stat value for anonymous_stat_last_update was 1747127736	0	WINDOWSS
2025-05-13 11:15:38	debug		System	Debug: **ReadConfigData, stat value for create_host was WINDOWSS	0	WINDOWSS
2025-05-13 11:15:38	debug		System	Debug: **ReadConfigData, stat value for create_time was 1747126430	0	WINDOWSS
2025-05-13 11:15:38	debug		System	Debug: **ReadConfigData, stat value for last_update was 1747127736	0	WINDOWSS
2025-05-13 11:15:38	debug		System	Debug: **ReadConfigData, stat value for last_update_host was WINDOWSS	0	WINDOWSS
2025-05-13 11:15:38	debug		System	Debug: **ReadConfigData, stat value for encryption_hash was 99CCFC0D033729754B6BB4832FE786A1	0	WINDOWSS
2025-05-13 11:15:38	debug		System	Debug: **ReadConfigData, stat value for anonymous_stat_last_update was 1747127736	0	WINDOWSS
2025-05-13 11:15:38	debug		System	Debug: **ReadConfigData, stat value for create_host was WINDOWSS	0	WINDOWSS
2025-05-13 11:15:38	debug		System	Debug: **ReadConfigData, stat value for create_time was 1747126430	0	WINDOWSS
2025-05-13 11:15:38	debug		System	Debug: **ReadConfigData, stat value for last_update was 1747127736	0	WINDOWSS
2025-05-13 11:15:38	debug		System	Debug: **ReadConfigData, stat value for last_update_host was WINDOWSS	0	WINDOWSS
2025-05-13 11:15:38	debug		System	Debug: **ReadConfigData, stat value for encryption_hash was 99CCFC0D033729754B6BB4832FE786A1	0	WINDOWSS
========================================
multiotp 5.9.9.1
Your script is running from C:\multiotp\
2025-05-13 11:15:38	debug		System	Debug: **ReadConfigData, stat value for anonymous_stat_last_update was 1747127736	0	WINDOWSS
2025-05-13 11:15:38	debug		System	Debug: **ReadConfigData, stat value for create_host was WINDOWSS	0	WINDOWSS
2025-05-13 11:15:38	debug		System	Debug: **ReadConfigData, stat value for create_time was 1747126430	0	WINDOWSS
2025-05-13 11:15:38	debug		System	Debug: **ReadConfigData, stat value for last_update was 1747127736	0	WINDOWSS
2025-05-13 11:15:38	debug		System	Debug: **ReadConfigData, stat value for last_update_host was WINDOWSS	0	WINDOWSS
2025-05-13 11:15:38	debug		System	Debug: **ReadConfigData, stat value for encryption_hash was 99CCFC0D033729754B6BB4832FE786A1	0	WINDOWSS
2025-05-13 11:15:38	debug		System	Debug: **ReadConfigData, stat value for anonymous_stat_last_update was 1747127736	0	WINDOWSS
2025-05-13 11:15:38	debug		System	Debug: **ReadConfigData, stat value for create_host was WINDOWSS	0	WINDOWSS
2025-05-13 11:15:38	debug		System	Debug: **ReadConfigData, stat value for create_time was 1747126430	0	WINDOWSS
2025-05-13 11:15:38	debug		System	Debug: **ReadConfigData, stat value for last_update was 1747127736	0	WINDOWSS
2025-05-13 11:15:38	debug		System	Debug: **ReadConfigData, stat value for last_update_host was WINDOWSS	0	WINDOWSS
2025-05-13 11:15:38	debug		System	Debug: **ReadConfigData, stat value for encryption_hash was 99CCFC0D033729754B6BB4832FE786A1	0	WINDOWSS
========================================
multiotp 5.9.9.1
Your script is running from C:\multiotp\
2025-05-13 11:15:38	debug		System	Debug: **ReadConfigData, stat value for anonymous_stat_last_update was 1747127736	0	WINDOWSS
2025-05-13 11:15:38	debug		System	Debug: **ReadConfigData, stat value for create_host was WINDOWSS	0	WINDOWSS
2025-05-13 11:15:38	debug		System	Debug: **ReadConfigData, stat value for create_time was 1747126430	0	WINDOWSS
2025-05-13 11:15:38	debug		System	Debug: **ReadConfigData, stat value for last_update was 1747127736	0	WINDOWSS
2025-05-13 11:15:38	debug		System	Debug: **ReadConfigData, stat value for last_update_host was WINDOWSS	0	WINDOWSS
2025-05-13 11:15:38	debug		System	Debug: **ReadConfigData, stat value for encryption_hash was 99CCFC0D033729754B6BB4832FE786A1	0	WINDOWSS
2025-05-13 11:15:38	debug		System	Debug: **ReadConfigData, stat value for anonymous_stat_last_update was 1747127736	0	WINDOWSS
2025-05-13 11:15:38	debug		System	Debug: **ReadConfigData, stat value for create_host was WINDOWSS	0	WINDOWSS
2025-05-13 11:15:38	debug		System	Debug: **ReadConfigData, stat value for create_time was 1747126430	0	WINDOWSS
2025-05-13 11:15:38	debug		System	Debug: **ReadConfigData, stat value for last_update was 1747127736	0	WINDOWSS
2025-05-13 11:15:38	debug		System	Debug: **ReadConfigData, stat value for last_update_host was WINDOWSS	0	WINDOWSS
2025-05-13 11:15:38	debug		System	Debug: **ReadConfigData, stat value for encryption_hash was 99CCFC0D033729754B6BB4832FE786A1	0	WINDOWSS
========================================
multiotp 5.9.9.1
Your script is running from C:\multiotp\
2025-05-13 11:15:39	debug		System	Debug: **ReadConfigData, stat value for anonymous_stat_last_update was 1747127736	0	WINDOWSS
2025-05-13 11:15:39	debug		System	Debug: **ReadConfigData, stat value for create_host was WINDOWSS	0	WINDOWSS
2025-05-13 11:15:39	debug		System	Debug: **ReadConfigData, stat value for create_time was 1747126430	0	WINDOWSS
2025-05-13 11:15:39	debug		System	Debug: **ReadConfigData, stat value for last_update was 1747127736	0	WINDOWSS
2025-05-13 11:15:39	debug		System	Debug: **ReadConfigData, stat value for last_update_host was WINDOWSS	0	WINDOWSS
2025-05-13 11:15:39	debug		System	Debug: **ReadConfigData, stat value for encryption_hash was 99CCFC0D033729754B6BB4832FE786A1	0	WINDOWSS
2025-05-13 11:15:39	debug		System	Debug: **ReadConfigData, stat value for anonymous_stat_last_update was 1747127736	0	WINDOWSS
2025-05-13 11:15:39	debug		System	Debug: **ReadConfigData, stat value for create_host was WINDOWSS	0	WINDOWSS
2025-05-13 11:15:39	debug		System	Debug: **ReadConfigData, stat value for create_time was 1747126430	0	WINDOWSS
2025-05-13 11:15:39	debug		System	Debug: **ReadConfigData, stat value for last_update was 1747127736	0	WINDOWSS
2025-05-13 11:15:39	debug		System	Debug: **ReadConfigData, stat value for last_update_host was WINDOWSS	0	WINDOWSS
2025-05-13 11:15:39	debug		System	Debug: **ReadConfigData, stat value for encryption_hash was 99CCFC0D033729754B6BB4832FE786A1	0	WINDOWSS
========================================
multiotp 5.9.9.1
Your script is running from C:\multiotp\
2025-05-13 11:15:43	debug		System	Debug: **ReadConfigData, stat value for anonymous_stat_last_update was 1747127736	0	WINDOWSS
2025-05-13 11:15:43	debug		System	Debug: **ReadConfigData, stat value for create_host was WINDOWSS	0	WINDOWSS
2025-05-13 11:15:43	debug		System	Debug: **ReadConfigData, stat value for create_time was 1747126430	0	WINDOWSS
2025-05-13 11:15:43	debug		System	Debug: **ReadConfigData, stat value for last_update was 1747127736	0	WINDOWSS
2025-05-13 11:15:43	debug		System	Debug: **ReadConfigData, stat value for last_update_host was WINDOWSS	0	WINDOWSS
2025-05-13 11:15:43	debug		System	Debug: **ReadConfigData, stat value for encryption_hash was 99CCFC0D033729754B6BB4832FE786A1	0	WINDOWSS
2025-05-13 11:15:43	debug		System	Debug: **ReadConfigData, stat value for anonymous_stat_last_update was 1747127736	0	WINDOWSS
2025-05-13 11:15:43	debug		System	Debug: **ReadConfigData, stat value for create_host was WINDOWSS	0	WINDOWSS
2025-05-13 11:15:43	debug		System	Debug: **ReadConfigData, stat value for create_time was 1747126430	0	WINDOWSS
2025-05-13 11:15:43	debug		System	Debug: **ReadConfigData, stat value for last_update was 1747127736	0	WINDOWSS
2025-05-13 11:15:43	debug		System	Debug: **ReadConfigData, stat value for last_update_host was WINDOWSS	0	WINDOWSS
2025-05-13 11:15:43	debug		System	Debug: **ReadConfigData, stat value for encryption_hash was 99CCFC0D033729754B6BB4832FE786A1	0	WINDOWSS
========================================
multiotp 5.9.9.1
Your script is running from C:\multiotp\
2025-05-13 11:15:43	debug		System	Debug: **ReadConfigData, stat value for anonymous_stat_last_update was 1747127736	0	WINDOWSS
2025-05-13 11:15:43	debug		System	Debug: **ReadConfigData, stat value for create_host was WINDOWSS	0	WINDOWSS
2025-05-13 11:15:43	debug		System	Debug: **ReadConfigData, stat value for create_time was 1747126430	0	WINDOWSS
2025-05-13 11:15:43	debug		System	Debug: **ReadConfigData, stat value for last_update was 1747127736	0	WINDOWSS
2025-05-13 11:15:43	debug		System	Debug: **ReadConfigData, stat value for last_update_host was WINDOWSS	0	WINDOWSS
2025-05-13 11:15:43	debug		System	Debug: **ReadConfigData, stat value for encryption_hash was 99CCFC0D033729754B6BB4832FE786A1	0	WINDOWSS
2025-05-13 11:15:43	debug		System	Debug: **ReadConfigData, stat value for anonymous_stat_last_update was 1747127736	0	WINDOWSS
2025-05-13 11:15:43	debug		System	Debug: **ReadConfigData, stat value for create_host was WINDOWSS	0	WINDOWSS
2025-05-13 11:15:43	debug		System	Debug: **ReadConfigData, stat value for create_time was 1747126430	0	WINDOWSS
2025-05-13 11:15:43	debug		System	Debug: **ReadConfigData, stat value for last_update was 1747127736	0	WINDOWSS
2025-05-13 11:15:43	debug		System	Debug: **ReadConfigData, stat value for last_update_host was WINDOWSS	0	WINDOWSS
2025-05-13 11:15:43	debug		System	Debug: **ReadConfigData, stat value for encryption_hash was 99CCFC0D033729754B6BB4832FE786A1	0	WINDOWSS
========================================
multiotp 5.9.9.1
Your script is running from C:\multiotp\
2025-05-13 11:15:43	debug		System	Debug: **ReadConfigData, stat value for anonymous_stat_last_update was 1747127736	0	WINDOWSS
2025-05-13 11:15:43	debug		System	Debug: **ReadConfigData, stat value for create_host was WINDOWSS	0	WINDOWSS
2025-05-13 11:15:43	debug		System	Debug: **ReadConfigData, stat value for create_time was 1747126430	0	WINDOWSS
2025-05-13 11:15:43	debug		System	Debug: **ReadConfigData, stat value for last_update was 1747127736	0	WINDOWSS
2025-05-13 11:15:43	debug		System	Debug: **ReadConfigData, stat value for last_update_host was WINDOWSS	0	WINDOWSS
2025-05-13 11:15:43	debug		System	Debug: **ReadConfigData, stat value for encryption_hash was 99CCFC0D033729754B6BB4832FE786A1	0	WINDOWSS
2025-05-13 11:15:43	debug		System	Debug: **ReadConfigData, stat value for anonymous_stat_last_update was 1747127736	0	WINDOWSS
2025-05-13 11:15:43	debug		System	Debug: **ReadConfigData, stat value for create_host was WINDOWSS	0	WINDOWSS
2025-05-13 11:15:43	debug		System	Debug: **ReadConfigData, stat value for create_time was 1747126430	0	WINDOWSS
2025-05-13 11:15:43	debug		System	Debug: **ReadConfigData, stat value for last_update was 1747127736	0	WINDOWSS
2025-05-13 11:15:43	debug		System	Debug: **ReadConfigData, stat value for last_update_host was WINDOWSS	0	WINDOWSS
2025-05-13 11:15:43	debug		System	Debug: **ReadConfigData, stat value for encryption_hash was 99CCFC0D033729754B6BB4832FE786A1	0	WINDOWSS
========================================
multiotp 5.9.9.1
Your script is running from C:\multiotp\
2025-05-13 11:15:43	debug		System	Debug: **ReadConfigData, stat value for anonymous_stat_last_update was 1747127736	0	WINDOWSS
2025-05-13 11:15:43	debug		System	Debug: **ReadConfigData, stat value for create_host was WINDOWSS	0	WINDOWSS
2025-05-13 11:15:43	debug		System	Debug: **ReadConfigData, stat value for create_time was 1747126430	0	WINDOWSS
2025-05-13 11:15:43	debug		System	Debug: **ReadConfigData, stat value for last_update was 1747127736	0	WINDOWSS
2025-05-13 11:15:43	debug		System	Debug: **ReadConfigData, stat value for last_update_host was WINDOWSS	0	WINDOWSS
2025-05-13 11:15:43	debug		System	Debug: **ReadConfigData, stat value for encryption_hash was 99CCFC0D033729754B6BB4832FE786A1	0	WINDOWSS
2025-05-13 11:15:43	debug		System	Debug: **ReadConfigData, stat value for anonymous_stat_last_update was 1747127736	0	WINDOWSS
2025-05-13 11:15:43	debug		System	Debug: **ReadConfigData, stat value for create_host was WINDOWSS	0	WINDOWSS
2025-05-13 11:15:43	debug		System	Debug: **ReadConfigData, stat value for create_time was 1747126430	0	WINDOWSS
2025-05-13 11:15:43	debug		System	Debug: **ReadConfigData, stat value for last_update was 1747127736	0	WINDOWSS
2025-05-13 11:15:43	debug		System	Debug: **ReadConfigData, stat value for last_update_host was WINDOWSS	0	WINDOWSS
2025-05-13 11:15:43	debug		System	Debug: **ReadConfigData, stat value for encryption_hash was 99CCFC0D033729754B6BB4832FE786A1	0	WINDOWSS
========================================
multiotp 5.9.9.1
Your script is running from C:\multiotp\
2025-05-13 11:15:44	debug		System	Debug: **ReadConfigData, stat value for anonymous_stat_last_update was 1747127736	0	WINDOWSS
2025-05-13 11:15:44	debug		System	Debug: **ReadConfigData, stat value for create_host was WINDOWSS	0	WINDOWSS
2025-05-13 11:15:44	debug		System	Debug: **ReadConfigData, stat value for create_time was 1747126430	0	WINDOWSS
2025-05-13 11:15:44	debug		System	Debug: **ReadConfigData, stat value for last_update was 1747127736	0	WINDOWSS
2025-05-13 11:15:44	debug		System	Debug: **ReadConfigData, stat value for last_update_host was WINDOWSS	0	WINDOWSS
2025-05-13 11:15:44	debug		System	Debug: **ReadConfigData, stat value for encryption_hash was 99CCFC0D033729754B6BB4832FE786A1	0	WINDOWSS
2025-05-13 11:15:44	debug		System	Debug: **ReadConfigData, stat value for anonymous_stat_last_update was 1747127736	0	WINDOWSS
2025-05-13 11:15:44	debug		System	Debug: **ReadConfigData, stat value for create_host was WINDOWSS	0	WINDOWSS
2025-05-13 11:15:44	debug		System	Debug: **ReadConfigData, stat value for create_time was 1747126430	0	WINDOWSS
2025-05-13 11:15:44	debug		System	Debug: **ReadConfigData, stat value for last_update was 1747127736	0	WINDOWSS
2025-05-13 11:15:44	debug		System	Debug: **ReadConfigData, stat value for last_update_host was WINDOWSS	0	WINDOWSS
2025-05-13 11:15:44	debug		System	Debug: **ReadConfigData, stat value for encryption_hash was 99CCFC0D033729754B6BB4832FE786A1	0	WINDOWSS
========================================
multiotp 5.9.9.1
Your script is running from C:\multiotp\
2025-05-13 11:15:44	debug		System	Debug: **ReadConfigData, stat value for anonymous_stat_last_update was 1747127736	0	WINDOWSS
2025-05-13 11:15:44	debug		System	Debug: **ReadConfigData, stat value for create_host was WINDOWSS	0	WINDOWSS
2025-05-13 11:15:44	debug		System	Debug: **ReadConfigData, stat value for create_time was 1747126430	0	WINDOWSS
2025-05-13 11:15:44	debug		System	Debug: **ReadConfigData, stat value for last_update was 1747127736	0	WINDOWSS
2025-05-13 11:15:44	debug		System	Debug: **ReadConfigData, stat value for last_update_host was WINDOWSS	0	WINDOWSS
2025-05-13 11:15:44	debug		System	Debug: **ReadConfigData, stat value for encryption_hash was 99CCFC0D033729754B6BB4832FE786A1	0	WINDOWSS
2025-05-13 11:15:44	debug		System	Debug: **ReadConfigData, stat value for anonymous_stat_last_update was 1747127736	0	WINDOWSS
2025-05-13 11:15:44	debug		System	Debug: **ReadConfigData, stat value for create_host was WINDOWSS	0	WINDOWSS
2025-05-13 11:15:44	debug		System	Debug: **ReadConfigData, stat value for create_time was 1747126430	0	WINDOWSS
2025-05-13 11:15:44	debug		System	Debug: **ReadConfigData, stat value for last_update was 1747127736	0	WINDOWSS
2025-05-13 11:15:44	debug		System	Debug: **ReadConfigData, stat value for last_update_host was WINDOWSS	0	WINDOWSS
2025-05-13 11:15:44	debug		System	Debug: **ReadConfigData, stat value for encryption_hash was 99CCFC0D033729754B6BB4832FE786A1	0	WINDOWSS
========================================
multiotp 5.9.9.1
Your script is running from C:\multiotp\
2025-05-13 11:15:44	debug		System	Debug: **ReadConfigData, stat value for anonymous_stat_last_update was 1747127736	0	WINDOWSS
2025-05-13 11:15:44	debug		System	Debug: **ReadConfigData, stat value for create_host was WINDOWSS	0	WINDOWSS
2025-05-13 11:15:44	debug		System	Debug: **ReadConfigData, stat value for create_time was 1747126430	0	WINDOWSS
2025-05-13 11:15:44	debug		System	Debug: **ReadConfigData, stat value for last_update was 1747127736	0	WINDOWSS
2025-05-13 11:15:44	debug		System	Debug: **ReadConfigData, stat value for last_update_host was WINDOWSS	0	WINDOWSS
2025-05-13 11:15:44	debug		System	Debug: **ReadConfigData, stat value for encryption_hash was 99CCFC0D033729754B6BB4832FE786A1	0	WINDOWSS
2025-05-13 11:15:44	debug		System	Debug: **ReadConfigData, stat value for anonymous_stat_last_update was 1747127736	0	WINDOWSS
2025-05-13 11:15:44	debug		System	Debug: **ReadConfigData, stat value for create_host was WINDOWSS	0	WINDOWSS
2025-05-13 11:15:44	debug		System	Debug: **ReadConfigData, stat value for create_time was 1747126430	0	WINDOWSS
2025-05-13 11:15:44	debug		System	Debug: **ReadConfigData, stat value for last_update was 1747127736	0	WINDOWSS
2025-05-13 11:15:44	debug		System	Debug: **ReadConfigData, stat value for last_update_host was WINDOWSS	0	WINDOWSS
2025-05-13 11:15:44	debug		System	Debug: **ReadConfigData, stat value for encryption_hash was 99CCFC0D033729754B6BB4832FE786A1	0	WINDOWSS
========================================
multiotp 5.9.9.1
Your script is running from C:\multiOTP\.\
2025-05-13 11:16:26	debug		System	Debug: **ReadConfigData, stat value for anonymous_stat_last_update was 1747127736	0	WINDOWSS
2025-05-13 11:16:26	debug		System	Debug: **ReadConfigData, stat value for create_host was WINDOWSS	0	WINDOWSS
2025-05-13 11:16:26	debug		System	Debug: **ReadConfigData, stat value for create_time was 1747126430	0	WINDOWSS
2025-05-13 11:16:26	debug		System	Debug: **ReadConfigData, stat value for last_update was 1747127736	0	WINDOWSS
2025-05-13 11:16:26	debug		System	Debug: **ReadConfigData, stat value for last_update_host was WINDOWSS	0	WINDOWSS
2025-05-13 11:16:27	debug		System	Debug: **ReadConfigData, stat value for encryption_hash was 99CCFC0D033729754B6BB4832FE786A1	0	WINDOWSS
2025-05-13 11:16:27	debug		System	Debug: **ReadConfigData, stat value for anonymous_stat_last_update was 1747127736	0	WINDOWSS
2025-05-13 11:16:27	debug		System	Debug: **ReadConfigData, stat value for create_host was WINDOWSS	0	WINDOWSS
2025-05-13 11:16:27	debug		System	Debug: **ReadConfigData, stat value for create_time was 1747126430	0	WINDOWSS
2025-05-13 11:16:27	debug		System	Debug: **ReadConfigData, stat value for last_update was 1747127736	0	WINDOWSS
2025-05-13 11:16:27	debug		System	Debug: **ReadConfigData, stat value for last_update_host was WINDOWSS	0	WINDOWSS
2025-05-13 11:16:27	debug		System	Debug: **ReadConfigData, stat value for encryption_hash was 99CCFC0D033729754B6BB4832FE786A1	0	WINDOWSS
2025-05-13 11:16:27	debug		LDAP	Debug: *AD/LDAP synchronization started at 11:16:27 / Memory used: 14.6MB / Peak: 27.2MB	0	WINDOWSS
2025-05-13 11:16:27	info		LDAP	Info: AD/LDAP synchronization started	0	WINDOWSS
2025-05-13 11:16:27	debug		System	Debug: *LDAP cache folder value: C:\Users\ADMINI~1\AppData\Local\Temp\.ldap_cache/	0	WINDOWSS
2025-05-13 11:16:27	debug		System	Info: *File created: C:\multiOTP\.\users\josue.db	1	WINDOWSS
2025-05-13 11:16:27	info		System	Info: User josue automatically created	1	WINDOWSS
2025-05-13 11:16:27	info		LDAP	Info: 1 user created, based on 2 LDAP entries (processed in 00:00:00)	0	WINDOWSS
2025-05-13 11:16:27	debug		Debug	Debug: *19 INFO: Requested operation successfully done	0	WINDOWSS
========================================
multiotp 5.9.9.1
Your script is running from C:\multiotp\
2025-05-13 11:16:33	debug		System	Debug: **ReadConfigData, stat value for anonymous_stat_last_update was 1747127736	0	WINDOWSS
2025-05-13 11:16:33	debug		System	Debug: **ReadConfigData, stat value for create_host was WINDOWSS	0	WINDOWSS
2025-05-13 11:16:33	debug		System	Debug: **ReadConfigData, stat value for create_time was 1747126430	0	WINDOWSS
2025-05-13 11:16:33	debug		System	Debug: **ReadConfigData, stat value for last_update was 1747127736	0	WINDOWSS
2025-05-13 11:16:33	debug		System	Debug: **ReadConfigData, stat value for last_update_host was WINDOWSS	0	WINDOWSS
2025-05-13 11:16:33	debug		System	Debug: **ReadConfigData, stat value for encryption_hash was 99CCFC0D033729754B6BB4832FE786A1	0	WINDOWSS
2025-05-13 11:16:33	debug		System	Debug: **ReadConfigData, stat value for anonymous_stat_last_update was 1747127736	0	WINDOWSS
2025-05-13 11:16:33	debug		System	Debug: **ReadConfigData, stat value for create_host was WINDOWSS	0	WINDOWSS
2025-05-13 11:16:33	debug		System	Debug: **ReadConfigData, stat value for create_time was 1747126430	0	WINDOWSS
2025-05-13 11:16:33	debug		System	Debug: **ReadConfigData, stat value for last_update was 1747127736	0	WINDOWSS
2025-05-13 11:16:33	debug		System	Debug: **ReadConfigData, stat value for last_update_host was WINDOWSS	0	WINDOWSS
2025-05-13 11:16:33	debug		System	Debug: **ReadConfigData, stat value for encryption_hash was 99CCFC0D033729754B6BB4832FE786A1	0	WINDOWSS
========================================
multiotp 5.9.9.1
Your script is running from C:\multiotp\
2025-05-13 11:16:33	debug		System	Debug: **ReadConfigData, stat value for anonymous_stat_last_update was 1747127736	0	WINDOWSS
2025-05-13 11:16:33	debug		System	Debug: **ReadConfigData, stat value for create_host was WINDOWSS	0	WINDOWSS
2025-05-13 11:16:33	debug		System	Debug: **ReadConfigData, stat value for create_time was 1747126430	0	WINDOWSS
2025-05-13 11:16:33	debug		System	Debug: **ReadConfigData, stat value for last_update was 1747127736	0	WINDOWSS
2025-05-13 11:16:33	debug		System	Debug: **ReadConfigData, stat value for last_update_host was WINDOWSS	0	WINDOWSS
2025-05-13 11:16:33	debug		System	Debug: **ReadConfigData, stat value for encryption_hash was 99CCFC0D033729754B6BB4832FE786A1	0	WINDOWSS
2025-05-13 11:16:33	debug		System	Debug: **ReadConfigData, stat value for anonymous_stat_last_update was 1747127736	0	WINDOWSS
2025-05-13 11:16:33	debug		System	Debug: **ReadConfigData, stat value for create_host was WINDOWSS	0	WINDOWSS
2025-05-13 11:16:33	debug		System	Debug: **ReadConfigData, stat value for create_time was 1747126430	0	WINDOWSS
2025-05-13 11:16:33	debug		System	Debug: **ReadConfigData, stat value for last_update was 1747127736	0	WINDOWSS
2025-05-13 11:16:33	debug		System	Debug: **ReadConfigData, stat value for last_update_host was WINDOWSS	0	WINDOWSS
2025-05-13 11:16:33	debug		System	Debug: **ReadConfigData, stat value for encryption_hash was 99CCFC0D033729754B6BB4832FE786A1	0	WINDOWSS
========================================
multiotp 5.9.9.1
Your script is running from C:\multiotp\
2025-05-13 11:16:33	debug		System	Debug: **ReadConfigData, stat value for anonymous_stat_last_update was 1747127736	0	WINDOWSS
2025-05-13 11:16:33	debug		System	Debug: **ReadConfigData, stat value for create_host was WINDOWSS	0	WINDOWSS
2025-05-13 11:16:33	debug		System	Debug: **ReadConfigData, stat value for create_time was 1747126430	0	WINDOWSS
2025-05-13 11:16:33	debug		System	Debug: **ReadConfigData, stat value for last_update was 1747127736	0	WINDOWSS
2025-05-13 11:16:33	debug		System	Debug: **ReadConfigData, stat value for last_update_host was WINDOWSS	0	WINDOWSS
2025-05-13 11:16:33	debug		System	Debug: **ReadConfigData, stat value for encryption_hash was 99CCFC0D033729754B6BB4832FE786A1	0	WINDOWSS
2025-05-13 11:16:33	debug		System	Debug: **ReadConfigData, stat value for anonymous_stat_last_update was 1747127736	0	WINDOWSS
2025-05-13 11:16:33	debug		System	Debug: **ReadConfigData, stat value for create_host was WINDOWSS	0	WINDOWSS
2025-05-13 11:16:33	debug		System	Debug: **ReadConfigData, stat value for create_time was 1747126430	0	WINDOWSS
2025-05-13 11:16:33	debug		System	Debug: **ReadConfigData, stat value for last_update was 1747127736	0	WINDOWSS
2025-05-13 11:16:33	debug		System	Debug: **ReadConfigData, stat value for last_update_host was WINDOWSS	0	WINDOWSS
2025-05-13 11:16:33	debug		System	Debug: **ReadConfigData, stat value for encryption_hash was 99CCFC0D033729754B6BB4832FE786A1	0	WINDOWSS
========================================
multiotp 5.9.9.1
Your script is running from C:\multiotp\
2025-05-13 11:16:33	debug		System	Debug: **ReadConfigData, stat value for anonymous_stat_last_update was 1747127736	0	WINDOWSS
2025-05-13 11:16:33	debug		System	Debug: **ReadConfigData, stat value for create_host was WINDOWSS	0	WINDOWSS
2025-05-13 11:16:33	debug		System	Debug: **ReadConfigData, stat value for create_time was 1747126430	0	WINDOWSS
2025-05-13 11:16:33	debug		System	Debug: **ReadConfigData, stat value for last_update was 1747127736	0	WINDOWSS
2025-05-13 11:16:33	debug		System	Debug: **ReadConfigData, stat value for last_update_host was WINDOWSS	0	WINDOWSS
2025-05-13 11:16:33	debug		System	Debug: **ReadConfigData, stat value for encryption_hash was 99CCFC0D033729754B6BB4832FE786A1	0	WINDOWSS
2025-05-13 11:16:33	debug		System	Debug: **ReadConfigData, stat value for anonymous_stat_last_update was 1747127736	0	WINDOWSS
2025-05-13 11:16:33	debug		System	Debug: **ReadConfigData, stat value for create_host was WINDOWSS	0	WINDOWSS
2025-05-13 11:16:33	debug		System	Debug: **ReadConfigData, stat value for create_time was 1747126430	0	WINDOWSS
2025-05-13 11:16:33	debug		System	Debug: **ReadConfigData, stat value for last_update was 1747127736	0	WINDOWSS
2025-05-13 11:16:33	debug		System	Debug: **ReadConfigData, stat value for last_update_host was WINDOWSS	0	WINDOWSS
2025-05-13 11:16:33	debug		System	Debug: **ReadConfigData, stat value for encryption_hash was 99CCFC0D033729754B6BB4832FE786A1	0	WINDOWSS
========================================
multiotp 5.9.9.1
Your script is running from C:\multiotp\
2025-05-13 11:16:33	debug		System	Debug: **ReadConfigData, stat value for anonymous_stat_last_update was 1747127736	0	WINDOWSS
2025-05-13 11:16:33	debug		System	Debug: **ReadConfigData, stat value for create_host was WINDOWSS	0	WINDOWSS
2025-05-13 11:16:33	debug		System	Debug: **ReadConfigData, stat value for create_time was 1747126430	0	WINDOWSS
2025-05-13 11:16:33	debug		System	Debug: **ReadConfigData, stat value for last_update was 1747127736	0	WINDOWSS
2025-05-13 11:16:33	debug		System	Debug: **ReadConfigData, stat value for last_update_host was WINDOWSS	0	WINDOWSS
2025-05-13 11:16:34	debug		System	Debug: **ReadConfigData, stat value for encryption_hash was 99CCFC0D033729754B6BB4832FE786A1	0	WINDOWSS
2025-05-13 11:16:34	debug		System	Debug: **ReadConfigData, stat value for anonymous_stat_last_update was 1747127736	0	WINDOWSS
2025-05-13 11:16:34	debug		System	Debug: **ReadConfigData, stat value for create_host was WINDOWSS	0	WINDOWSS
2025-05-13 11:16:34	debug		System	Debug: **ReadConfigData, stat value for create_time was 1747126430	0	WINDOWSS
2025-05-13 11:16:34	debug		System	Debug: **ReadConfigData, stat value for last_update was 1747127736	0	WINDOWSS
2025-05-13 11:16:34	debug		System	Debug: **ReadConfigData, stat value for last_update_host was WINDOWSS	0	WINDOWSS
2025-05-13 11:16:34	debug		System	Debug: **ReadConfigData, stat value for encryption_hash was 99CCFC0D033729754B6BB4832FE786A1	0	WINDOWSS
========================================
multiotp 5.9.9.1
Your script is running from C:\multiotp\
2025-05-13 11:16:34	debug		System	Debug: **ReadConfigData, stat value for anonymous_stat_last_update was 1747127736	0	WINDOWSS
2025-05-13 11:16:34	debug		System	Debug: **ReadConfigData, stat value for create_host was WINDOWSS	0	WINDOWSS
2025-05-13 11:16:34	debug		System	Debug: **ReadConfigData, stat value for create_time was 1747126430	0	WINDOWSS
2025-05-13 11:16:34	debug		System	Debug: **ReadConfigData, stat value for last_update was 1747127736	0	WINDOWSS
2025-05-13 11:16:34	debug		System	Debug: **ReadConfigData, stat value for last_update_host was WINDOWSS	0	WINDOWSS
2025-05-13 11:16:34	debug		System	Debug: **ReadConfigData, stat value for encryption_hash was 99CCFC0D033729754B6BB4832FE786A1	0	WINDOWSS
2025-05-13 11:16:34	debug		System	Debug: **ReadConfigData, stat value for anonymous_stat_last_update was 1747127736	0	WINDOWSS
2025-05-13 11:16:34	debug		System	Debug: **ReadConfigData, stat value for create_host was WINDOWSS	0	WINDOWSS
2025-05-13 11:16:34	debug		System	Debug: **ReadConfigData, stat value for create_time was 1747126430	0	WINDOWSS
2025-05-13 11:16:34	debug		System	Debug: **ReadConfigData, stat value for last_update was 1747127736	0	WINDOWSS
2025-05-13 11:16:34	debug		System	Debug: **ReadConfigData, stat value for last_update_host was WINDOWSS	0	WINDOWSS
2025-05-13 11:16:34	debug		System	Debug: **ReadConfigData, stat value for encryption_hash was 99CCFC0D033729754B6BB4832FE786A1	0	WINDOWSS
========================================
multiotp 5.9.9.1
Your script is running from C:\multiotp\
2025-05-13 11:16:34	debug		System	Debug: **ReadConfigData, stat value for anonymous_stat_last_update was 1747127736	0	WINDOWSS
2025-05-13 11:16:34	debug		System	Debug: **ReadConfigData, stat value for create_host was WINDOWSS	0	WINDOWSS
2025-05-13 11:16:34	debug		System	Debug: **ReadConfigData, stat value for create_time was 1747126430	0	WINDOWSS
2025-05-13 11:16:34	debug		System	Debug: **ReadConfigData, stat value for last_update was 1747127736	0	WINDOWSS
2025-05-13 11:16:34	debug		System	Debug: **ReadConfigData, stat value for last_update_host was WINDOWSS	0	WINDOWSS
2025-05-13 11:16:34	debug		System	Debug: **ReadConfigData, stat value for encryption_hash was 99CCFC0D033729754B6BB4832FE786A1	0	WINDOWSS
2025-05-13 11:16:34	debug		System	Debug: **ReadConfigData, stat value for anonymous_stat_last_update was 1747127736	0	WINDOWSS
2025-05-13 11:16:34	debug		System	Debug: **ReadConfigData, stat value for create_host was WINDOWSS	0	WINDOWSS
2025-05-13 11:16:34	debug		System	Debug: **ReadConfigData, stat value for create_time was 1747126430	0	WINDOWSS
2025-05-13 11:16:34	debug		System	Debug: **ReadConfigData, stat value for last_update was 1747127736	0	WINDOWSS
2025-05-13 11:16:34	debug		System	Debug: **ReadConfigData, stat value for last_update_host was WINDOWSS	0	WINDOWSS
2025-05-13 11:16:34	debug		System	Debug: **ReadConfigData, stat value for encryption_hash was 99CCFC0D033729754B6BB4832FE786A1	0	WINDOWSS
========================================
multiotp 5.9.9.1
Your script is running from C:\multiotp\
2025-05-13 11:16:41	debug		System	Debug: **ReadConfigData, stat value for anonymous_stat_last_update was 1747127736	0	WINDOWSS
2025-05-13 11:16:41	debug		System	Debug: **ReadConfigData, stat value for create_host was WINDOWSS	0	WINDOWSS
2025-05-13 11:16:41	debug		System	Debug: **ReadConfigData, stat value for create_time was 1747126430	0	WINDOWSS
2025-05-13 11:16:41	debug		System	Debug: **ReadConfigData, stat value for last_update was 1747127736	0	WINDOWSS
2025-05-13 11:16:41	debug		System	Debug: **ReadConfigData, stat value for last_update_host was WINDOWSS	0	WINDOWSS
2025-05-13 11:16:41	debug		System	Debug: **ReadConfigData, stat value for encryption_hash was 99CCFC0D033729754B6BB4832FE786A1	0	WINDOWSS
2025-05-13 11:16:41	debug		System	Debug: **ReadConfigData, stat value for anonymous_stat_last_update was 1747127736	0	WINDOWSS
2025-05-13 11:16:41	debug		System	Debug: **ReadConfigData, stat value for create_host was WINDOWSS	0	WINDOWSS
2025-05-13 11:16:41	debug		System	Debug: **ReadConfigData, stat value for create_time was 1747126430	0	WINDOWSS
2025-05-13 11:16:41	debug		System	Debug: **ReadConfigData, stat value for last_update was 1747127736	0	WINDOWSS
2025-05-13 11:16:41	debug		System	Debug: **ReadConfigData, stat value for last_update_host was WINDOWSS	0	WINDOWSS
2025-05-13 11:16:41	debug		System	Debug: **ReadConfigData, stat value for encryption_hash was 99CCFC0D033729754B6BB4832FE786A1	0	WINDOWSS
========================================
multiotp 5.9.9.1
Your script is running from C:\multiotp\
2025-05-13 11:16:41	debug		System	Debug: **ReadConfigData, stat value for anonymous_stat_last_update was 1747127736	0	WINDOWSS
2025-05-13 11:16:41	debug		System	Debug: **ReadConfigData, stat value for create_host was WINDOWSS	0	WINDOWSS
2025-05-13 11:16:41	debug		System	Debug: **ReadConfigData, stat value for create_time was 1747126430	0	WINDOWSS
2025-05-13 11:16:41	debug		System	Debug: **ReadConfigData, stat value for last_update was 1747127736	0	WINDOWSS
2025-05-13 11:16:41	debug		System	Debug: **ReadConfigData, stat value for last_update_host was WINDOWSS	0	WINDOWSS
2025-05-13 11:16:41	debug		System	Debug: **ReadConfigData, stat value for encryption_hash was 99CCFC0D033729754B6BB4832FE786A1	0	WINDOWSS
2025-05-13 11:16:41	debug		System	Debug: **ReadConfigData, stat value for anonymous_stat_last_update was 1747127736	0	WINDOWSS
2025-05-13 11:16:41	debug		System	Debug: **ReadConfigData, stat value for create_host was WINDOWSS	0	WINDOWSS
2025-05-13 11:16:41	debug		System	Debug: **ReadConfigData, stat value for create_time was 1747126430	0	WINDOWSS
2025-05-13 11:16:41	debug		System	Debug: **ReadConfigData, stat value for last_update was 1747127736	0	WINDOWSS
2025-05-13 11:16:41	debug		System	Debug: **ReadConfigData, stat value for last_update_host was WINDOWSS	0	WINDOWSS
2025-05-13 11:16:41	debug		System	Debug: **ReadConfigData, stat value for encryption_hash was 99CCFC0D033729754B6BB4832FE786A1	0	WINDOWSS
========================================
multiotp 5.9.9.1
Your script is running from C:\multiotp\
2025-05-13 11:18:36	debug		System	Debug: **ReadConfigData, stat value for anonymous_stat_last_update was 1747127736	0	WINDOWSS
2025-05-13 11:18:36	debug		System	Debug: **ReadConfigData, stat value for create_host was WINDOWSS	0	WINDOWSS
2025-05-13 11:18:36	debug		System	Debug: **ReadConfigData, stat value for create_time was 1747126430	0	WINDOWSS
2025-05-13 11:18:36	debug		System	Debug: **ReadConfigData, stat value for last_update was 1747127736	0	WINDOWSS
2025-05-13 11:18:36	debug		System	Debug: **ReadConfigData, stat value for last_update_host was WINDOWSS	0	WINDOWSS
2025-05-13 11:18:36	debug		System	Debug: **ReadConfigData, stat value for encryption_hash was 99CCFC0D033729754B6BB4832FE786A1	0	WINDOWSS
2025-05-13 11:18:36	debug		System	Debug: **ReadConfigData, stat value for anonymous_stat_last_update was 1747127736	0	WINDOWSS
2025-05-13 11:18:36	debug		System	Debug: **ReadConfigData, stat value for create_host was WINDOWSS	0	WINDOWSS
2025-05-13 11:18:36	debug		System	Debug: **ReadConfigData, stat value for create_time was 1747126430	0	WINDOWSS
2025-05-13 11:18:36	debug		System	Debug: **ReadConfigData, stat value for last_update was 1747127736	0	WINDOWSS
2025-05-13 11:18:36	debug		System	Debug: **ReadConfigData, stat value for last_update_host was WINDOWSS	0	WINDOWSS
2025-05-13 11:18:36	debug		System	Debug: **ReadConfigData, stat value for encryption_hash was 99CCFC0D033729754B6BB4832FE786A1	0	WINDOWSS
========================================
multiotp 5.9.9.1
Your script is running from C:\multiotp\
2025-05-13 11:18:36	debug		System	Debug: **ReadConfigData, stat value for anonymous_stat_last_update was 1747127736	0	WINDOWSS
2025-05-13 11:18:36	debug		System	Debug: **ReadConfigData, stat value for create_host was WINDOWSS	0	WINDOWSS
2025-05-13 11:18:36	debug		System	Debug: **ReadConfigData, stat value for create_time was 1747126430	0	WINDOWSS
2025-05-13 11:18:36	debug		System	Debug: **ReadConfigData, stat value for last_update was 1747127736	0	WINDOWSS
2025-05-13 11:18:36	debug		System	Debug: **ReadConfigData, stat value for last_update_host was WINDOWSS	0	WINDOWSS
2025-05-13 11:18:36	debug		System	Debug: **ReadConfigData, stat value for encryption_hash was 99CCFC0D033729754B6BB4832FE786A1	0	WINDOWSS
2025-05-13 11:18:36	debug		System	Debug: **ReadConfigData, stat value for anonymous_stat_last_update was 1747127736	0	WINDOWSS
2025-05-13 11:18:36	debug		System	Debug: **ReadConfigData, stat value for create_host was WINDOWSS	0	WINDOWSS
2025-05-13 11:18:36	debug		System	Debug: **ReadConfigData, stat value for create_time was 1747126430	0	WINDOWSS
2025-05-13 11:18:36	debug		System	Debug: **ReadConfigData, stat value for last_update was 1747127736	0	WINDOWSS
2025-05-13 11:18:36	debug		System	Debug: **ReadConfigData, stat value for last_update_host was WINDOWSS	0	WINDOWSS
2025-05-13 11:18:36	debug		System	Debug: **ReadConfigData, stat value for encryption_hash was 99CCFC0D033729754B6BB4832FE786A1	0	WINDOWSS
========================================
multiotp 5.9.9.1
Your script is running from C:\multiotp\
2025-05-13 11:23:04	debug		System	Debug: **ReadConfigData, stat value for anonymous_stat_last_update was 1747127736	0	WINDOWSS
2025-05-13 11:23:04	debug		System	Debug: **ReadConfigData, stat value for create_host was WINDOWSS	0	WINDOWSS
2025-05-13 11:23:04	debug		System	Debug: **ReadConfigData, stat value for create_time was 1747126430	0	WINDOWSS
2025-05-13 11:23:04	debug		System	Debug: **ReadConfigData, stat value for last_update was 1747127736	0	WINDOWSS
2025-05-13 11:23:04	debug		System	Debug: **ReadConfigData, stat value for last_update_host was WINDOWSS	0	WINDOWSS
2025-05-13 11:23:04	debug		System	Debug: **ReadConfigData, stat value for encryption_hash was 99CCFC0D033729754B6BB4832FE786A1	0	WINDOWSS
2025-05-13 11:23:04	debug		System	Debug: **ReadConfigData, stat value for anonymous_stat_last_update was 1747127736	0	WINDOWSS
2025-05-13 11:23:04	debug		System	Debug: **ReadConfigData, stat value for create_host was WINDOWSS	0	WINDOWSS
2025-05-13 11:23:04	debug		System	Debug: **ReadConfigData, stat value for create_time was 1747126430	0	WINDOWSS
2025-05-13 11:23:04	debug		System	Debug: **ReadConfigData, stat value for last_update was 1747127736	0	WINDOWSS
2025-05-13 11:23:04	debug		System	Debug: **ReadConfigData, stat value for last_update_host was WINDOWSS	0	WINDOWSS
2025-05-13 11:23:04	debug		System	Debug: **ReadConfigData, stat value for encryption_hash was 99CCFC0D033729754B6BB4832FE786A1	0	WINDOWSS
========================================
multiotp 5.9.9.1
Your script is running from C:\multiotp\
2025-05-13 11:23:04	debug		System	Debug: **ReadConfigData, stat value for anonymous_stat_last_update was 1747127736	0	WINDOWSS
2025-05-13 11:23:04	debug		System	Debug: **ReadConfigData, stat value for create_host was WINDOWSS	0	WINDOWSS
2025-05-13 11:23:04	debug		System	Debug: **ReadConfigData, stat value for create_time was 1747126430	0	WINDOWSS
2025-05-13 11:23:04	debug		System	Debug: **ReadConfigData, stat value for last_update was 1747127736	0	WINDOWSS
2025-05-13 11:23:04	debug		System	Debug: **ReadConfigData, stat value for last_update_host was WINDOWSS	0	WINDOWSS
2025-05-13 11:23:04	debug		System	Debug: **ReadConfigData, stat value for encryption_hash was 99CCFC0D033729754B6BB4832FE786A1	0	WINDOWSS
2025-05-13 11:23:04	debug		System	Debug: **ReadConfigData, stat value for anonymous_stat_last_update was 1747127736	0	WINDOWSS
2025-05-13 11:23:04	debug		System	Debug: **ReadConfigData, stat value for create_host was WINDOWSS	0	WINDOWSS
2025-05-13 11:23:04	debug		System	Debug: **ReadConfigData, stat value for create_time was 1747126430	0	WINDOWSS
2025-05-13 11:23:04	debug		System	Debug: **ReadConfigData, stat value for last_update was 1747127736	0	WINDOWSS
2025-05-13 11:23:04	debug		System	Debug: **ReadConfigData, stat value for last_update_host was WINDOWSS	0	WINDOWSS
2025-05-13 11:23:04	debug		System	Debug: **ReadConfigData, stat value for encryption_hash was 99CCFC0D033729754B6BB4832FE786A1	0	WINDOWSS
========================================
multiotp 5.9.9.1
Your script is running from C:\multiotp\
2025-05-13 11:23:04	debug		System	Debug: **ReadConfigData, stat value for anonymous_stat_last_update was 1747127736	0	WINDOWSS
2025-05-13 11:23:04	debug		System	Debug: **ReadConfigData, stat value for create_host was WINDOWSS	0	WINDOWSS
2025-05-13 11:23:04	debug		System	Debug: **ReadConfigData, stat value for create_time was 1747126430	0	WINDOWSS
2025-05-13 11:23:04	debug		System	Debug: **ReadConfigData, stat value for last_update was 1747127736	0	WINDOWSS
2025-05-13 11:23:04	debug		System	Debug: **ReadConfigData, stat value for last_update_host was WINDOWSS	0	WINDOWSS
2025-05-13 11:23:04	debug		System	Debug: **ReadConfigData, stat value for encryption_hash was 99CCFC0D033729754B6BB4832FE786A1	0	WINDOWSS
2025-05-13 11:23:04	debug		System	Debug: **ReadConfigData, stat value for anonymous_stat_last_update was 1747127736	0	WINDOWSS
2025-05-13 11:23:04	debug		System	Debug: **ReadConfigData, stat value for create_host was WINDOWSS	0	WINDOWSS
2025-05-13 11:23:04	debug		System	Debug: **ReadConfigData, stat value for create_time was 1747126430	0	WINDOWSS
2025-05-13 11:23:04	debug		System	Debug: **ReadConfigData, stat value for last_update was 1747127736	0	WINDOWSS
2025-05-13 11:23:04	debug		System	Debug: **ReadConfigData, stat value for last_update_host was WINDOWSS	0	WINDOWSS
2025-05-13 11:23:04	debug		System	Debug: **ReadConfigData, stat value for encryption_hash was 99CCFC0D033729754B6BB4832FE786A1	0	WINDOWSS
========================================
multiotp 5.9.9.1
Your script is running from C:\multiotp\
2025-05-13 11:23:04	debug		System	Debug: **ReadConfigData, stat value for anonymous_stat_last_update was 1747127736	0	WINDOWSS
2025-05-13 11:23:04	debug		System	Debug: **ReadConfigData, stat value for create_host was WINDOWSS	0	WINDOWSS
2025-05-13 11:23:04	debug		System	Debug: **ReadConfigData, stat value for create_time was 1747126430	0	WINDOWSS
2025-05-13 11:23:04	debug		System	Debug: **ReadConfigData, stat value for last_update was 1747127736	0	WINDOWSS
2025-05-13 11:23:04	debug		System	Debug: **ReadConfigData, stat value for last_update_host was WINDOWSS	0	WINDOWSS
2025-05-13 11:23:04	debug		System	Debug: **ReadConfigData, stat value for encryption_hash was 99CCFC0D033729754B6BB4832FE786A1	0	WINDOWSS
2025-05-13 11:23:04	debug		System	Debug: **ReadConfigData, stat value for anonymous_stat_last_update was 1747127736	0	WINDOWSS
2025-05-13 11:23:04	debug		System	Debug: **ReadConfigData, stat value for create_host was WINDOWSS	0	WINDOWSS
2025-05-13 11:23:04	debug		System	Debug: **ReadConfigData, stat value for create_time was 1747126430	0	WINDOWSS
2025-05-13 11:23:04	debug		System	Debug: **ReadConfigData, stat value for last_update was 1747127736	0	WINDOWSS
2025-05-13 11:23:04	debug		System	Debug: **ReadConfigData, stat value for last_update_host was WINDOWSS	0	WINDOWSS
2025-05-13 11:23:04	debug		System	Debug: **ReadConfigData, stat value for encryption_hash was 99CCFC0D033729754B6BB4832FE786A1	0	WINDOWSS
========================================
multiotp 5.9.9.1
Your script is running from C:\multiotp\
2025-05-13 11:23:04	debug		System	Debug: **ReadConfigData, stat value for anonymous_stat_last_update was 1747127736	0	WINDOWSS
2025-05-13 11:23:04	debug		System	Debug: **ReadConfigData, stat value for create_host was WINDOWSS	0	WINDOWSS
2025-05-13 11:23:04	debug		System	Debug: **ReadConfigData, stat value for create_time was 1747126430	0	WINDOWSS
2025-05-13 11:23:04	debug		System	Debug: **ReadConfigData, stat value for last_update was 1747127736	0	WINDOWSS
2025-05-13 11:23:04	debug		System	Debug: **ReadConfigData, stat value for last_update_host was WINDOWSS	0	WINDOWSS
2025-05-13 11:23:04	debug		System	Debug: **ReadConfigData, stat value for encryption_hash was 99CCFC0D033729754B6BB4832FE786A1	0	WINDOWSS
2025-05-13 11:23:04	debug		System	Debug: **ReadConfigData, stat value for anonymous_stat_last_update was 1747127736	0	WINDOWSS
2025-05-13 11:23:04	debug		System	Debug: **ReadConfigData, stat value for create_host was WINDOWSS	0	WINDOWSS
2025-05-13 11:23:04	debug		System	Debug: **ReadConfigData, stat value for create_time was 1747126430	0	WINDOWSS
2025-05-13 11:23:04	debug		System	Debug: **ReadConfigData, stat value for last_update was 1747127736	0	WINDOWSS
2025-05-13 11:23:04	debug		System	Debug: **ReadConfigData, stat value for last_update_host was WINDOWSS	0	WINDOWSS
2025-05-13 11:23:04	debug		System	Debug: **ReadConfigData, stat value for encryption_hash was 99CCFC0D033729754B6BB4832FE786A1	0	WINDOWSS
========================================
multiotp 5.9.9.1
Your script is running from C:\multiotp\
2025-05-13 11:23:05	debug		System	Debug: **ReadConfigData, stat value for anonymous_stat_last_update was 1747127736	0	WINDOWSS
2025-05-13 11:23:05	debug		System	Debug: **ReadConfigData, stat value for create_host was WINDOWSS	0	WINDOWSS
2025-05-13 11:23:05	debug		System	Debug: **ReadConfigData, stat value for create_time was 1747126430	0	WINDOWSS
2025-05-13 11:23:05	debug		System	Debug: **ReadConfigData, stat value for last_update was 1747127736	0	WINDOWSS
2025-05-13 11:23:05	debug		System	Debug: **ReadConfigData, stat value for last_update_host was WINDOWSS	0	WINDOWSS
2025-05-13 11:23:05	debug		System	Debug: **ReadConfigData, stat value for encryption_hash was 99CCFC0D033729754B6BB4832FE786A1	0	WINDOWSS
2025-05-13 11:23:05	debug		System	Debug: **ReadConfigData, stat value for anonymous_stat_last_update was 1747127736	0	WINDOWSS
2025-05-13 11:23:05	debug		System	Debug: **ReadConfigData, stat value for create_host was WINDOWSS	0	WINDOWSS
2025-05-13 11:23:05	debug		System	Debug: **ReadConfigData, stat value for create_time was 1747126430	0	WINDOWSS
2025-05-13 11:23:05	debug		System	Debug: **ReadConfigData, stat value for last_update was 1747127736	0	WINDOWSS
2025-05-13 11:23:05	debug		System	Debug: **ReadConfigData, stat value for last_update_host was WINDOWSS	0	WINDOWSS
2025-05-13 11:23:05	debug		System	Debug: **ReadConfigData, stat value for encryption_hash was 99CCFC0D033729754B6BB4832FE786A1	0	WINDOWSS
========================================
multiotp 5.9.9.1
Your script is running from C:\multiotp\
2025-05-13 11:23:05	debug		System	Debug: **ReadConfigData, stat value for anonymous_stat_last_update was 1747127736	0	WINDOWSS
2025-05-13 11:23:05	debug		System	Debug: **ReadConfigData, stat value for create_host was WINDOWSS	0	WINDOWSS
2025-05-13 11:23:05	debug		System	Debug: **ReadConfigData, stat value for create_time was 1747126430	0	WINDOWSS
2025-05-13 11:23:05	debug		System	Debug: **ReadConfigData, stat value for last_update was 1747127736	0	WINDOWSS
2025-05-13 11:23:05	debug		System	Debug: **ReadConfigData, stat value for last_update_host was WINDOWSS	0	WINDOWSS
2025-05-13 11:23:05	debug		System	Debug: **ReadConfigData, stat value for encryption_hash was 99CCFC0D033729754B6BB4832FE786A1	0	WINDOWSS
2025-05-13 11:23:05	debug		System	Debug: **ReadConfigData, stat value for anonymous_stat_last_update was 1747127736	0	WINDOWSS
2025-05-13 11:23:05	debug		System	Debug: **ReadConfigData, stat value for create_host was WINDOWSS	0	WINDOWSS
2025-05-13 11:23:05	debug		System	Debug: **ReadConfigData, stat value for create_time was 1747126430	0	WINDOWSS
2025-05-13 11:23:05	debug		System	Debug: **ReadConfigData, stat value for last_update was 1747127736	0	WINDOWSS
2025-05-13 11:23:05	debug		System	Debug: **ReadConfigData, stat value for last_update_host was WINDOWSS	0	WINDOWSS
2025-05-13 11:23:05	debug		System	Debug: **ReadConfigData, stat value for encryption_hash was 99CCFC0D033729754B6BB4832FE786A1	0	WINDOWSS
========================================
multiotp 5.9.9.1
Your script is running from C:\multiotp\
2025-05-13 11:46:05	debug		System	Debug: **ReadConfigData, stat value for anonymous_stat_last_update was 1747127736	0	WINDOWSS
2025-05-13 11:46:05	debug		System	Debug: **ReadConfigData, stat value for create_host was WINDOWSS	0	WINDOWSS
2025-05-13 11:46:05	debug		System	Debug: **ReadConfigData, stat value for create_time was 1747126430	0	WINDOWSS
2025-05-13 11:46:05	debug		System	Debug: **ReadConfigData, stat value for last_update was 1747127736	0	WINDOWSS
2025-05-13 11:46:05	debug		System	Debug: **ReadConfigData, stat value for last_update_host was WINDOWSS	0	WINDOWSS
2025-05-13 11:46:05	debug		System	Debug: **ReadConfigData, stat value for encryption_hash was 99CCFC0D033729754B6BB4832FE786A1	0	WINDOWSS
2025-05-13 11:46:05	debug		System	Debug: **ReadConfigData, stat value for anonymous_stat_last_update was 1747127736	0	WINDOWSS
2025-05-13 11:46:05	debug		System	Debug: **ReadConfigData, stat value for create_host was WINDOWSS	0	WINDOWSS
2025-05-13 11:46:05	debug		System	Debug: **ReadConfigData, stat value for create_time was 1747126430	0	WINDOWSS
2025-05-13 11:46:05	debug		System	Debug: **ReadConfigData, stat value for last_update was 1747127736	0	WINDOWSS
2025-05-13 11:46:05	debug		System	Debug: **ReadConfigData, stat value for last_update_host was WINDOWSS	0	WINDOWSS
2025-05-13 11:46:05	debug		System	Debug: **ReadConfigData, stat value for encryption_hash was 99CCFC0D033729754B6BB4832FE786A1	0	WINDOWSS
========================================
multiotp 5.9.9.1
Your script is running from C:\multiotp\
2025-05-13 11:46:06	debug		System	Debug: **ReadConfigData, stat value for anonymous_stat_last_update was 1747127736	0	WINDOWSS
2025-05-13 11:46:06	debug		System	Debug: **ReadConfigData, stat value for create_host was WINDOWSS	0	WINDOWSS
2025-05-13 11:46:06	debug		System	Debug: **ReadConfigData, stat value for create_time was 1747126430	0	WINDOWSS
2025-05-13 11:46:06	debug		System	Debug: **ReadConfigData, stat value for last_update was 1747127736	0	WINDOWSS
2025-05-13 11:46:06	debug		System	Debug: **ReadConfigData, stat value for last_update_host was WINDOWSS	0	WINDOWSS
2025-05-13 11:46:06	debug		System	Debug: **ReadConfigData, stat value for encryption_hash was 99CCFC0D033729754B6BB4832FE786A1	0	WINDOWSS
2025-05-13 11:46:06	debug		System	Debug: **ReadConfigData, stat value for anonymous_stat_last_update was 1747127736	0	WINDOWSS
2025-05-13 11:46:06	debug		System	Debug: **ReadConfigData, stat value for create_host was WINDOWSS	0	WINDOWSS
2025-05-13 11:46:06	debug		System	Debug: **ReadConfigData, stat value for create_time was 1747126430	0	WINDOWSS
2025-05-13 11:46:06	debug		System	Debug: **ReadConfigData, stat value for last_update was 1747127736	0	WINDOWSS
2025-05-13 11:46:06	debug		System	Debug: **ReadConfigData, stat value for last_update_host was WINDOWSS	0	WINDOWSS
2025-05-13 11:46:06	debug		System	Debug: **ReadConfigData, stat value for encryption_hash was 99CCFC0D033729754B6BB4832FE786A1	0	WINDOWSS
========================================
multiotp 5.9.9.1
Your script is running from C:\multiotp\
2025-05-13 11:47:36	debug		System	Debug: **ReadConfigData, stat value for anonymous_stat_last_update was 1747127736	0	WINDOWSS
2025-05-13 11:47:36	debug		System	Debug: **ReadConfigData, stat value for create_host was WINDOWSS	0	WINDOWSS
2025-05-13 11:47:36	debug		System	Debug: **ReadConfigData, stat value for create_time was 1747126430	0	WINDOWSS
2025-05-13 11:47:36	debug		System	Debug: **ReadConfigData, stat value for last_update was 1747127736	0	WINDOWSS
2025-05-13 11:47:36	debug		System	Debug: **ReadConfigData, stat value for last_update_host was WINDOWSS	0	WINDOWSS
2025-05-13 11:47:36	debug		System	Debug: **ReadConfigData, stat value for encryption_hash was 99CCFC0D033729754B6BB4832FE786A1	0	WINDOWSS
2025-05-13 11:47:36	debug		System	Debug: **ReadConfigData, stat value for anonymous_stat_last_update was 1747127736	0	WINDOWSS
2025-05-13 11:47:36	debug		System	Debug: **ReadConfigData, stat value for create_host was WINDOWSS	0	WINDOWSS
2025-05-13 11:47:36	debug		System	Debug: **ReadConfigData, stat value for create_time was 1747126430	0	WINDOWSS
2025-05-13 11:47:36	debug		System	Debug: **ReadConfigData, stat value for last_update was 1747127736	0	WINDOWSS
2025-05-13 11:47:36	debug		System	Debug: **ReadConfigData, stat value for last_update_host was WINDOWSS	0	WINDOWSS
2025-05-13 11:47:36	debug		System	Debug: **ReadConfigData, stat value for encryption_hash was 99CCFC0D033729754B6BB4832FE786A1	0	WINDOWSS
2025-05-13 11:47:36	debug		CredentialProviderRequest	Info: *Value for IsCredentialProviderRequest:	0	WINDOWSS
2025-05-13 11:47:36	debug		Server-Client	Info: *CheckUserExists server request for josue with challenge MOSH4f060a927ceeb456e572130962cd18cb	0	WINDOWSS
2025-05-13 11:47:36	debug		Server-Client	Info: *CheckUserExists intermediate error code: 22	0	WINDOWSS
2025-05-13 11:47:36	debug		Server-Client	Info: *Server secret used for command CheckUserExists with error code result 22: secretOTP	0	WINDOWSS
========================================
multiotp 5.9.9.1
Your script is running from C:\multiotp\
2025-05-13 11:47:36	debug		System	Debug: **ReadConfigData, stat value for anonymous_stat_last_update was 1747127736	0	WINDOWSS
2025-05-13 11:47:36	debug		System	Debug: **ReadConfigData, stat value for create_host was WINDOWSS	0	WINDOWSS
2025-05-13 11:47:36	debug		System	Debug: **ReadConfigData, stat value for create_time was 1747126430	0	WINDOWSS
2025-05-13 11:47:36	debug		System	Debug: **ReadConfigData, stat value for last_update was 1747127736	0	WINDOWSS
2025-05-13 11:47:36	debug		System	Debug: **ReadConfigData, stat value for last_update_host was WINDOWSS	0	WINDOWSS
2025-05-13 11:47:36	debug		System	Debug: **ReadConfigData, stat value for encryption_hash was 99CCFC0D033729754B6BB4832FE786A1	0	WINDOWSS
2025-05-13 11:47:36	debug		System	Debug: **ReadConfigData, stat value for anonymous_stat_last_update was 1747127736	0	WINDOWSS
2025-05-13 11:47:36	debug		System	Debug: **ReadConfigData, stat value for create_host was WINDOWSS	0	WINDOWSS
2025-05-13 11:47:36	debug		System	Debug: **ReadConfigData, stat value for create_time was 1747126430	0	WINDOWSS
2025-05-13 11:47:36	debug		System	Debug: **ReadConfigData, stat value for last_update was 1747127736	0	WINDOWSS
2025-05-13 11:47:36	debug		System	Debug: **ReadConfigData, stat value for last_update_host was WINDOWSS	0	WINDOWSS
2025-05-13 11:47:36	debug		System	Debug: **ReadConfigData, stat value for encryption_hash was 99CCFC0D033729754B6BB4832FE786A1	0	WINDOWSS
2025-05-13 11:47:36	debug		CredentialProviderRequest	Info: *Value for IsCredentialProviderRequest:	0	WINDOWSS
2025-05-13 11:47:36	debug		Server-Client	Info: *ReadUserData server request for josue	0	WINDOWSS
2025-05-13 11:47:36	debug		Server-Client	Info: *Server secret used for command ReadUserData with error code result 19: secretOTP	0	WINDOWSS
========================================
multiotp 5.9.9.1
Your script is running from C:\multiotp\
2025-05-13 11:47:39	debug		System	Debug: **ReadConfigData, stat value for anonymous_stat_last_update was 1747127736	0	WINDOWSS
2025-05-13 11:47:39	debug		System	Debug: **ReadConfigData, stat value for create_host was WINDOWSS	0	WINDOWSS
2025-05-13 11:47:39	debug		System	Debug: **ReadConfigData, stat value for create_time was 1747126430	0	WINDOWSS
2025-05-13 11:47:39	debug		System	Debug: **ReadConfigData, stat value for last_update was 1747127736	0	WINDOWSS
2025-05-13 11:47:39	debug		System	Debug: **ReadConfigData, stat value for last_update_host was WINDOWSS	0	WINDOWSS
2025-05-13 11:47:39	debug		System	Debug: **ReadConfigData, stat value for encryption_hash was 99CCFC0D033729754B6BB4832FE786A1	0	WINDOWSS
2025-05-13 11:47:39	debug		System	Debug: **ReadConfigData, stat value for anonymous_stat_last_update was 1747127736	0	WINDOWSS
2025-05-13 11:47:39	debug		System	Debug: **ReadConfigData, stat value for create_host was WINDOWSS	0	WINDOWSS
2025-05-13 11:47:39	debug		System	Debug: **ReadConfigData, stat value for create_time was 1747126430	0	WINDOWSS
2025-05-13 11:47:39	debug		System	Debug: **ReadConfigData, stat value for last_update was 1747127736	0	WINDOWSS
2025-05-13 11:47:39	debug		System	Debug: **ReadConfigData, stat value for last_update_host was WINDOWSS	0	WINDOWSS
2025-05-13 11:47:39	debug		System	Debug: **ReadConfigData, stat value for encryption_hash was 99CCFC0D033729754B6BB4832FE786A1	0	WINDOWSS
2025-05-13 11:47:39	debug		CredentialProviderRequest	Info: *Value for IsCredentialProviderRequest:	0	WINDOWSS
2025-05-13 11:47:39	debug		Server-Client	Info: *ReadUserData server request for josue	0	WINDOWSS
2025-05-13 11:47:39	debug		Server-Client	Info: *Server secret used for command ReadUserData with error code result 19: secretOTP	0	WINDOWSS
========================================
multiotp 5.9.9.1
Your script is running from C:\multiotp\
2025-05-13 11:47:39	debug		System	Debug: **ReadConfigData, stat value for anonymous_stat_last_update was 1747127736	0	WINDOWSS
2025-05-13 11:47:39	debug		System	Debug: **ReadConfigData, stat value for create_host was WINDOWSS	0	WINDOWSS
2025-05-13 11:47:39	debug		System	Debug: **ReadConfigData, stat value for create_time was 1747126430	0	WINDOWSS
2025-05-13 11:47:39	debug		System	Debug: **ReadConfigData, stat value for last_update was 1747127736	0	WINDOWSS
2025-05-13 11:47:39	debug		System	Debug: **ReadConfigData, stat value for last_update_host was WINDOWSS	0	WINDOWSS
2025-05-13 11:47:39	debug		System	Debug: **ReadConfigData, stat value for encryption_hash was 99CCFC0D033729754B6BB4832FE786A1	0	WINDOWSS
2025-05-13 11:47:39	debug		System	Debug: **ReadConfigData, stat value for anonymous_stat_last_update was 1747127736	0	WINDOWSS
2025-05-13 11:47:39	debug		System	Debug: **ReadConfigData, stat value for create_host was WINDOWSS	0	WINDOWSS
2025-05-13 11:47:39	debug		System	Debug: **ReadConfigData, stat value for create_time was 1747126430	0	WINDOWSS
2025-05-13 11:47:39	debug		System	Debug: **ReadConfigData, stat value for last_update was 1747127736	0	WINDOWSS
2025-05-13 11:47:39	debug		System	Debug: **ReadConfigData, stat value for last_update_host was WINDOWSS	0	WINDOWSS
2025-05-13 11:47:39	debug		System	Debug: **ReadConfigData, stat value for encryption_hash was 99CCFC0D033729754B6BB4832FE786A1	0	WINDOWSS
2025-05-13 11:47:39	debug		CredentialProviderRequest	Info: *Value for IsCredentialProviderRequest: 1	0	WINDOWSS
2025-05-13 11:47:39	debug		Server-Client	Info: *CheckUserToken server request.	0	WINDOWSS
2025-05-13 11:47:39	notice	josue	User	OK: User josue successfully logged in (using Credential Provider) with TOTP token	0	WINDOWSS
2025-05-13 11:47:39	debug		Server-Client	Info: *Cache level is set to 1	0	WINDOWSS
2025-05-13 11:47:39	debug		Server-Client	Info: *Server secret used for command CheckUserToken with error code result 0: secretOTP	0	WINDOWSS
========================================
multiotp 5.9.9.1
Your script is running from C:\multiotp\
2025-05-13 11:47:51	debug		System	Debug: **ReadConfigData, stat value for anonymous_stat_last_update was 1747127736	0	WINDOWSS
2025-05-13 11:47:51	debug		System	Debug: **ReadConfigData, stat value for create_host was WINDOWSS	0	WINDOWSS
2025-05-13 11:47:51	debug		System	Debug: **ReadConfigData, stat value for create_time was 1747126430	0	WINDOWSS
2025-05-13 11:47:51	debug		System	Debug: **ReadConfigData, stat value for last_update was 1747127736	0	WINDOWSS
2025-05-13 11:47:51	debug		System	Debug: **ReadConfigData, stat value for last_update_host was WINDOWSS	0	WINDOWSS
2025-05-13 11:47:51	debug		System	Debug: **ReadConfigData, stat value for encryption_hash was 99CCFC0D033729754B6BB4832FE786A1	0	WINDOWSS
2025-05-13 11:47:51	debug		System	Debug: **ReadConfigData, stat value for anonymous_stat_last_update was 1747127736	0	WINDOWSS
2025-05-13 11:47:51	debug		System	Debug: **ReadConfigData, stat value for create_host was WINDOWSS	0	WINDOWSS
2025-05-13 11:47:51	debug		System	Debug: **ReadConfigData, stat value for create_time was 1747126430	0	WINDOWSS
2025-05-13 11:47:51	debug		System	Debug: **ReadConfigData, stat value for last_update was 1747127736	0	WINDOWSS
2025-05-13 11:47:51	debug		System	Debug: **ReadConfigData, stat value for last_update_host was WINDOWSS	0	WINDOWSS
2025-05-13 11:47:51	debug		System	Debug: **ReadConfigData, stat value for encryption_hash was 99CCFC0D033729754B6BB4832FE786A1	0	WINDOWSS
2025-05-13 11:47:51	debug		CredentialProviderRequest	Info: *Value for IsCredentialProviderRequest:	0	WINDOWSS
2025-05-13 11:47:51	debug		Server-Client	Info: *CheckUserExists server request for josue with challenge MOSH42689e83b38a3cf6b1d121aa9f1e9d54	0	WINDOWSS
2025-05-13 11:47:51	debug		Server-Client	Info: *CheckUserExists intermediate error code: 22	0	WINDOWSS
2025-05-13 11:47:51	debug		Server-Client	Info: *Server secret used for command CheckUserExists with error code result 22: secretOTP	0	WINDOWSS
========================================
multiotp 5.9.9.1
Your script is running from C:\multiotp\
2025-05-13 11:47:51	debug		System	Debug: **ReadConfigData, stat value for anonymous_stat_last_update was 1747127736	0	WINDOWSS
2025-05-13 11:47:51	debug		System	Debug: **ReadConfigData, stat value for create_host was WINDOWSS	0	WINDOWSS
2025-05-13 11:47:51	debug		System	Debug: **ReadConfigData, stat value for create_time was 1747126430	0	WINDOWSS
2025-05-13 11:47:51	debug		System	Debug: **ReadConfigData, stat value for last_update was 1747127736	0	WINDOWSS
2025-05-13 11:47:51	debug		System	Debug: **ReadConfigData, stat value for last_update_host was WINDOWSS	0	WINDOWSS
2025-05-13 11:47:51	debug		System	Debug: **ReadConfigData, stat value for encryption_hash was 99CCFC0D033729754B6BB4832FE786A1	0	WINDOWSS
2025-05-13 11:47:51	debug		System	Debug: **ReadConfigData, stat value for anonymous_stat_last_update was 1747127736	0	WINDOWSS
2025-05-13 11:47:51	debug		System	Debug: **ReadConfigData, stat value for create_host was WINDOWSS	0	WINDOWSS
2025-05-13 11:47:51	debug		System	Debug: **ReadConfigData, stat value for create_time was 1747126430	0	WINDOWSS
2025-05-13 11:47:51	debug		System	Debug: **ReadConfigData, stat value for last_update was 1747127736	0	WINDOWSS
2025-05-13 11:47:51	debug		System	Debug: **ReadConfigData, stat value for last_update_host was WINDOWSS	0	WINDOWSS
2025-05-13 11:47:51	debug		System	Debug: **ReadConfigData, stat value for encryption_hash was 99CCFC0D033729754B6BB4832FE786A1	0	WINDOWSS
2025-05-13 11:47:51	debug		CredentialProviderRequest	Info: *Value for IsCredentialProviderRequest:	0	WINDOWSS
2025-05-13 11:47:51	debug		Server-Client	Info: *ReadUserData server request for josue	0	WINDOWSS
2025-05-13 11:47:51	debug		Server-Client	Info: *Server secret used for command ReadUserData with error code result 19: secretOTP	0	WINDOWSS
========================================
multiotp 5.9.9.1
Your script is running from C:\multiotp\
2025-05-13 11:47:51	debug		System	Debug: **ReadConfigData, stat value for anonymous_stat_last_update was 1747127736	0	WINDOWSS
2025-05-13 11:47:51	debug		System	Debug: **ReadConfigData, stat value for create_host was WINDOWSS	0	WINDOWSS
2025-05-13 11:47:51	debug		System	Debug: **ReadConfigData, stat value for create_time was 1747126430	0	WINDOWSS
2025-05-13 11:47:51	debug		System	Debug: **ReadConfigData, stat value for last_update was 1747127736	0	WINDOWSS
2025-05-13 11:47:51	debug		System	Debug: **ReadConfigData, stat value for last_update_host was WINDOWSS	0	WINDOWSS
2025-05-13 11:47:51	debug		System	Debug: **ReadConfigData, stat value for encryption_hash was 99CCFC0D033729754B6BB4832FE786A1	0	WINDOWSS
2025-05-13 11:47:51	debug		System	Debug: **ReadConfigData, stat value for anonymous_stat_last_update was 1747127736	0	WINDOWSS
2025-05-13 11:47:51	debug		System	Debug: **ReadConfigData, stat value for create_host was WINDOWSS	0	WINDOWSS
2025-05-13 11:47:51	debug		System	Debug: **ReadConfigData, stat value for create_time was 1747126430	0	WINDOWSS
2025-05-13 11:47:51	debug		System	Debug: **ReadConfigData, stat value for last_update was 1747127736	0	WINDOWSS
2025-05-13 11:47:51	debug		System	Debug: **ReadConfigData, stat value for last_update_host was WINDOWSS	0	WINDOWSS
2025-05-13 11:47:51	debug		System	Debug: **ReadConfigData, stat value for encryption_hash was 99CCFC0D033729754B6BB4832FE786A1	0	WINDOWSS
2025-05-13 11:47:51	debug		CredentialProviderRequest	Info: *Value for IsCredentialProviderRequest:	0	WINDOWSS
2025-05-13 11:47:51	debug		Server-Client	Info: *ReadUserData server request for josue	0	WINDOWSS
2025-05-13 11:47:51	debug		Server-Client	Info: *Server secret used for command ReadUserData with error code result 19: secretOTP	0	WINDOWSS
========================================
multiotp 5.9.9.1
Your script is running from C:\multiotp\
2025-05-13 11:47:52	debug		System	Debug: **ReadConfigData, stat value for anonymous_stat_last_update was 1747127736	0	WINDOWSS
2025-05-13 11:47:52	debug		System	Debug: **ReadConfigData, stat value for create_host was WINDOWSS	0	WINDOWSS
2025-05-13 11:47:52	debug		System	Debug: **ReadConfigData, stat value for create_time was 1747126430	0	WINDOWSS
2025-05-13 11:47:52	debug		System	Debug: **ReadConfigData, stat value for last_update was 1747127736	0	WINDOWSS
2025-05-13 11:47:52	debug		System	Debug: **ReadConfigData, stat value for last_update_host was WINDOWSS	0	WINDOWSS
2025-05-13 11:47:52	debug		System	Debug: **ReadConfigData, stat value for encryption_hash was 99CCFC0D033729754B6BB4832FE786A1	0	WINDOWSS
2025-05-13 11:47:52	debug		System	Debug: **ReadConfigData, stat value for anonymous_stat_last_update was 1747127736	0	WINDOWSS
2025-05-13 11:47:52	debug		System	Debug: **ReadConfigData, stat value for create_host was WINDOWSS	0	WINDOWSS
2025-05-13 11:47:52	debug		System	Debug: **ReadConfigData, stat value for create_time was 1747126430	0	WINDOWSS
2025-05-13 11:47:52	debug		System	Debug: **ReadConfigData, stat value for last_update was 1747127736	0	WINDOWSS
2025-05-13 11:47:52	debug		System	Debug: **ReadConfigData, stat value for last_update_host was WINDOWSS	0	WINDOWSS
2025-05-13 11:47:52	debug		System	Debug: **ReadConfigData, stat value for encryption_hash was 99CCFC0D033729754B6BB4832FE786A1	0	WINDOWSS
2025-05-13 11:47:52	debug		CredentialProviderRequest	Info: *Value for IsCredentialProviderRequest: 1	0	WINDOWSS
2025-05-13 11:47:52	debug		Server-Client	Info: *CheckUserToken server request.	0	WINDOWSS
2025-05-13 11:47:52	warning	josue	User	Error: authentication failed (using Credential Provider) for user josue	0	WINDOWSS
2025-05-13 11:47:52	warning	josue	User	Info: *(authentication typed by the user is CHAP encrypted)	0	WINDOWSS
2025-05-13 11:47:52	debug		Server-Client	Info: *Server secret used for command CheckUserToken with error code result 99: secretOTP	0	WINDOWSS
========================================
multiotp 5.9.9.1
Your script is running from C:\multiotp\
2025-05-13 11:47:58	debug		System	Debug: **ReadConfigData, stat value for anonymous_stat_last_update was 1747127736	0	WINDOWSS
2025-05-13 11:47:58	debug		System	Debug: **ReadConfigData, stat value for create_host was WINDOWSS	0	WINDOWSS
2025-05-13 11:47:58	debug		System	Debug: **ReadConfigData, stat value for create_time was 1747126430	0	WINDOWSS
2025-05-13 11:47:58	debug		System	Debug: **ReadConfigData, stat value for last_update was 1747127736	0	WINDOWSS
2025-05-13 11:47:58	debug		System	Debug: **ReadConfigData, stat value for last_update_host was WINDOWSS	0	WINDOWSS
2025-05-13 11:47:58	debug		System	Debug: **ReadConfigData, stat value for encryption_hash was 99CCFC0D033729754B6BB4832FE786A1	0	WINDOWSS
2025-05-13 11:47:58	debug		System	Debug: **ReadConfigData, stat value for anonymous_stat_last_update was 1747127736	0	WINDOWSS
2025-05-13 11:47:58	debug		System	Debug: **ReadConfigData, stat value for create_host was WINDOWSS	0	WINDOWSS
2025-05-13 11:47:58	debug		System	Debug: **ReadConfigData, stat value for create_time was 1747126430	0	WINDOWSS
2025-05-13 11:47:58	debug		System	Debug: **ReadConfigData, stat value for last_update was 1747127736	0	WINDOWSS
2025-05-13 11:47:58	debug		System	Debug: **ReadConfigData, stat value for last_update_host was WINDOWSS	0	WINDOWSS
2025-05-13 11:47:58	debug		System	Debug: **ReadConfigData, stat value for encryption_hash was 99CCFC0D033729754B6BB4832FE786A1	0	WINDOWSS
2025-05-13 11:47:58	debug		CredentialProviderRequest	Info: *Value for IsCredentialProviderRequest:	0	WINDOWSS
2025-05-13 11:47:58	debug		Server-Client	Info: *CheckUserExists server request for josue with challenge MOSH63de39cc90ff66883dba434f3484f0ce	0	WINDOWSS
2025-05-13 11:47:58	debug		Server-Client	Info: *CheckUserExists intermediate error code: 22	0	WINDOWSS
2025-05-13 11:47:58	debug		Server-Client	Info: *Server secret used for command CheckUserExists with error code result 22: secretOTP	0	WINDOWSS
========================================
multiotp 5.9.9.1
Your script is running from C:\multiotp\
2025-05-13 11:47:58	debug		System	Debug: **ReadConfigData, stat value for anonymous_stat_last_update was 1747127736	0	WINDOWSS
2025-05-13 11:47:58	debug		System	Debug: **ReadConfigData, stat value for create_host was WINDOWSS	0	WINDOWSS
2025-05-13 11:47:58	debug		System	Debug: **ReadConfigData, stat value for create_time was 1747126430	0	WINDOWSS
2025-05-13 11:47:58	debug		System	Debug: **ReadConfigData, stat value for last_update was 1747127736	0	WINDOWSS
2025-05-13 11:47:58	debug		System	Debug: **ReadConfigData, stat value for last_update_host was WINDOWSS	0	WINDOWSS
2025-05-13 11:47:58	debug		System	Debug: **ReadConfigData, stat value for encryption_hash was 99CCFC0D033729754B6BB4832FE786A1	0	WINDOWSS
2025-05-13 11:47:58	debug		System	Debug: **ReadConfigData, stat value for anonymous_stat_last_update was 1747127736	0	WINDOWSS
2025-05-13 11:47:58	debug		System	Debug: **ReadConfigData, stat value for create_host was WINDOWSS	0	WINDOWSS
2025-05-13 11:47:58	debug		System	Debug: **ReadConfigData, stat value for create_time was 1747126430	0	WINDOWSS
2025-05-13 11:47:58	debug		System	Debug: **ReadConfigData, stat value for last_update was 1747127736	0	WINDOWSS
2025-05-13 11:47:58	debug		System	Debug: **ReadConfigData, stat value for last_update_host was WINDOWSS	0	WINDOWSS
2025-05-13 11:47:58	debug		System	Debug: **ReadConfigData, stat value for encryption_hash was 99CCFC0D033729754B6BB4832FE786A1	0	WINDOWSS
2025-05-13 11:47:58	debug		CredentialProviderRequest	Info: *Value for IsCredentialProviderRequest:	0	WINDOWSS
2025-05-13 11:47:58	debug		Server-Client	Info: *ReadUserData server request for josue	0	WINDOWSS
2025-05-13 11:47:58	debug		Server-Client	Info: *Server secret used for command ReadUserData with error code result 19: secretOTP	0	WINDOWSS
========================================
multiotp 5.9.9.1
Your script is running from C:\multiotp\
2025-05-13 11:47:58	debug		System	Debug: **ReadConfigData, stat value for anonymous_stat_last_update was 1747127736	0	WINDOWSS
2025-05-13 11:47:58	debug		System	Debug: **ReadConfigData, stat value for create_host was WINDOWSS	0	WINDOWSS
2025-05-13 11:47:58	debug		System	Debug: **ReadConfigData, stat value for create_time was 1747126430	0	WINDOWSS
2025-05-13 11:47:58	debug		System	Debug: **ReadConfigData, stat value for last_update was 1747127736	0	WINDOWSS
2025-05-13 11:47:58	debug		System	Debug: **ReadConfigData, stat value for last_update_host was WINDOWSS	0	WINDOWSS
2025-05-13 11:47:58	debug		System	Debug: **ReadConfigData, stat value for encryption_hash was 99CCFC0D033729754B6BB4832FE786A1	0	WINDOWSS
2025-05-13 11:47:58	debug		System	Debug: **ReadConfigData, stat value for anonymous_stat_last_update was 1747127736	0	WINDOWSS
2025-05-13 11:47:58	debug		System	Debug: **ReadConfigData, stat value for create_host was WINDOWSS	0	WINDOWSS
2025-05-13 11:47:58	debug		System	Debug: **ReadConfigData, stat value for create_time was 1747126430	0	WINDOWSS
2025-05-13 11:47:58	debug		System	Debug: **ReadConfigData, stat value for last_update was 1747127736	0	WINDOWSS
2025-05-13 11:47:58	debug		System	Debug: **ReadConfigData, stat value for last_update_host was WINDOWSS	0	WINDOWSS
2025-05-13 11:47:58	debug		System	Debug: **ReadConfigData, stat value for encryption_hash was 99CCFC0D033729754B6BB4832FE786A1	0	WINDOWSS
2025-05-13 11:47:58	debug		CredentialProviderRequest	Info: *Value for IsCredentialProviderRequest:	0	WINDOWSS
2025-05-13 11:47:58	debug		Server-Client	Info: *ReadUserData server request for josue	0	WINDOWSS
2025-05-13 11:47:58	debug		Server-Client	Info: *Server secret used for command ReadUserData with error code result 19: secretOTP	0	WINDOWSS
========================================
multiotp 5.9.9.1
Your script is running from C:\multiotp\
2025-05-13 11:47:58	debug		System	Debug: **ReadConfigData, stat value for anonymous_stat_last_update was 1747127736	0	WINDOWSS
2025-05-13 11:47:58	debug		System	Debug: **ReadConfigData, stat value for create_host was WINDOWSS	0	WINDOWSS
2025-05-13 11:47:58	debug		System	Debug: **ReadConfigData, stat value for create_time was 1747126430	0	WINDOWSS
2025-05-13 11:47:58	debug		System	Debug: **ReadConfigData, stat value for last_update was 1747127736	0	WINDOWSS
2025-05-13 11:47:58	debug		System	Debug: **ReadConfigData, stat value for last_update_host was WINDOWSS	0	WINDOWSS
2025-05-13 11:47:58	debug		System	Debug: **ReadConfigData, stat value for encryption_hash was 99CCFC0D033729754B6BB4832FE786A1	0	WINDOWSS
2025-05-13 11:47:58	debug		System	Debug: **ReadConfigData, stat value for anonymous_stat_last_update was 1747127736	0	WINDOWSS
2025-05-13 11:47:58	debug		System	Debug: **ReadConfigData, stat value for create_host was WINDOWSS	0	WINDOWSS
2025-05-13 11:47:58	debug		System	Debug: **ReadConfigData, stat value for create_time was 1747126430	0	WINDOWSS
2025-05-13 11:47:58	debug		System	Debug: **ReadConfigData, stat value for last_update was 1747127736	0	WINDOWSS
2025-05-13 11:47:58	debug		System	Debug: **ReadConfigData, stat value for last_update_host was WINDOWSS	0	WINDOWSS
2025-05-13 11:47:58	debug		System	Debug: **ReadConfigData, stat value for encryption_hash was 99CCFC0D033729754B6BB4832FE786A1	0	WINDOWSS
2025-05-13 11:47:58	debug		CredentialProviderRequest	Info: *Value for IsCredentialProviderRequest: 1	0	WINDOWSS
2025-05-13 11:47:58	debug		Server-Client	Info: *CheckUserToken server request.	0	WINDOWSS
2025-05-13 11:47:58	notice	josue	User	OK: User josue successfully logged in (using Credential Provider) with TOTP token	0	WINDOWSS
2025-05-13 11:47:58	debug		Server-Client	Info: *Cache level is set to 1	0	WINDOWSS
2025-05-13 11:47:58	debug		Server-Client	Info: *Server secret used for command CheckUserToken with error code result 0: secretOTP	0	WINDOWSS
========================================
multiotp 5.9.9.1
Your script is running from C:\multiotp\
2025-05-13 11:48:53	debug		System	Debug: **ReadConfigData, stat value for anonymous_stat_last_update was 1747127736	0	WINDOWSS
2025-05-13 11:48:53	debug		System	Debug: **ReadConfigData, stat value for create_host was WINDOWSS	0	WINDOWSS
2025-05-13 11:48:53	debug		System	Debug: **ReadConfigData, stat value for create_time was 1747126430	0	WINDOWSS
2025-05-13 11:48:53	debug		System	Debug: **ReadConfigData, stat value for last_update was 1747127736	0	WINDOWSS
2025-05-13 11:48:53	debug		System	Debug: **ReadConfigData, stat value for last_update_host was WINDOWSS	0	WINDOWSS
2025-05-13 11:48:53	debug		System	Debug: **ReadConfigData, stat value for encryption_hash was 99CCFC0D033729754B6BB4832FE786A1	0	WINDOWSS
2025-05-13 11:48:53	debug		System	Debug: **ReadConfigData, stat value for anonymous_stat_last_update was 1747127736	0	WINDOWSS
2025-05-13 11:48:53	debug		System	Debug: **ReadConfigData, stat value for create_host was WINDOWSS	0	WINDOWSS
2025-05-13 11:48:53	debug		System	Debug: **ReadConfigData, stat value for create_time was 1747126430	0	WINDOWSS
2025-05-13 11:48:53	debug		System	Debug: **ReadConfigData, stat value for last_update was 1747127736	0	WINDOWSS
2025-05-13 11:48:53	debug		System	Debug: **ReadConfigData, stat value for last_update_host was WINDOWSS	0	WINDOWSS
2025-05-13 11:48:53	debug		System	Debug: **ReadConfigData, stat value for encryption_hash was 99CCFC0D033729754B6BB4832FE786A1	0	WINDOWSS
2025-05-13 11:48:53	debug		CredentialProviderRequest	Info: *Value for IsCredentialProviderRequest:	0	WINDOWSS
2025-05-13 11:48:53	debug		Server-Client	Info: *CheckUserExists server request for josue with challenge MOSHeef9f274bfdaff0f0e3006e2363b0863	0	WINDOWSS
2025-05-13 11:48:53	debug		Server-Client	Info: *CheckUserExists intermediate error code: 22	0	WINDOWSS
2025-05-13 11:48:53	debug		Server-Client	Info: *Server secret used for command CheckUserExists with error code result 22: secretOTP	0	WINDOWSS
========================================
multiotp 5.9.9.1
Your script is running from C:\multiotp\
2025-05-13 11:48:54	debug		System	Debug: **ReadConfigData, stat value for anonymous_stat_last_update was 1747127736	0	WINDOWSS
2025-05-13 11:48:54	debug		System	Debug: **ReadConfigData, stat value for create_host was WINDOWSS	0	WINDOWSS
2025-05-13 11:48:54	debug		System	Debug: **ReadConfigData, stat value for create_time was 1747126430	0	WINDOWSS
2025-05-13 11:48:54	debug		System	Debug: **ReadConfigData, stat value for last_update was 1747127736	0	WINDOWSS
2025-05-13 11:48:54	debug		System	Debug: **ReadConfigData, stat value for last_update_host was WINDOWSS	0	WINDOWSS
2025-05-13 11:48:54	debug		System	Debug: **ReadConfigData, stat value for encryption_hash was 99CCFC0D033729754B6BB4832FE786A1	0	WINDOWSS
2025-05-13 11:48:54	debug		System	Debug: **ReadConfigData, stat value for anonymous_stat_last_update was 1747127736	0	WINDOWSS
2025-05-13 11:48:54	debug		System	Debug: **ReadConfigData, stat value for create_host was WINDOWSS	0	WINDOWSS
2025-05-13 11:48:54	debug		System	Debug: **ReadConfigData, stat value for create_time was 1747126430	0	WINDOWSS
2025-05-13 11:48:54	debug		System	Debug: **ReadConfigData, stat value for last_update was 1747127736	0	WINDOWSS
2025-05-13 11:48:54	debug		System	Debug: **ReadConfigData, stat value for last_update_host was WINDOWSS	0	WINDOWSS
2025-05-13 11:48:54	debug		System	Debug: **ReadConfigData, stat value for encryption_hash was 99CCFC0D033729754B6BB4832FE786A1	0	WINDOWSS
2025-05-13 11:48:54	debug		CredentialProviderRequest	Info: *Value for IsCredentialProviderRequest:	0	WINDOWSS
2025-05-13 11:48:54	debug		Server-Client	Info: *ReadUserData server request for josue	0	WINDOWSS
2025-05-13 11:48:54	debug		Server-Client	Info: *Server secret used for command ReadUserData with error code result 19: secretOTP	0	WINDOWSS
========================================
multiotp 5.9.9.1
Your script is running from C:\multiotp\
2025-05-13 11:48:54	debug		System	Debug: **ReadConfigData, stat value for anonymous_stat_last_update was 1747127736	0	WINDOWSS
2025-05-13 11:48:54	debug		System	Debug: **ReadConfigData, stat value for create_host was WINDOWSS	0	WINDOWSS
2025-05-13 11:48:54	debug		System	Debug: **ReadConfigData, stat value for create_time was 1747126430	0	WINDOWSS
2025-05-13 11:48:54	debug		System	Debug: **ReadConfigData, stat value for last_update was 1747127736	0	WINDOWSS
2025-05-13 11:48:54	debug		System	Debug: **ReadConfigData, stat value for last_update_host was WINDOWSS	0	WINDOWSS
2025-05-13 11:48:54	debug		System	Debug: **ReadConfigData, stat value for encryption_hash was 99CCFC0D033729754B6BB4832FE786A1	0	WINDOWSS
2025-05-13 11:48:54	debug		System	Debug: **ReadConfigData, stat value for anonymous_stat_last_update was 1747127736	0	WINDOWSS
2025-05-13 11:48:54	debug		System	Debug: **ReadConfigData, stat value for create_host was WINDOWSS	0	WINDOWSS
2025-05-13 11:48:54	debug		System	Debug: **ReadConfigData, stat value for create_time was 1747126430	0	WINDOWSS
2025-05-13 11:48:54	debug		System	Debug: **ReadConfigData, stat value for last_update was 1747127736	0	WINDOWSS
2025-05-13 11:48:54	debug		System	Debug: **ReadConfigData, stat value for last_update_host was WINDOWSS	0	WINDOWSS
2025-05-13 11:48:54	debug		System	Debug: **ReadConfigData, stat value for encryption_hash was 99CCFC0D033729754B6BB4832FE786A1	0	WINDOWSS
2025-05-13 11:48:54	debug		CredentialProviderRequest	Info: *Value for IsCredentialProviderRequest:	0	WINDOWSS
2025-05-13 11:48:54	debug		Server-Client	Info: *ReadUserData server request for josue	0	WINDOWSS
2025-05-13 11:48:54	debug		Server-Client	Info: *Server secret used for command ReadUserData with error code result 19: secretOTP	0	WINDOWSS
========================================
multiotp 5.9.9.1
Your script is running from C:\multiotp\
2025-05-13 11:48:54	debug		System	Debug: **ReadConfigData, stat value for anonymous_stat_last_update was 1747127736	0	WINDOWSS
2025-05-13 11:48:54	debug		System	Debug: **ReadConfigData, stat value for create_host was WINDOWSS	0	WINDOWSS
2025-05-13 11:48:54	debug		System	Debug: **ReadConfigData, stat value for create_time was 1747126430	0	WINDOWSS
2025-05-13 11:48:54	debug		System	Debug: **ReadConfigData, stat value for last_update was 1747127736	0	WINDOWSS
2025-05-13 11:48:54	debug		System	Debug: **ReadConfigData, stat value for last_update_host was WINDOWSS	0	WINDOWSS
2025-05-13 11:48:54	debug		System	Debug: **ReadConfigData, stat value for encryption_hash was 99CCFC0D033729754B6BB4832FE786A1	0	WINDOWSS
2025-05-13 11:48:54	debug		System	Debug: **ReadConfigData, stat value for anonymous_stat_last_update was 1747127736	0	WINDOWSS
2025-05-13 11:48:54	debug		System	Debug: **ReadConfigData, stat value for create_host was WINDOWSS	0	WINDOWSS
2025-05-13 11:48:54	debug		System	Debug: **ReadConfigData, stat value for create_time was 1747126430	0	WINDOWSS
2025-05-13 11:48:54	debug		System	Debug: **ReadConfigData, stat value for last_update was 1747127736	0	WINDOWSS
2025-05-13 11:48:54	debug		System	Debug: **ReadConfigData, stat value for last_update_host was WINDOWSS	0	WINDOWSS
2025-05-13 11:48:54	debug		System	Debug: **ReadConfigData, stat value for encryption_hash was 99CCFC0D033729754B6BB4832FE786A1	0	WINDOWSS
2025-05-13 11:48:54	debug		CredentialProviderRequest	Info: *Value for IsCredentialProviderRequest: 1	0	WINDOWSS
2025-05-13 11:48:54	debug		Server-Client	Info: *CheckUserToken server request.	0	WINDOWSS
2025-05-13 11:48:54	warning	josue	User	Error: authentication failed (using Credential Provider) for user josue	0	WINDOWSS
2025-05-13 11:48:54	warning	josue	User	Info: *(authentication typed by the user is CHAP encrypted)	0	WINDOWSS
2025-05-13 11:48:54	debug		Server-Client	Info: *Server secret used for command CheckUserToken with error code result 99: secretOTP	0	WINDOWSS
========================================
multiotp 5.9.9.1
Your script is running from C:\multiotp\
2025-05-13 11:49:06	debug		System	Debug: **ReadConfigData, stat value for anonymous_stat_last_update was 1747127736	0	WINDOWSS
2025-05-13 11:49:06	debug		System	Debug: **ReadConfigData, stat value for create_host was WINDOWSS	0	WINDOWSS
2025-05-13 11:49:06	debug		System	Debug: **ReadConfigData, stat value for create_time was 1747126430	0	WINDOWSS
2025-05-13 11:49:06	debug		System	Debug: **ReadConfigData, stat value for last_update was 1747127736	0	WINDOWSS
2025-05-13 11:49:06	debug		System	Debug: **ReadConfigData, stat value for last_update_host was WINDOWSS	0	WINDOWSS
2025-05-13 11:49:06	debug		System	Debug: **ReadConfigData, stat value for encryption_hash was 99CCFC0D033729754B6BB4832FE786A1	0	WINDOWSS
2025-05-13 11:49:06	debug		System	Debug: **ReadConfigData, stat value for anonymous_stat_last_update was 1747127736	0	WINDOWSS
2025-05-13 11:49:06	debug		System	Debug: **ReadConfigData, stat value for create_host was WINDOWSS	0	WINDOWSS
2025-05-13 11:49:06	debug		System	Debug: **ReadConfigData, stat value for create_time was 1747126430	0	WINDOWSS
2025-05-13 11:49:06	debug		System	Debug: **ReadConfigData, stat value for last_update was 1747127736	0	WINDOWSS
2025-05-13 11:49:06	debug		System	Debug: **ReadConfigData, stat value for last_update_host was WINDOWSS	0	WINDOWSS
2025-05-13 11:49:06	debug		System	Debug: **ReadConfigData, stat value for encryption_hash was 99CCFC0D033729754B6BB4832FE786A1	0	WINDOWSS
2025-05-13 11:49:06	debug		CredentialProviderRequest	Info: *Value for IsCredentialProviderRequest:	0	WINDOWSS
2025-05-13 11:49:06	debug		Server-Client	Info: *CheckUserExists server request for josue with challenge MOSH0635676c49d51cded719694ac54ed583	0	WINDOWSS
2025-05-13 11:49:06	debug		Server-Client	Info: *CheckUserExists intermediate error code: 22	0	WINDOWSS
2025-05-13 11:49:06	debug		Server-Client	Info: *Server secret used for command CheckUserExists with error code result 22: secretOTP	0	WINDOWSS
========================================
multiotp 5.9.9.1
Your script is running from C:\multiotp\
2025-05-13 11:49:06	debug		System	Debug: **ReadConfigData, stat value for anonymous_stat_last_update was 1747127736	0	WINDOWSS
2025-05-13 11:49:06	debug		System	Debug: **ReadConfigData, stat value for create_host was WINDOWSS	0	WINDOWSS
2025-05-13 11:49:06	debug		System	Debug: **ReadConfigData, stat value for create_time was 1747126430	0	WINDOWSS
2025-05-13 11:49:06	debug		System	Debug: **ReadConfigData, stat value for last_update was 1747127736	0	WINDOWSS
2025-05-13 11:49:06	debug		System	Debug: **ReadConfigData, stat value for last_update_host was WINDOWSS	0	WINDOWSS
2025-05-13 11:49:06	debug		System	Debug: **ReadConfigData, stat value for encryption_hash was 99CCFC0D033729754B6BB4832FE786A1	0	WINDOWSS
2025-05-13 11:49:06	debug		System	Debug: **ReadConfigData, stat value for anonymous_stat_last_update was 1747127736	0	WINDOWSS
2025-05-13 11:49:06	debug		System	Debug: **ReadConfigData, stat value for create_host was WINDOWSS	0	WINDOWSS
2025-05-13 11:49:06	debug		System	Debug: **ReadConfigData, stat value for create_time was 1747126430	0	WINDOWSS
2025-05-13 11:49:06	debug		System	Debug: **ReadConfigData, stat value for last_update was 1747127736	0	WINDOWSS
2025-05-13 11:49:06	debug		System	Debug: **ReadConfigData, stat value for last_update_host was WINDOWSS	0	WINDOWSS
2025-05-13 11:49:06	debug		System	Debug: **ReadConfigData, stat value for encryption_hash was 99CCFC0D033729754B6BB4832FE786A1	0	WINDOWSS
2025-05-13 11:49:06	debug		CredentialProviderRequest	Info: *Value for IsCredentialProviderRequest:	0	WINDOWSS
2025-05-13 11:49:06	debug		Server-Client	Info: *ReadUserData server request for josue	0	WINDOWSS
2025-05-13 11:49:06	debug		Server-Client	Info: *Server secret used for command ReadUserData with error code result 19: secretOTP	0	WINDOWSS
========================================
multiotp 5.9.9.1
Your script is running from C:\multiotp\
2025-05-13 11:49:06	debug		System	Debug: **ReadConfigData, stat value for anonymous_stat_last_update was 1747127736	0	WINDOWSS
2025-05-13 11:49:06	debug		System	Debug: **ReadConfigData, stat value for create_host was WINDOWSS	0	WINDOWSS
2025-05-13 11:49:06	debug		System	Debug: **ReadConfigData, stat value for create_time was 1747126430	0	WINDOWSS
2025-05-13 11:49:06	debug		System	Debug: **ReadConfigData, stat value for last_update was 1747127736	0	WINDOWSS
2025-05-13 11:49:06	debug		System	Debug: **ReadConfigData, stat value for last_update_host was WINDOWSS	0	WINDOWSS
2025-05-13 11:49:06	debug		System	Debug: **ReadConfigData, stat value for encryption_hash was 99CCFC0D033729754B6BB4832FE786A1	0	WINDOWSS
2025-05-13 11:49:06	debug		System	Debug: **ReadConfigData, stat value for anonymous_stat_last_update was 1747127736	0	WINDOWSS
2025-05-13 11:49:06	debug		System	Debug: **ReadConfigData, stat value for create_host was WINDOWSS	0	WINDOWSS
2025-05-13 11:49:06	debug		System	Debug: **ReadConfigData, stat value for create_time was 1747126430	0	WINDOWSS
2025-05-13 11:49:06	debug		System	Debug: **ReadConfigData, stat value for last_update was 1747127736	0	WINDOWSS
2025-05-13 11:49:06	debug		System	Debug: **ReadConfigData, stat value for last_update_host was WINDOWSS	0	WINDOWSS
2025-05-13 11:49:06	debug		System	Debug: **ReadConfigData, stat value for encryption_hash was 99CCFC0D033729754B6BB4832FE786A1	0	WINDOWSS
2025-05-13 11:49:06	debug		CredentialProviderRequest	Info: *Value for IsCredentialProviderRequest:	0	WINDOWSS
2025-05-13 11:49:06	debug		Server-Client	Info: *ReadUserData server request for josue	0	WINDOWSS
2025-05-13 11:49:06	debug		Server-Client	Info: *Server secret used for command ReadUserData with error code result 19: secretOTP	0	WINDOWSS
========================================
multiotp 5.9.9.1
Your script is running from C:\multiotp\
2025-05-13 11:49:07	debug		System	Debug: **ReadConfigData, stat value for anonymous_stat_last_update was 1747127736	0	WINDOWSS
2025-05-13 11:49:07	debug		System	Debug: **ReadConfigData, stat value for create_host was WINDOWSS	0	WINDOWSS
2025-05-13 11:49:07	debug		System	Debug: **ReadConfigData, stat value for create_time was 1747126430	0	WINDOWSS
2025-05-13 11:49:07	debug		System	Debug: **ReadConfigData, stat value for last_update was 1747127736	0	WINDOWSS
2025-05-13 11:49:07	debug		System	Debug: **ReadConfigData, stat value for last_update_host was WINDOWSS	0	WINDOWSS
2025-05-13 11:49:07	debug		System	Debug: **ReadConfigData, stat value for encryption_hash was 99CCFC0D033729754B6BB4832FE786A1	0	WINDOWSS
2025-05-13 11:49:07	debug		System	Debug: **ReadConfigData, stat value for anonymous_stat_last_update was 1747127736	0	WINDOWSS
2025-05-13 11:49:07	debug		System	Debug: **ReadConfigData, stat value for create_host was WINDOWSS	0	WINDOWSS
2025-05-13 11:49:07	debug		System	Debug: **ReadConfigData, stat value for create_time was 1747126430	0	WINDOWSS
2025-05-13 11:49:07	debug		System	Debug: **ReadConfigData, stat value for last_update was 1747127736	0	WINDOWSS
2025-05-13 11:49:07	debug		System	Debug: **ReadConfigData, stat value for last_update_host was WINDOWSS	0	WINDOWSS
2025-05-13 11:49:07	debug		System	Debug: **ReadConfigData, stat value for encryption_hash was 99CCFC0D033729754B6BB4832FE786A1	0	WINDOWSS
2025-05-13 11:49:07	debug		CredentialProviderRequest	Info: *Value for IsCredentialProviderRequest: 1	0	WINDOWSS
2025-05-13 11:49:07	debug		Server-Client	Info: *CheckUserToken server request.	0	WINDOWSS
2025-05-13 11:49:07	notice	josue	User	OK: User josue successfully logged in (using Credential Provider) with TOTP token	0	WINDOWSS
2025-05-13 11:49:07	debug		Server-Client	Info: *Cache level is set to 1	0	WINDOWSS
2025-05-13 11:49:07	debug		Server-Client	Info: *Server secret used for command CheckUserToken with error code result 0: secretOTP	0	WINDOWSS
========================================
multiotp 5.9.9.1
Your script is running from C:\multiotp\
2025-05-13 11:50:35	debug		System	Debug: **ReadConfigData, stat value for anonymous_stat_last_update was 1747127736	0	WINDOWSS
2025-05-13 11:50:35	debug		System	Debug: **ReadConfigData, stat value for create_host was WINDOWSS	0	WINDOWSS
2025-05-13 11:50:35	debug		System	Debug: **ReadConfigData, stat value for create_time was 1747126430	0	WINDOWSS
2025-05-13 11:50:35	debug		System	Debug: **ReadConfigData, stat value for last_update was 1747127736	0	WINDOWSS
2025-05-13 11:50:35	debug		System	Debug: **ReadConfigData, stat value for last_update_host was WINDOWSS	0	WINDOWSS
2025-05-13 11:50:35	debug		System	Debug: **ReadConfigData, stat value for encryption_hash was 99CCFC0D033729754B6BB4832FE786A1	0	WINDOWSS
2025-05-13 11:50:35	debug		System	Debug: **ReadConfigData, stat value for anonymous_stat_last_update was 1747127736	0	WINDOWSS
2025-05-13 11:50:35	debug		System	Debug: **ReadConfigData, stat value for create_host was WINDOWSS	0	WINDOWSS
2025-05-13 11:50:35	debug		System	Debug: **ReadConfigData, stat value for create_time was 1747126430	0	WINDOWSS
2025-05-13 11:50:35	debug		System	Debug: **ReadConfigData, stat value for last_update was 1747127736	0	WINDOWSS
2025-05-13 11:50:35	debug		System	Debug: **ReadConfigData, stat value for last_update_host was WINDOWSS	0	WINDOWSS
2025-05-13 11:50:35	debug		System	Debug: **ReadConfigData, stat value for encryption_hash was 99CCFC0D033729754B6BB4832FE786A1	0	WINDOWSS
========================================
multiotp 5.9.9.1
Your script is running from C:\multiotp\
2025-05-13 11:50:35	debug		System	Debug: **ReadConfigData, stat value for anonymous_stat_last_update was 1747127736	0	WINDOWSS
2025-05-13 11:50:35	debug		System	Debug: **ReadConfigData, stat value for create_host was WINDOWSS	0	WINDOWSS
2025-05-13 11:50:35	debug		System	Debug: **ReadConfigData, stat value for create_time was 1747126430	0	WINDOWSS
2025-05-13 11:50:35	debug		System	Debug: **ReadConfigData, stat value for last_update was 1747127736	0	WINDOWSS
2025-05-13 11:50:35	debug		System	Debug: **ReadConfigData, stat value for last_update_host was WINDOWSS	0	WINDOWSS
2025-05-13 11:50:35	debug		System	Debug: **ReadConfigData, stat value for encryption_hash was 99CCFC0D033729754B6BB4832FE786A1	0	WINDOWSS
2025-05-13 11:50:35	debug		System	Debug: **ReadConfigData, stat value for anonymous_stat_last_update was 1747127736	0	WINDOWSS
2025-05-13 11:50:35	debug		System	Debug: **ReadConfigData, stat value for create_host was WINDOWSS	0	WINDOWSS
2025-05-13 11:50:35	debug		System	Debug: **ReadConfigData, stat value for create_time was 1747126430	0	WINDOWSS
2025-05-13 11:50:35	debug		System	Debug: **ReadConfigData, stat value for last_update was 1747127736	0	WINDOWSS
2025-05-13 11:50:36	debug		System	Debug: **ReadConfigData, stat value for last_update_host was WINDOWSS	0	WINDOWSS
2025-05-13 11:50:36	debug		System	Debug: **ReadConfigData, stat value for encryption_hash was 99CCFC0D033729754B6BB4832FE786A1	0	WINDOWSS
========================================
multiotp 5.9.9.1
Your script is running from C:\multiotp\
2025-05-13 11:50:36	debug		System	Debug: **ReadConfigData, stat value for anonymous_stat_last_update was 1747127736	0	WINDOWSS
2025-05-13 11:50:36	debug		System	Debug: **ReadConfigData, stat value for create_host was WINDOWSS	0	WINDOWSS
2025-05-13 11:50:36	debug		System	Debug: **ReadConfigData, stat value for create_time was 1747126430	0	WINDOWSS
2025-05-13 11:50:36	debug		System	Debug: **ReadConfigData, stat value for last_update was 1747127736	0	WINDOWSS
2025-05-13 11:50:36	debug		System	Debug: **ReadConfigData, stat value for last_update_host was WINDOWSS	0	WINDOWSS
2025-05-13 11:50:36	debug		System	Debug: **ReadConfigData, stat value for encryption_hash was 99CCFC0D033729754B6BB4832FE786A1	0	WINDOWSS
2025-05-13 11:50:36	debug		System	Debug: **ReadConfigData, stat value for anonymous_stat_last_update was 1747127736	0	WINDOWSS
2025-05-13 11:50:36	debug		System	Debug: **ReadConfigData, stat value for create_host was WINDOWSS	0	WINDOWSS
2025-05-13 11:50:36	debug		System	Debug: **ReadConfigData, stat value for create_time was 1747126430	0	WINDOWSS
2025-05-13 11:50:36	debug		System	Debug: **ReadConfigData, stat value for last_update was 1747127736	0	WINDOWSS
2025-05-13 11:50:36	debug		System	Debug: **ReadConfigData, stat value for last_update_host was WINDOWSS	0	WINDOWSS
2025-05-13 11:50:36	debug		System	Debug: **ReadConfigData, stat value for encryption_hash was 99CCFC0D033729754B6BB4832FE786A1	0	WINDOWSS
========================================
multiotp 5.9.9.1
Your script is running from C:\multiotp\
2025-05-13 11:50:36	debug		System	Debug: **ReadConfigData, stat value for anonymous_stat_last_update was 1747127736	0	WINDOWSS
2025-05-13 11:50:36	debug		System	Debug: **ReadConfigData, stat value for create_host was WINDOWSS	0	WINDOWSS
2025-05-13 11:50:36	debug		System	Debug: **ReadConfigData, stat value for create_time was 1747126430	0	WINDOWSS
2025-05-13 11:50:36	debug		System	Debug: **ReadConfigData, stat value for last_update was 1747127736	0	WINDOWSS
2025-05-13 11:50:36	debug		System	Debug: **ReadConfigData, stat value for last_update_host was WINDOWSS	0	WINDOWSS
2025-05-13 11:50:36	debug		System	Debug: **ReadConfigData, stat value for encryption_hash was 99CCFC0D033729754B6BB4832FE786A1	0	WINDOWSS
2025-05-13 11:50:36	debug		System	Debug: **ReadConfigData, stat value for anonymous_stat_last_update was 1747127736	0	WINDOWSS
2025-05-13 11:50:36	debug		System	Debug: **ReadConfigData, stat value for create_host was WINDOWSS	0	WINDOWSS
2025-05-13 11:50:36	debug		System	Debug: **ReadConfigData, stat value for create_time was 1747126430	0	WINDOWSS
2025-05-13 11:50:36	debug		System	Debug: **ReadConfigData, stat value for last_update was 1747127736	0	WINDOWSS
2025-05-13 11:50:36	debug		System	Debug: **ReadConfigData, stat value for last_update_host was WINDOWSS	0	WINDOWSS
2025-05-13 11:50:36	debug		System	Debug: **ReadConfigData, stat value for encryption_hash was 99CCFC0D033729754B6BB4832FE786A1	0	WINDOWSS
========================================
multiotp 5.9.9.1
Your script is running from C:\multiotp\
2025-05-13 11:50:36	debug		System	Debug: **ReadConfigData, stat value for anonymous_stat_last_update was 1747127736	0	WINDOWSS
2025-05-13 11:50:36	debug		System	Debug: **ReadConfigData, stat value for create_host was WINDOWSS	0	WINDOWSS
2025-05-13 11:50:36	debug		System	Debug: **ReadConfigData, stat value for create_time was 1747126430	0	WINDOWSS
2025-05-13 11:50:36	debug		System	Debug: **ReadConfigData, stat value for last_update was 1747127736	0	WINDOWSS
2025-05-13 11:50:36	debug		System	Debug: **ReadConfigData, stat value for last_update_host was WINDOWSS	0	WINDOWSS
2025-05-13 11:50:36	debug		System	Debug: **ReadConfigData, stat value for encryption_hash was 99CCFC0D033729754B6BB4832FE786A1	0	WINDOWSS
2025-05-13 11:50:36	debug		System	Debug: **ReadConfigData, stat value for anonymous_stat_last_update was 1747127736	0	WINDOWSS
2025-05-13 11:50:36	debug		System	Debug: **ReadConfigData, stat value for create_host was WINDOWSS	0	WINDOWSS
2025-05-13 11:50:36	debug		System	Debug: **ReadConfigData, stat value for create_time was 1747126430	0	WINDOWSS
2025-05-13 11:50:36	debug		System	Debug: **ReadConfigData, stat value for last_update was 1747127736	0	WINDOWSS
2025-05-13 11:50:36	debug		System	Debug: **ReadConfigData, stat value for last_update_host was WINDOWSS	0	WINDOWSS
2025-05-13 11:50:36	debug		System	Debug: **ReadConfigData, stat value for encryption_hash was 99CCFC0D033729754B6BB4832FE786A1	0	WINDOWSS
========================================
multiotp 5.9.9.1
Your script is running from C:\multiotp\
2025-05-13 11:50:36	debug		System	Debug: **ReadConfigData, stat value for anonymous_stat_last_update was 1747127736	0	WINDOWSS
2025-05-13 11:50:36	debug		System	Debug: **ReadConfigData, stat value for create_host was WINDOWSS	0	WINDOWSS
2025-05-13 11:50:36	debug		System	Debug: **ReadConfigData, stat value for create_time was 1747126430	0	WINDOWSS
2025-05-13 11:50:36	debug		System	Debug: **ReadConfigData, stat value for last_update was 1747127736	0	WINDOWSS
2025-05-13 11:50:36	debug		System	Debug: **ReadConfigData, stat value for last_update_host was WINDOWSS	0	WINDOWSS
2025-05-13 11:50:36	debug		System	Debug: **ReadConfigData, stat value for encryption_hash was 99CCFC0D033729754B6BB4832FE786A1	0	WINDOWSS
2025-05-13 11:50:36	debug		System	Debug: **ReadConfigData, stat value for anonymous_stat_last_update was 1747127736	0	WINDOWSS
2025-05-13 11:50:36	debug		System	Debug: **ReadConfigData, stat value for create_host was WINDOWSS	0	WINDOWSS
2025-05-13 11:50:36	debug		System	Debug: **ReadConfigData, stat value for create_time was 1747126430	0	WINDOWSS
2025-05-13 11:50:36	debug		System	Debug: **ReadConfigData, stat value for last_update was 1747127736	0	WINDOWSS
2025-05-13 11:50:36	debug		System	Debug: **ReadConfigData, stat value for last_update_host was WINDOWSS	0	WINDOWSS
2025-05-13 11:50:36	debug		System	Debug: **ReadConfigData, stat value for encryption_hash was 99CCFC0D033729754B6BB4832FE786A1	0	WINDOWSS
========================================
multiotp 5.9.9.1
Your script is running from C:\multiotp\
2025-05-13 11:50:36	debug		System	Debug: **ReadConfigData, stat value for anonymous_stat_last_update was 1747127736	0	WINDOWSS
2025-05-13 11:50:36	debug		System	Debug: **ReadConfigData, stat value for create_host was WINDOWSS	0	WINDOWSS
2025-05-13 11:50:36	debug		System	Debug: **ReadConfigData, stat value for create_time was 1747126430	0	WINDOWSS
2025-05-13 11:50:36	debug		System	Debug: **ReadConfigData, stat value for last_update was 1747127736	0	WINDOWSS
2025-05-13 11:50:36	debug		System	Debug: **ReadConfigData, stat value for last_update_host was WINDOWSS	0	WINDOWSS
2025-05-13 11:50:36	debug		System	Debug: **ReadConfigData, stat value for encryption_hash was 99CCFC0D033729754B6BB4832FE786A1	0	WINDOWSS
2025-05-13 11:50:36	debug		System	Debug: **ReadConfigData, stat value for anonymous_stat_last_update was 1747127736	0	WINDOWSS
2025-05-13 11:50:36	debug		System	Debug: **ReadConfigData, stat value for create_host was WINDOWSS	0	WINDOWSS
2025-05-13 11:50:36	debug		System	Debug: **ReadConfigData, stat value for create_time was 1747126430	0	WINDOWSS
2025-05-13 11:50:36	debug		System	Debug: **ReadConfigData, stat value for last_update was 1747127736	0	WINDOWSS
2025-05-13 11:50:36	debug		System	Debug: **ReadConfigData, stat value for last_update_host was WINDOWSS	0	WINDOWSS
2025-05-13 11:50:36	debug		System	Debug: **ReadConfigData, stat value for encryption_hash was 99CCFC0D033729754B6BB4832FE786A1	0	WINDOWSS
========================================
multiotp 5.9.9.1
Your script is running from C:\multiotp\
2025-05-13 11:50:39	debug		System	Debug: **ReadConfigData, stat value for anonymous_stat_last_update was 1747127736	0	WINDOWSS
2025-05-13 11:50:39	debug		System	Debug: **ReadConfigData, stat value for create_host was WINDOWSS	0	WINDOWSS
2025-05-13 11:50:39	debug		System	Debug: **ReadConfigData, stat value for create_time was 1747126430	0	WINDOWSS
2025-05-13 11:50:39	debug		System	Debug: **ReadConfigData, stat value for last_update was 1747127736	0	WINDOWSS
2025-05-13 11:50:39	debug		System	Debug: **ReadConfigData, stat value for last_update_host was WINDOWSS	0	WINDOWSS
2025-05-13 11:50:39	debug		System	Debug: **ReadConfigData, stat value for encryption_hash was 99CCFC0D033729754B6BB4832FE786A1	0	WINDOWSS
2025-05-13 11:50:39	debug		System	Debug: **ReadConfigData, stat value for anonymous_stat_last_update was 1747127736	0	WINDOWSS
2025-05-13 11:50:39	debug		System	Debug: **ReadConfigData, stat value for create_host was WINDOWSS	0	WINDOWSS
2025-05-13 11:50:39	debug		System	Debug: **ReadConfigData, stat value for create_time was 1747126430	0	WINDOWSS
2025-05-13 11:50:39	debug		System	Debug: **ReadConfigData, stat value for last_update was 1747127736	0	WINDOWSS
2025-05-13 11:50:39	debug		System	Debug: **ReadConfigData, stat value for last_update_host was WINDOWSS	0	WINDOWSS
2025-05-13 11:50:39	debug		System	Debug: **ReadConfigData, stat value for encryption_hash was 99CCFC0D033729754B6BB4832FE786A1	0	WINDOWSS
========================================
multiotp 5.9.9.1
Your script is running from C:\multiotp\
2025-05-13 11:50:40	debug		System	Debug: **ReadConfigData, stat value for anonymous_stat_last_update was 1747127736	0	WINDOWSS
2025-05-13 11:50:40	debug		System	Debug: **ReadConfigData, stat value for create_host was WINDOWSS	0	WINDOWSS
2025-05-13 11:50:40	debug		System	Debug: **ReadConfigData, stat value for create_time was 1747126430	0	WINDOWSS
2025-05-13 11:50:40	debug		System	Debug: **ReadConfigData, stat value for last_update was 1747127736	0	WINDOWSS
2025-05-13 11:50:40	debug		System	Debug: **ReadConfigData, stat value for last_update_host was WINDOWSS	0	WINDOWSS
2025-05-13 11:50:40	debug		System	Debug: **ReadConfigData, stat value for encryption_hash was 99CCFC0D033729754B6BB4832FE786A1	0	WINDOWSS
2025-05-13 11:50:40	debug		System	Debug: **ReadConfigData, stat value for anonymous_stat_last_update was 1747127736	0	WINDOWSS
2025-05-13 11:50:40	debug		System	Debug: **ReadConfigData, stat value for create_host was WINDOWSS	0	WINDOWSS
2025-05-13 11:50:40	debug		System	Debug: **ReadConfigData, stat value for create_time was 1747126430	0	WINDOWSS
2025-05-13 11:50:40	debug		System	Debug: **ReadConfigData, stat value for last_update was 1747127736	0	WINDOWSS
2025-05-13 11:50:40	debug		System	Debug: **ReadConfigData, stat value for last_update_host was WINDOWSS	0	WINDOWSS
2025-05-13 11:50:40	debug		System	Debug: **ReadConfigData, stat value for encryption_hash was 99CCFC0D033729754B6BB4832FE786A1	0	WINDOWSS
========================================
multiotp 5.9.9.1
Your script is running from C:\multiotp\
2025-05-14 05:16:25	debug		System	Debug: **ReadConfigData, stat value for anonymous_stat_last_update was 1747127736	0	WINDOWSS
2025-05-14 05:16:25	debug		System	Debug: **ReadConfigData, stat value for create_host was WINDOWSS	0	WINDOWSS
2025-05-14 05:16:25	debug		System	Debug: **ReadConfigData, stat value for create_time was 1747126430	0	WINDOWSS
2025-05-14 05:16:25	debug		System	Debug: **ReadConfigData, stat value for last_update was 1747127736	0	WINDOWSS
2025-05-14 05:16:25	debug		System	Debug: **ReadConfigData, stat value for last_update_host was WINDOWSS	0	WINDOWSS
2025-05-14 05:16:25	debug		System	Debug: **ReadConfigData, stat value for encryption_hash was 99CCFC0D033729754B6BB4832FE786A1	0	WINDOWSS
2025-05-14 05:16:25	debug		System	Debug: **ReadConfigData, stat value for anonymous_stat_last_update was 1747127736	0	WINDOWSS
2025-05-14 05:16:25	debug		System	Debug: **ReadConfigData, stat value for create_host was WINDOWSS	0	WINDOWSS
2025-05-14 05:16:25	debug		System	Debug: **ReadConfigData, stat value for create_time was 1747126430	0	WINDOWSS
2025-05-14 05:16:25	debug		System	Debug: **ReadConfigData, stat value for last_update was 1747127736	0	WINDOWSS
2025-05-14 05:16:25	debug		System	Debug: **ReadConfigData, stat value for last_update_host was WINDOWSS	0	WINDOWSS
2025-05-14 05:16:25	debug		System	Debug: **ReadConfigData, stat value for encryption_hash was 99CCFC0D033729754B6BB4832FE786A1	0	WINDOWSS
2025-05-14 05:16:25	debug		CredentialProviderRequest	Info: *Value for IsCredentialProviderRequest:	0	WINDOWSS
2025-05-14 05:16:25	debug		Server-Client	Info: *CheckUserExists server request for josue with challenge MOSH26d8821497616812e15501a7f4519014	0	WINDOWSS
2025-05-14 05:16:25	debug		Server-Client	Info: *CheckUserExists intermediate error code: 22	0	WINDOWSS
2025-05-14 05:16:25	debug		Server-Client	Info: *Server secret used for command CheckUserExists with error code result 22: secretOTP	0	WINDOWSS
========================================
multiotp 5.9.9.1
Your script is running from C:\multiotp\
2025-05-14 05:16:25	debug		System	Debug: **ReadConfigData, stat value for anonymous_stat_last_update was 1747127736	0	WINDOWSS
2025-05-14 05:16:25	debug		System	Debug: **ReadConfigData, stat value for create_host was WINDOWSS	0	WINDOWSS
2025-05-14 05:16:25	debug		System	Debug: **ReadConfigData, stat value for create_time was 1747126430	0	WINDOWSS
2025-05-14 05:16:25	debug		System	Debug: **ReadConfigData, stat value for last_update was 1747127736	0	WINDOWSS
2025-05-14 05:16:25	debug		System	Debug: **ReadConfigData, stat value for last_update_host was WINDOWSS	0	WINDOWSS
2025-05-14 05:16:25	debug		System	Debug: **ReadConfigData, stat value for encryption_hash was 99CCFC0D033729754B6BB4832FE786A1	0	WINDOWSS
2025-05-14 05:16:25	debug		System	Debug: **ReadConfigData, stat value for anonymous_stat_last_update was 1747127736	0	WINDOWSS
2025-05-14 05:16:25	debug		System	Debug: **ReadConfigData, stat value for create_host was WINDOWSS	0	WINDOWSS
2025-05-14 05:16:25	debug		System	Debug: **ReadConfigData, stat value for create_time was 1747126430	0	WINDOWSS
2025-05-14 05:16:25	debug		System	Debug: **ReadConfigData, stat value for last_update was 1747127736	0	WINDOWSS
2025-05-14 05:16:25	debug		System	Debug: **ReadConfigData, stat value for last_update_host was WINDOWSS	0	WINDOWSS
2025-05-14 05:16:25	debug		System	Debug: **ReadConfigData, stat value for encryption_hash was 99CCFC0D033729754B6BB4832FE786A1	0	WINDOWSS
2025-05-14 05:16:25	debug		CredentialProviderRequest	Info: *Value for IsCredentialProviderRequest:	0	WINDOWSS
2025-05-14 05:16:25	debug		Server-Client	Info: *ReadUserData server request for josue	0	WINDOWSS
2025-05-14 05:16:25	debug		Server-Client	Info: *Server secret used for command ReadUserData with error code result 19: secretOTP	0	WINDOWSS
========================================
multiotp 5.9.9.1
Your script is running from C:\multiotp\
2025-05-14 05:16:32	debug		System	Debug: **ReadConfigData, stat value for anonymous_stat_last_update was 1747127736	0	WINDOWSS
2025-05-14 05:16:32	debug		System	Debug: **ReadConfigData, stat value for create_host was WINDOWSS	0	WINDOWSS
2025-05-14 05:16:32	debug		System	Debug: **ReadConfigData, stat value for create_time was 1747126430	0	WINDOWSS
2025-05-14 05:16:32	debug		System	Debug: **ReadConfigData, stat value for last_update was 1747127736	0	WINDOWSS
2025-05-14 05:16:32	debug		System	Debug: **ReadConfigData, stat value for last_update_host was WINDOWSS	0	WINDOWSS
2025-05-14 05:16:32	debug		System	Debug: **ReadConfigData, stat value for encryption_hash was 99CCFC0D033729754B6BB4832FE786A1	0	WINDOWSS
2025-05-14 05:16:32	debug		System	Debug: **ReadConfigData, stat value for anonymous_stat_last_update was 1747127736	0	WINDOWSS
2025-05-14 05:16:32	debug		System	Debug: **ReadConfigData, stat value for create_host was WINDOWSS	0	WINDOWSS
2025-05-14 05:16:32	debug		System	Debug: **ReadConfigData, stat value for create_time was 1747126430	0	WINDOWSS
2025-05-14 05:16:32	debug		System	Debug: **ReadConfigData, stat value for last_update was 1747127736	0	WINDOWSS
2025-05-14 05:16:32	debug		System	Debug: **ReadConfigData, stat value for last_update_host was WINDOWSS	0	WINDOWSS
2025-05-14 05:16:32	debug		System	Debug: **ReadConfigData, stat value for encryption_hash was 99CCFC0D033729754B6BB4832FE786A1	0	WINDOWSS
2025-05-14 05:16:32	debug		CredentialProviderRequest	Info: *Value for IsCredentialProviderRequest:	0	WINDOWSS
2025-05-14 05:16:32	debug		Server-Client	Info: *ReadUserData server request for josue	0	WINDOWSS
2025-05-14 05:16:32	debug		Server-Client	Info: *Server secret used for command ReadUserData with error code result 19: secretOTP	0	WINDOWSS
========================================
multiotp 5.9.9.1
Your script is running from C:\multiotp\
2025-05-14 05:16:32	debug		System	Debug: **ReadConfigData, stat value for anonymous_stat_last_update was 1747127736	0	WINDOWSS
2025-05-14 05:16:32	debug		System	Debug: **ReadConfigData, stat value for create_host was WINDOWSS	0	WINDOWSS
2025-05-14 05:16:32	debug		System	Debug: **ReadConfigData, stat value for create_time was 1747126430	0	WINDOWSS
2025-05-14 05:16:32	debug		System	Debug: **ReadConfigData, stat value for last_update was 1747127736	0	WINDOWSS
2025-05-14 05:16:32	debug		System	Debug: **ReadConfigData, stat value for last_update_host was WINDOWSS	0	WINDOWSS
2025-05-14 05:16:32	debug		System	Debug: **ReadConfigData, stat value for encryption_hash was 99CCFC0D033729754B6BB4832FE786A1	0	WINDOWSS
2025-05-14 05:16:32	debug		System	Debug: **ReadConfigData, stat value for anonymous_stat_last_update was 1747127736	0	WINDOWSS
2025-05-14 05:16:32	debug		System	Debug: **ReadConfigData, stat value for create_host was WINDOWSS	0	WINDOWSS
2025-05-14 05:16:32	debug		System	Debug: **ReadConfigData, stat value for create_time was 1747126430	0	WINDOWSS
2025-05-14 05:16:32	debug		System	Debug: **ReadConfigData, stat value for last_update was 1747127736	0	WINDOWSS
2025-05-14 05:16:32	debug		System	Debug: **ReadConfigData, stat value for last_update_host was WINDOWSS	0	WINDOWSS
2025-05-14 05:16:32	debug		System	Debug: **ReadConfigData, stat value for encryption_hash was 99CCFC0D033729754B6BB4832FE786A1	0	WINDOWSS
2025-05-14 05:16:32	debug		CredentialProviderRequest	Info: *Value for IsCredentialProviderRequest: 1	0	WINDOWSS
2025-05-14 05:16:32	debug		Server-Client	Info: *CheckUserToken server request.	0	WINDOWSS
2025-05-14 05:16:32	notice	josue	User	OK: User josue successfully logged in (using Credential Provider) with TOTP token	0	WINDOWSS
2025-05-14 05:16:32	debug		Server-Client	Info: *Cache level is set to 1	0	WINDOWSS
2025-05-14 05:16:32	debug		Server-Client	Info: *Server secret used for command CheckUserToken with error code result 0: secretOTP	0	WINDOWSS
========================================
multiotp 5.9.9.1
Your script is running from C:\multiotp\
2025-05-14 05:17:06	debug		System	Debug: **ReadConfigData, stat value for anonymous_stat_last_update was 1747127736	0	WINDOWSS
2025-05-14 05:17:06	debug		System	Debug: **ReadConfigData, stat value for create_host was WINDOWSS	0	WINDOWSS
2025-05-14 05:17:06	debug		System	Debug: **ReadConfigData, stat value for create_time was 1747126430	0	WINDOWSS
2025-05-14 05:17:06	debug		System	Debug: **ReadConfigData, stat value for last_update was 1747127736	0	WINDOWSS
2025-05-14 05:17:06	debug		System	Debug: **ReadConfigData, stat value for last_update_host was WINDOWSS	0	WINDOWSS
2025-05-14 05:17:06	debug		System	Debug: **ReadConfigData, stat value for encryption_hash was 99CCFC0D033729754B6BB4832FE786A1	0	WINDOWSS
2025-05-14 05:17:06	debug		System	Debug: **ReadConfigData, stat value for anonymous_stat_last_update was 1747127736	0	WINDOWSS
2025-05-14 05:17:06	debug		System	Debug: **ReadConfigData, stat value for create_host was WINDOWSS	0	WINDOWSS
2025-05-14 05:17:06	debug		System	Debug: **ReadConfigData, stat value for create_time was 1747126430	0	WINDOWSS
2025-05-14 05:17:06	debug		System	Debug: **ReadConfigData, stat value for last_update was 1747127736	0	WINDOWSS
2025-05-14 05:17:06	debug		System	Debug: **ReadConfigData, stat value for last_update_host was WINDOWSS	0	WINDOWSS
2025-05-14 05:17:06	debug		System	Debug: **ReadConfigData, stat value for encryption_hash was 99CCFC0D033729754B6BB4832FE786A1	0	WINDOWSS
2025-05-14 05:17:06	debug		CredentialProviderRequest	Info: *Value for IsCredentialProviderRequest:	0	WINDOWSS
2025-05-14 05:17:06	debug		Server-Client	Info: *CheckUserExists server request for josue with challenge MOSH256206919f0927f4f9392ceb267c58b5	0	WINDOWSS
2025-05-14 05:17:06	debug		Server-Client	Info: *CheckUserExists intermediate error code: 22	0	WINDOWSS
2025-05-14 05:17:06	debug		Server-Client	Info: *Server secret used for command CheckUserExists with error code result 22: secretOTP	0	WINDOWSS
========================================
multiotp 5.9.9.1
Your script is running from C:\multiotp\
2025-05-14 05:17:06	debug		System	Debug: **ReadConfigData, stat value for anonymous_stat_last_update was 1747127736	0	WINDOWSS
2025-05-14 05:17:06	debug		System	Debug: **ReadConfigData, stat value for create_host was WINDOWSS	0	WINDOWSS
2025-05-14 05:17:06	debug		System	Debug: **ReadConfigData, stat value for create_time was 1747126430	0	WINDOWSS
2025-05-14 05:17:06	debug		System	Debug: **ReadConfigData, stat value for last_update was 1747127736	0	WINDOWSS
2025-05-14 05:17:06	debug		System	Debug: **ReadConfigData, stat value for last_update_host was WINDOWSS	0	WINDOWSS
2025-05-14 05:17:06	debug		System	Debug: **ReadConfigData, stat value for encryption_hash was 99CCFC0D033729754B6BB4832FE786A1	0	WINDOWSS
2025-05-14 05:17:06	debug		System	Debug: **ReadConfigData, stat value for anonymous_stat_last_update was 1747127736	0	WINDOWSS
2025-05-14 05:17:06	debug		System	Debug: **ReadConfigData, stat value for create_host was WINDOWSS	0	WINDOWSS
2025-05-14 05:17:06	debug		System	Debug: **ReadConfigData, stat value for create_time was 1747126430	0	WINDOWSS
2025-05-14 05:17:06	debug		System	Debug: **ReadConfigData, stat value for last_update was 1747127736	0	WINDOWSS
2025-05-14 05:17:06	debug		System	Debug: **ReadConfigData, stat value for last_update_host was WINDOWSS	0	WINDOWSS
2025-05-14 05:17:06	debug		System	Debug: **ReadConfigData, stat value for encryption_hash was 99CCFC0D033729754B6BB4832FE786A1	0	WINDOWSS
2025-05-14 05:17:06	debug		CredentialProviderRequest	Info: *Value for IsCredentialProviderRequest:	0	WINDOWSS
2025-05-14 05:17:06	debug		Server-Client	Info: *ReadUserData server request for josue	0	WINDOWSS
2025-05-14 05:17:06	debug		Server-Client	Info: *Server secret used for command ReadUserData with error code result 19: secretOTP	0	WINDOWSS
========================================
multiotp 5.9.9.1
Your script is running from C:\multiotp\
2025-05-14 05:17:06	debug		System	Debug: **ReadConfigData, stat value for anonymous_stat_last_update was 1747127736	0	WINDOWSS
2025-05-14 05:17:06	debug		System	Debug: **ReadConfigData, stat value for create_host was WINDOWSS	0	WINDOWSS
2025-05-14 05:17:06	debug		System	Debug: **ReadConfigData, stat value for create_time was 1747126430	0	WINDOWSS
2025-05-14 05:17:06	debug		System	Debug: **ReadConfigData, stat value for last_update was 1747127736	0	WINDOWSS
2025-05-14 05:17:06	debug		System	Debug: **ReadConfigData, stat value for last_update_host was WINDOWSS	0	WINDOWSS
2025-05-14 05:17:06	debug		System	Debug: **ReadConfigData, stat value for encryption_hash was 99CCFC0D033729754B6BB4832FE786A1	0	WINDOWSS
2025-05-14 05:17:06	debug		System	Debug: **ReadConfigData, stat value for anonymous_stat_last_update was 1747127736	0	WINDOWSS
2025-05-14 05:17:06	debug		System	Debug: **ReadConfigData, stat value for create_host was WINDOWSS	0	WINDOWSS
2025-05-14 05:17:06	debug		System	Debug: **ReadConfigData, stat value for create_time was 1747126430	0	WINDOWSS
2025-05-14 05:17:06	debug		System	Debug: **ReadConfigData, stat value for last_update was 1747127736	0	WINDOWSS
2025-05-14 05:17:06	debug		System	Debug: **ReadConfigData, stat value for last_update_host was WINDOWSS	0	WINDOWSS
2025-05-14 05:17:06	debug		System	Debug: **ReadConfigData, stat value for encryption_hash was 99CCFC0D033729754B6BB4832FE786A1	0	WINDOWSS
2025-05-14 05:17:06	debug		CredentialProviderRequest	Info: *Value for IsCredentialProviderRequest:	0	WINDOWSS
2025-05-14 05:17:06	debug		Server-Client	Info: *ReadUserData server request for josue	0	WINDOWSS
2025-05-14 05:17:06	debug		Server-Client	Info: *Server secret used for command ReadUserData with error code result 19: secretOTP	0	WINDOWSS
========================================
multiotp 5.9.9.1
Your script is running from C:\multiotp\
2025-05-14 05:17:07	debug		System	Debug: **ReadConfigData, stat value for anonymous_stat_last_update was 1747127736	0	WINDOWSS
2025-05-14 05:17:07	debug		System	Debug: **ReadConfigData, stat value for create_host was WINDOWSS	0	WINDOWSS
2025-05-14 05:17:07	debug		System	Debug: **ReadConfigData, stat value for create_time was 1747126430	0	WINDOWSS
2025-05-14 05:17:07	debug		System	Debug: **ReadConfigData, stat value for last_update was 1747127736	0	WINDOWSS
2025-05-14 05:17:07	debug		System	Debug: **ReadConfigData, stat value for last_update_host was WINDOWSS	0	WINDOWSS
2025-05-14 05:17:07	debug		System	Debug: **ReadConfigData, stat value for encryption_hash was 99CCFC0D033729754B6BB4832FE786A1	0	WINDOWSS
2025-05-14 05:17:07	debug		System	Debug: **ReadConfigData, stat value for anonymous_stat_last_update was 1747127736	0	WINDOWSS
2025-05-14 05:17:07	debug		System	Debug: **ReadConfigData, stat value for create_host was WINDOWSS	0	WINDOWSS
2025-05-14 05:17:07	debug		System	Debug: **ReadConfigData, stat value for create_time was 1747126430	0	WINDOWSS
2025-05-14 05:17:07	debug		System	Debug: **ReadConfigData, stat value for last_update was 1747127736	0	WINDOWSS
2025-05-14 05:17:07	debug		System	Debug: **ReadConfigData, stat value for last_update_host was WINDOWSS	0	WINDOWSS
2025-05-14 05:17:07	debug		System	Debug: **ReadConfigData, stat value for encryption_hash was 99CCFC0D033729754B6BB4832FE786A1	0	WINDOWSS
2025-05-14 05:17:07	debug		CredentialProviderRequest	Info: *Value for IsCredentialProviderRequest: 1	0	WINDOWSS
2025-05-14 05:17:07	debug		Server-Client	Info: *CheckUserToken server request.	0	WINDOWSS
2025-05-14 05:17:07	notice	josue	User	OK: User josue successfully logged in (using Credential Provider) with TOTP token	0	WINDOWSS
2025-05-14 05:17:07	debug		Server-Client	Info: *Cache level is set to 1	0	WINDOWSS
2025-05-14 05:17:07	debug		Server-Client	Info: *Server secret used for command CheckUserToken with error code result 0: secretOTP	0	WINDOWSS
========================================
multiotp 5.9.9.1
Your script is running from C:\multiotp\
2025-05-14 05:17:54	debug		System	Debug: **ReadConfigData, stat value for anonymous_stat_last_update was 1747127736	0	WINDOWSS
2025-05-14 05:17:54	debug		System	Debug: **ReadConfigData, stat value for create_host was WINDOWSS	0	WINDOWSS
2025-05-14 05:17:54	debug		System	Debug: **ReadConfigData, stat value for create_time was 1747126430	0	WINDOWSS
2025-05-14 05:17:54	debug		System	Debug: **ReadConfigData, stat value for last_update was 1747127736	0	WINDOWSS
2025-05-14 05:17:54	debug		System	Debug: **ReadConfigData, stat value for last_update_host was WINDOWSS	0	WINDOWSS
2025-05-14 05:17:54	debug		System	Debug: **ReadConfigData, stat value for encryption_hash was 99CCFC0D033729754B6BB4832FE786A1	0	WINDOWSS
2025-05-14 05:17:54	debug		System	Debug: **ReadConfigData, stat value for anonymous_stat_last_update was 1747127736	0	WINDOWSS
2025-05-14 05:17:54	debug		System	Debug: **ReadConfigData, stat value for create_host was WINDOWSS	0	WINDOWSS
2025-05-14 05:17:54	debug		System	Debug: **ReadConfigData, stat value for create_time was 1747126430	0	WINDOWSS
2025-05-14 05:17:54	debug		System	Debug: **ReadConfigData, stat value for last_update was 1747127736	0	WINDOWSS
2025-05-14 05:17:54	debug		System	Debug: **ReadConfigData, stat value for last_update_host was WINDOWSS	0	WINDOWSS
2025-05-14 05:17:54	debug		System	Debug: **ReadConfigData, stat value for encryption_hash was 99CCFC0D033729754B6BB4832FE786A1	0	WINDOWSS
2025-05-14 05:17:54	debug		CredentialProviderRequest	Info: *Value for IsCredentialProviderRequest:	0	WINDOWSS
2025-05-14 05:17:54	debug		Server-Client	Info: *CheckUserExists server request for chochua with challenge MOSH20fb252f8cdba41ef618986cb591cc84	0	WINDOWSS
2025-05-14 05:17:54	debug		Server-Client	Info: *CheckUserExists intermediate error code: 21	0	WINDOWSS
2025-05-14 05:17:54	debug		Server-Client	Info: *Server secret used for command CheckUserExists with error code result 21: secretOTP	0	WINDOWSS
========================================
multiotp 5.9.9.1
Your script is running from C:\multiotp\
2025-05-14 05:17:54	debug		System	Debug: **ReadConfigData, stat value for anonymous_stat_last_update was 1747127736	0	WINDOWSS
2025-05-14 05:17:54	debug		System	Debug: **ReadConfigData, stat value for create_host was WINDOWSS	0	WINDOWSS
2025-05-14 05:17:54	debug		System	Debug: **ReadConfigData, stat value for create_time was 1747126430	0	WINDOWSS
2025-05-14 05:17:54	debug		System	Debug: **ReadConfigData, stat value for last_update was 1747127736	0	WINDOWSS
2025-05-14 05:17:54	debug		System	Debug: **ReadConfigData, stat value for last_update_host was WINDOWSS	0	WINDOWSS
2025-05-14 05:17:54	debug		System	Debug: **ReadConfigData, stat value for encryption_hash was 99CCFC0D033729754B6BB4832FE786A1	0	WINDOWSS
2025-05-14 05:17:54	debug		System	Debug: **ReadConfigData, stat value for anonymous_stat_last_update was 1747127736	0	WINDOWSS
2025-05-14 05:17:54	debug		System	Debug: **ReadConfigData, stat value for create_host was WINDOWSS	0	WINDOWSS
2025-05-14 05:17:54	debug		System	Debug: **ReadConfigData, stat value for create_time was 1747126430	0	WINDOWSS
2025-05-14 05:17:54	debug		System	Debug: **ReadConfigData, stat value for last_update was 1747127736	0	WINDOWSS
2025-05-14 05:17:54	debug		System	Debug: **ReadConfigData, stat value for last_update_host was WINDOWSS	0	WINDOWSS
2025-05-14 05:17:54	debug		System	Debug: **ReadConfigData, stat value for encryption_hash was 99CCFC0D033729754B6BB4832FE786A1	0	WINDOWSS
2025-05-14 05:17:54	debug		CredentialProviderRequest	Info: *Value for IsCredentialProviderRequest:	0	WINDOWSS
2025-05-14 05:17:54	debug		Server-Client	Info: *ReadUserData server request for chochua	0	WINDOWSS
2025-05-14 05:17:54	warning		System	Error: database file C:\multiotp\users\chochua.db for user chochua does not exist or is not readable	0	WINDOWSS
2025-05-14 05:17:54	debug		Server-Client	Info: *Server secret used for command ReadUserData with error code result 21: secretOTP	0	WINDOWSS
========================================
multiotp 5.9.9.1
Your script is running from C:\multiotp\
2025-05-14 05:18:26	debug		System	Debug: **ReadConfigData, stat value for anonymous_stat_last_update was 1747127736	0	WINDOWSS
2025-05-14 05:18:26	debug		System	Debug: **ReadConfigData, stat value for create_host was WINDOWSS	0	WINDOWSS
2025-05-14 05:18:26	debug		System	Debug: **ReadConfigData, stat value for create_time was 1747126430	0	WINDOWSS
2025-05-14 05:18:26	debug		System	Debug: **ReadConfigData, stat value for last_update was 1747127736	0	WINDOWSS
2025-05-14 05:18:26	debug		System	Debug: **ReadConfigData, stat value for last_update_host was WINDOWSS	0	WINDOWSS
2025-05-14 05:18:26	debug		System	Debug: **ReadConfigData, stat value for encryption_hash was 99CCFC0D033729754B6BB4832FE786A1	0	WINDOWSS
2025-05-14 05:18:26	debug		System	Debug: **ReadConfigData, stat value for anonymous_stat_last_update was 1747127736	0	WINDOWSS
2025-05-14 05:18:26	debug		System	Debug: **ReadConfigData, stat value for create_host was WINDOWSS	0	WINDOWSS
2025-05-14 05:18:26	debug		System	Debug: **ReadConfigData, stat value for create_time was 1747126430	0	WINDOWSS
2025-05-14 05:18:26	debug		System	Debug: **ReadConfigData, stat value for last_update was 1747127736	0	WINDOWSS
2025-05-14 05:18:26	debug		System	Debug: **ReadConfigData, stat value for last_update_host was WINDOWSS	0	WINDOWSS
2025-05-14 05:18:26	debug		System	Debug: **ReadConfigData, stat value for encryption_hash was 99CCFC0D033729754B6BB4832FE786A1	0	WINDOWSS
2025-05-14 05:18:26	debug		CredentialProviderRequest	Info: *Value for IsCredentialProviderRequest:	0	WINDOWSS
2025-05-14 05:18:26	debug		Server-Client	Info: *CheckUserExists server request for chochua with challenge MOSH5aa01d4b77a28cce53c8bc52da3a3750	0	WINDOWSS
2025-05-14 05:18:26	debug		Server-Client	Info: *CheckUserExists intermediate error code: 21	0	WINDOWSS
2025-05-14 05:18:26	debug		Server-Client	Info: *Server secret used for command CheckUserExists with error code result 21: secretOTP	0	WINDOWSS
========================================
multiotp 5.9.9.1
Your script is running from C:\multiotp\
2025-05-14 05:18:26	debug		System	Debug: **ReadConfigData, stat value for anonymous_stat_last_update was 1747127736	0	WINDOWSS
2025-05-14 05:18:26	debug		System	Debug: **ReadConfigData, stat value for create_host was WINDOWSS	0	WINDOWSS
2025-05-14 05:18:26	debug		System	Debug: **ReadConfigData, stat value for create_time was 1747126430	0	WINDOWSS
2025-05-14 05:18:26	debug		System	Debug: **ReadConfigData, stat value for last_update was 1747127736	0	WINDOWSS
2025-05-14 05:18:26	debug		System	Debug: **ReadConfigData, stat value for last_update_host was WINDOWSS	0	WINDOWSS
2025-05-14 05:18:26	debug		System	Debug: **ReadConfigData, stat value for encryption_hash was 99CCFC0D033729754B6BB4832FE786A1	0	WINDOWSS
2025-05-14 05:18:26	debug		System	Debug: **ReadConfigData, stat value for anonymous_stat_last_update was 1747127736	0	WINDOWSS
2025-05-14 05:18:26	debug		System	Debug: **ReadConfigData, stat value for create_host was WINDOWSS	0	WINDOWSS
2025-05-14 05:18:26	debug		System	Debug: **ReadConfigData, stat value for create_time was 1747126430	0	WINDOWSS
2025-05-14 05:18:26	debug		System	Debug: **ReadConfigData, stat value for last_update was 1747127736	0	WINDOWSS
2025-05-14 05:18:26	debug		System	Debug: **ReadConfigData, stat value for last_update_host was WINDOWSS	0	WINDOWSS
2025-05-14 05:18:26	debug		System	Debug: **ReadConfigData, stat value for encryption_hash was 99CCFC0D033729754B6BB4832FE786A1	0	WINDOWSS
2025-05-14 05:18:26	debug		CredentialProviderRequest	Info: *Value for IsCredentialProviderRequest:	0	WINDOWSS
2025-05-14 05:18:26	debug		Server-Client	Info: *ReadUserData server request for chochua	0	WINDOWSS
2025-05-14 05:18:26	warning		System	Error: database file C:\multiotp\users\chochua.db for user chochua does not exist or is not readable	0	WINDOWSS
2025-05-14 05:18:26	debug		Server-Client	Info: *Server secret used for command ReadUserData with error code result 21: secretOTP	0	WINDOWSS
========================================
multiotp 5.9.9.1
Your script is running from C:\multiotp\
2025-05-14 10:07:45	debug		System	Debug: **ReadConfigData, stat value for anonymous_stat_last_update was 1747127736	0	WINDOWSS
2025-05-14 10:07:45	debug		System	Debug: **ReadConfigData, stat value for create_host was WINDOWSS	0	WINDOWSS
2025-05-14 10:07:45	debug		System	Debug: **ReadConfigData, stat value for create_time was 1747126430	0	WINDOWSS
2025-05-14 10:07:45	debug		System	Debug: **ReadConfigData, stat value for last_update was 1747127736	0	WINDOWSS
2025-05-14 10:07:45	debug		System	Debug: **ReadConfigData, stat value for last_update_host was WINDOWSS	0	WINDOWSS
2025-05-14 10:07:45	debug		System	Debug: **ReadConfigData, stat value for encryption_hash was 99CCFC0D033729754B6BB4832FE786A1	0	WINDOWSS
2025-05-14 10:07:45	debug		System	Debug: **ReadConfigData, stat value for anonymous_stat_last_update was 1747127736	0	WINDOWSS
2025-05-14 10:07:45	debug		System	Debug: **ReadConfigData, stat value for create_host was WINDOWSS	0	WINDOWSS
2025-05-14 10:07:45	debug		System	Debug: **ReadConfigData, stat value for create_time was 1747126430	0	WINDOWSS
2025-05-14 10:07:45	debug		System	Debug: **ReadConfigData, stat value for last_update was 1747127736	0	WINDOWSS
2025-05-14 10:07:45	debug		System	Debug: **ReadConfigData, stat value for last_update_host was WINDOWSS	0	WINDOWSS
2025-05-14 10:07:45	debug		System	Debug: **ReadConfigData, stat value for encryption_hash was 99CCFC0D033729754B6BB4832FE786A1	0	WINDOWSS
========================================
multiotp 5.9.9.1
Your script is running from C:\multiotp\
2025-05-14 10:07:46	debug		System	Debug: **ReadConfigData, stat value for anonymous_stat_last_update was 1747127736	0	WINDOWSS
2025-05-14 10:07:46	debug		System	Debug: **ReadConfigData, stat value for create_host was WINDOWSS	0	WINDOWSS
2025-05-14 10:07:46	debug		System	Debug: **ReadConfigData, stat value for create_time was 1747126430	0	WINDOWSS
2025-05-14 10:07:46	debug		System	Debug: **ReadConfigData, stat value for last_update was 1747127736	0	WINDOWSS
2025-05-14 10:07:46	debug		System	Debug: **ReadConfigData, stat value for last_update_host was WINDOWSS	0	WINDOWSS
2025-05-14 10:07:46	debug		System	Debug: **ReadConfigData, stat value for encryption_hash was 99CCFC0D033729754B6BB4832FE786A1	0	WINDOWSS
2025-05-14 10:07:46	debug		System	Debug: **ReadConfigData, stat value for anonymous_stat_last_update was 1747127736	0	WINDOWSS
2025-05-14 10:07:46	debug		System	Debug: **ReadConfigData, stat value for create_host was WINDOWSS	0	WINDOWSS
2025-05-14 10:07:46	debug		System	Debug: **ReadConfigData, stat value for create_time was 1747126430	0	WINDOWSS
2025-05-14 10:07:46	debug		System	Debug: **ReadConfigData, stat value for last_update was 1747127736	0	WINDOWSS
2025-05-14 10:07:46	debug		System	Debug: **ReadConfigData, stat value for last_update_host was WINDOWSS	0	WINDOWSS
2025-05-14 10:07:46	debug		System	Debug: **ReadConfigData, stat value for encryption_hash was 99CCFC0D033729754B6BB4832FE786A1	0	WINDOWSS
========================================
multiotp 5.9.9.1
Your script is running from C:\multiotp\
2025-05-14 10:07:46	debug		System	Debug: **ReadConfigData, stat value for anonymous_stat_last_update was 1747127736	0	WINDOWSS
2025-05-14 10:07:46	debug		System	Debug: **ReadConfigData, stat value for create_host was WINDOWSS	0	WINDOWSS
2025-05-14 10:07:46	debug		System	Debug: **ReadConfigData, stat value for create_time was 1747126430	0	WINDOWSS
2025-05-14 10:07:46	debug		System	Debug: **ReadConfigData, stat value for last_update was 1747127736	0	WINDOWSS
2025-05-14 10:07:46	debug		System	Debug: **ReadConfigData, stat value for last_update_host was WINDOWSS	0	WINDOWSS
2025-05-14 10:07:46	debug		System	Debug: **ReadConfigData, stat value for encryption_hash was 99CCFC0D033729754B6BB4832FE786A1	0	WINDOWSS
2025-05-14 10:07:46	debug		System	Debug: **ReadConfigData, stat value for anonymous_stat_last_update was 1747127736	0	WINDOWSS
2025-05-14 10:07:46	debug		System	Debug: **ReadConfigData, stat value for create_host was WINDOWSS	0	WINDOWSS
2025-05-14 10:07:46	debug		System	Debug: **ReadConfigData, stat value for create_time was 1747126430	0	WINDOWSS
2025-05-14 10:07:46	debug		System	Debug: **ReadConfigData, stat value for last_update was 1747127736	0	WINDOWSS
2025-05-14 10:07:46	debug		System	Debug: **ReadConfigData, stat value for last_update_host was WINDOWSS	0	WINDOWSS
2025-05-14 10:07:46	debug		System	Debug: **ReadConfigData, stat value for encryption_hash was 99CCFC0D033729754B6BB4832FE786A1	0	WINDOWSS
========================================
multiotp 5.9.9.1
Your script is running from C:\multiotp\
2025-05-14 10:07:46	debug		System	Debug: **ReadConfigData, stat value for anonymous_stat_last_update was 1747127736	0	WINDOWSS
2025-05-14 10:07:46	debug		System	Debug: **ReadConfigData, stat value for create_host was WINDOWSS	0	WINDOWSS
2025-05-14 10:07:46	debug		System	Debug: **ReadConfigData, stat value for create_time was 1747126430	0	WINDOWSS
2025-05-14 10:07:46	debug		System	Debug: **ReadConfigData, stat value for last_update was 1747127736	0	WINDOWSS
2025-05-14 10:07:46	debug		System	Debug: **ReadConfigData, stat value for last_update_host was WINDOWSS	0	WINDOWSS
2025-05-14 10:07:46	debug		System	Debug: **ReadConfigData, stat value for encryption_hash was 99CCFC0D033729754B6BB4832FE786A1	0	WINDOWSS
2025-05-14 10:07:46	debug		System	Debug: **ReadConfigData, stat value for anonymous_stat_last_update was 1747127736	0	WINDOWSS
2025-05-14 10:07:46	debug		System	Debug: **ReadConfigData, stat value for create_host was WINDOWSS	0	WINDOWSS
2025-05-14 10:07:46	debug		System	Debug: **ReadConfigData, stat value for create_time was 1747126430	0	WINDOWSS
2025-05-14 10:07:46	debug		System	Debug: **ReadConfigData, stat value for last_update was 1747127736	0	WINDOWSS
2025-05-14 10:07:46	debug		System	Debug: **ReadConfigData, stat value for last_update_host was WINDOWSS	0	WINDOWSS
2025-05-14 10:07:46	debug		System	Debug: **ReadConfigData, stat value for encryption_hash was 99CCFC0D033729754B6BB4832FE786A1	0	WINDOWSS
========================================
multiotp 5.9.9.1
Your script is running from C:\multiotp\
2025-05-14 10:07:46	debug		System	Debug: **ReadConfigData, stat value for anonymous_stat_last_update was 1747127736	0	WINDOWSS
2025-05-14 10:07:46	debug		System	Debug: **ReadConfigData, stat value for create_host was WINDOWSS	0	WINDOWSS
2025-05-14 10:07:46	debug		System	Debug: **ReadConfigData, stat value for create_time was 1747126430	0	WINDOWSS
2025-05-14 10:07:46	debug		System	Debug: **ReadConfigData, stat value for last_update was 1747127736	0	WINDOWSS
2025-05-14 10:07:46	debug		System	Debug: **ReadConfigData, stat value for last_update_host was WINDOWSS	0	WINDOWSS
2025-05-14 10:07:46	debug		System	Debug: **ReadConfigData, stat value for encryption_hash was 99CCFC0D033729754B6BB4832FE786A1	0	WINDOWSS
2025-05-14 10:07:46	debug		System	Debug: **ReadConfigData, stat value for anonymous_stat_last_update was 1747127736	0	WINDOWSS
2025-05-14 10:07:46	debug		System	Debug: **ReadConfigData, stat value for create_host was WINDOWSS	0	WINDOWSS
2025-05-14 10:07:46	debug		System	Debug: **ReadConfigData, stat value for create_time was 1747126430	0	WINDOWSS
2025-05-14 10:07:46	debug		System	Debug: **ReadConfigData, stat value for last_update was 1747127736	0	WINDOWSS
2025-05-14 10:07:46	debug		System	Debug: **ReadConfigData, stat value for last_update_host was WINDOWSS	0	WINDOWSS
2025-05-14 10:07:46	debug		System	Debug: **ReadConfigData, stat value for encryption_hash was 99CCFC0D033729754B6BB4832FE786A1	0	WINDOWSS
========================================
multiotp 5.9.9.1
Your script is running from C:\multiotp\
2025-05-14 10:07:46	debug		System	Debug: **ReadConfigData, stat value for anonymous_stat_last_update was 1747127736	0	WINDOWSS
2025-05-14 10:07:46	debug		System	Debug: **ReadConfigData, stat value for create_host was WINDOWSS	0	WINDOWSS
2025-05-14 10:07:46	debug		System	Debug: **ReadConfigData, stat value for create_time was 1747126430	0	WINDOWSS
2025-05-14 10:07:46	debug		System	Debug: **ReadConfigData, stat value for last_update was 1747127736	0	WINDOWSS
2025-05-14 10:07:46	debug		System	Debug: **ReadConfigData, stat value for last_update_host was WINDOWSS	0	WINDOWSS
2025-05-14 10:07:46	debug		System	Debug: **ReadConfigData, stat value for encryption_hash was 99CCFC0D033729754B6BB4832FE786A1	0	WINDOWSS
2025-05-14 10:07:46	debug		System	Debug: **ReadConfigData, stat value for anonymous_stat_last_update was 1747127736	0	WINDOWSS
2025-05-14 10:07:46	debug		System	Debug: **ReadConfigData, stat value for create_host was WINDOWSS	0	WINDOWSS
2025-05-14 10:07:46	debug		System	Debug: **ReadConfigData, stat value for create_time was 1747126430	0	WINDOWSS
2025-05-14 10:07:46	debug		System	Debug: **ReadConfigData, stat value for last_update was 1747127736	0	WINDOWSS
2025-05-14 10:07:46	debug		System	Debug: **ReadConfigData, stat value for last_update_host was WINDOWSS	0	WINDOWSS
2025-05-14 10:07:46	debug		System	Debug: **ReadConfigData, stat value for encryption_hash was 99CCFC0D033729754B6BB4832FE786A1	0	WINDOWSS
========================================
multiotp 5.9.9.1
Your script is running from C:\multiotp\
2025-05-14 10:07:46	debug		System	Debug: **ReadConfigData, stat value for anonymous_stat_last_update was 1747127736	0	WINDOWSS
2025-05-14 10:07:46	debug		System	Debug: **ReadConfigData, stat value for create_host was WINDOWSS	0	WINDOWSS
2025-05-14 10:07:46	debug		System	Debug: **ReadConfigData, stat value for create_time was 1747126430	0	WINDOWSS
2025-05-14 10:07:46	debug		System	Debug: **ReadConfigData, stat value for last_update was 1747127736	0	WINDOWSS
2025-05-14 10:07:46	debug		System	Debug: **ReadConfigData, stat value for last_update_host was WINDOWSS	0	WINDOWSS
2025-05-14 10:07:46	debug		System	Debug: **ReadConfigData, stat value for encryption_hash was 99CCFC0D033729754B6BB4832FE786A1	0	WINDOWSS
2025-05-14 10:07:46	debug		System	Debug: **ReadConfigData, stat value for anonymous_stat_last_update was 1747127736	0	WINDOWSS
2025-05-14 10:07:46	debug		System	Debug: **ReadConfigData, stat value for create_host was WINDOWSS	0	WINDOWSS
2025-05-14 10:07:46	debug		System	Debug: **ReadConfigData, stat value for create_time was 1747126430	0	WINDOWSS
2025-05-14 10:07:46	debug		System	Debug: **ReadConfigData, stat value for last_update was 1747127736	0	WINDOWSS
2025-05-14 10:07:46	debug		System	Debug: **ReadConfigData, stat value for last_update_host was WINDOWSS	0	WINDOWSS
2025-05-14 10:07:46	debug		System	Debug: **ReadConfigData, stat value for encryption_hash was 99CCFC0D033729754B6BB4832FE786A1	0	WINDOWSS
========================================
multiotp 5.9.9.1
Your script is running from C:\multiotp\
2025-05-14 10:07:48	debug		System	Debug: **ReadConfigData, stat value for anonymous_stat_last_update was 1747127736	0	WINDOWSS
2025-05-14 10:07:48	debug		System	Debug: **ReadConfigData, stat value for create_host was WINDOWSS	0	WINDOWSS
2025-05-14 10:07:48	debug		System	Debug: **ReadConfigData, stat value for create_time was 1747126430	0	WINDOWSS
2025-05-14 10:07:48	debug		System	Debug: **ReadConfigData, stat value for last_update was 1747127736	0	WINDOWSS
2025-05-14 10:07:48	debug		System	Debug: **ReadConfigData, stat value for last_update_host was WINDOWSS	0	WINDOWSS
2025-05-14 10:07:48	debug		System	Debug: **ReadConfigData, stat value for encryption_hash was 99CCFC0D033729754B6BB4832FE786A1	0	WINDOWSS
2025-05-14 10:07:48	debug		System	Debug: **ReadConfigData, stat value for anonymous_stat_last_update was 1747127736	0	WINDOWSS
2025-05-14 10:07:48	debug		System	Debug: **ReadConfigData, stat value for create_host was WINDOWSS	0	WINDOWSS
2025-05-14 10:07:48	debug		System	Debug: **ReadConfigData, stat value for create_time was 1747126430	0	WINDOWSS
2025-05-14 10:07:48	debug		System	Debug: **ReadConfigData, stat value for last_update was 1747127736	0	WINDOWSS
2025-05-14 10:07:48	debug		System	Debug: **ReadConfigData, stat value for last_update_host was WINDOWSS	0	WINDOWSS
2025-05-14 10:07:48	debug		System	Debug: **ReadConfigData, stat value for encryption_hash was 99CCFC0D033729754B6BB4832FE786A1	0	WINDOWSS
========================================
multiotp 5.9.9.1
Your script is running from C:\multiotp\
2025-05-14 10:07:48	debug		System	Debug: **ReadConfigData, stat value for anonymous_stat_last_update was 1747127736	0	WINDOWSS
2025-05-14 10:07:48	debug		System	Debug: **ReadConfigData, stat value for create_host was WINDOWSS	0	WINDOWSS
2025-05-14 10:07:48	debug		System	Debug: **ReadConfigData, stat value for create_time was 1747126430	0	WINDOWSS
2025-05-14 10:07:48	debug		System	Debug: **ReadConfigData, stat value for last_update was 1747127736	0	WINDOWSS
2025-05-14 10:07:48	debug		System	Debug: **ReadConfigData, stat value for last_update_host was WINDOWSS	0	WINDOWSS
2025-05-14 10:07:48	debug		System	Debug: **ReadConfigData, stat value for encryption_hash was 99CCFC0D033729754B6BB4832FE786A1	0	WINDOWSS
2025-05-14 10:07:48	debug		System	Debug: **ReadConfigData, stat value for anonymous_stat_last_update was 1747127736	0	WINDOWSS
2025-05-14 10:07:48	debug		System	Debug: **ReadConfigData, stat value for create_host was WINDOWSS	0	WINDOWSS
2025-05-14 10:07:48	debug		System	Debug: **ReadConfigData, stat value for create_time was 1747126430	0	WINDOWSS
2025-05-14 10:07:48	debug		System	Debug: **ReadConfigData, stat value for last_update was 1747127736	0	WINDOWSS
2025-05-14 10:07:48	debug		System	Debug: **ReadConfigData, stat value for last_update_host was WINDOWSS	0	WINDOWSS
2025-05-14 10:07:48	debug		System	Debug: **ReadConfigData, stat value for encryption_hash was 99CCFC0D033729754B6BB4832FE786A1	0	WINDOWSS
========================================
multiotp 5.9.9.1
Your script is running from C:\multiotp\
2025-05-14 10:08:50	debug		System	Debug: **ReadConfigData, stat value for anonymous_stat_last_update was 1747127736	0	WINDOWSS
2025-05-14 10:08:50	debug		System	Debug: **ReadConfigData, stat value for create_host was WINDOWSS	0	WINDOWSS
2025-05-14 10:08:50	debug		System	Debug: **ReadConfigData, stat value for create_time was 1747126430	0	WINDOWSS
2025-05-14 10:08:50	debug		System	Debug: **ReadConfigData, stat value for last_update was 1747127736	0	WINDOWSS
2025-05-14 10:08:50	debug		System	Debug: **ReadConfigData, stat value for last_update_host was WINDOWSS	0	WINDOWSS
2025-05-14 10:08:50	debug		System	Debug: **ReadConfigData, stat value for encryption_hash was 99CCFC0D033729754B6BB4832FE786A1	0	WINDOWSS
2025-05-14 10:08:50	debug		System	Debug: **ReadConfigData, stat value for anonymous_stat_last_update was 1747127736	0	WINDOWSS
2025-05-14 10:08:50	debug		System	Debug: **ReadConfigData, stat value for create_host was WINDOWSS	0	WINDOWSS
2025-05-14 10:08:50	debug		System	Debug: **ReadConfigData, stat value for create_time was 1747126430	0	WINDOWSS
2025-05-14 10:08:50	debug		System	Debug: **ReadConfigData, stat value for last_update was 1747127736	0	WINDOWSS
2025-05-14 10:08:50	debug		System	Debug: **ReadConfigData, stat value for last_update_host was WINDOWSS	0	WINDOWSS
2025-05-14 10:08:50	debug		System	Debug: **ReadConfigData, stat value for encryption_hash was 99CCFC0D033729754B6BB4832FE786A1	0	WINDOWSS
2025-05-14 10:08:50	debug		CredentialProviderRequest	Info: *Value for IsCredentialProviderRequest:	0	WINDOWSS
2025-05-14 10:08:50	debug		Server-Client	Info: *CheckUserExists server request for pepin with challenge MOSHe53f66adee7cbbc815dee95ccb1131d8	0	WINDOWSS
2025-05-14 10:08:50	debug		Server-Client	Info: *CheckUserExists intermediate error code: 22	0	WINDOWSS
2025-05-14 10:08:50	debug		Server-Client	Info: *Server secret used for command CheckUserExists with error code result 22: secretOTP	0	WINDOWSS
========================================
multiotp 5.9.9.1
Your script is running from C:\multiotp\
2025-05-14 10:08:50	debug		System	Debug: **ReadConfigData, stat value for anonymous_stat_last_update was 1747127736	0	WINDOWSS
2025-05-14 10:08:50	debug		System	Debug: **ReadConfigData, stat value for create_host was WINDOWSS	0	WINDOWSS
2025-05-14 10:08:50	debug		System	Debug: **ReadConfigData, stat value for create_time was 1747126430	0	WINDOWSS
2025-05-14 10:08:50	debug		System	Debug: **ReadConfigData, stat value for last_update was 1747127736	0	WINDOWSS
2025-05-14 10:08:50	debug		System	Debug: **ReadConfigData, stat value for last_update_host was WINDOWSS	0	WINDOWSS
2025-05-14 10:08:50	debug		System	Debug: **ReadConfigData, stat value for encryption_hash was 99CCFC0D033729754B6BB4832FE786A1	0	WINDOWSS
2025-05-14 10:08:50	debug		System	Debug: **ReadConfigData, stat value for anonymous_stat_last_update was 1747127736	0	WINDOWSS
2025-05-14 10:08:50	debug		System	Debug: **ReadConfigData, stat value for create_host was WINDOWSS	0	WINDOWSS
2025-05-14 10:08:50	debug		System	Debug: **ReadConfigData, stat value for create_time was 1747126430	0	WINDOWSS
2025-05-14 10:08:50	debug		System	Debug: **ReadConfigData, stat value for last_update was 1747127736	0	WINDOWSS
2025-05-14 10:08:50	debug		System	Debug: **ReadConfigData, stat value for last_update_host was WINDOWSS	0	WINDOWSS
2025-05-14 10:08:50	debug		System	Debug: **ReadConfigData, stat value for encryption_hash was 99CCFC0D033729754B6BB4832FE786A1	0	WINDOWSS
2025-05-14 10:08:50	debug		CredentialProviderRequest	Info: *Value for IsCredentialProviderRequest:	0	WINDOWSS
2025-05-14 10:08:50	debug		Server-Client	Info: *ReadUserData server request for pepin	0	WINDOWSS
2025-05-14 10:08:50	debug		Server-Client	Info: *Server secret used for command ReadUserData with error code result 19: secretOTP	0	WINDOWSS
========================================
multiotp 5.9.9.1
Your script is running from C:\multiotp\
2025-05-14 10:08:55	debug		System	Debug: **ReadConfigData, stat value for anonymous_stat_last_update was 1747127736	0	WINDOWSS
2025-05-14 10:08:55	debug		System	Debug: **ReadConfigData, stat value for create_host was WINDOWSS	0	WINDOWSS
2025-05-14 10:08:55	debug		System	Debug: **ReadConfigData, stat value for create_time was 1747126430	0	WINDOWSS
2025-05-14 10:08:55	debug		System	Debug: **ReadConfigData, stat value for last_update was 1747127736	0	WINDOWSS
2025-05-14 10:08:55	debug		System	Debug: **ReadConfigData, stat value for last_update_host was WINDOWSS	0	WINDOWSS
2025-05-14 10:08:55	debug		System	Debug: **ReadConfigData, stat value for encryption_hash was 99CCFC0D033729754B6BB4832FE786A1	0	WINDOWSS
2025-05-14 10:08:55	debug		System	Debug: **ReadConfigData, stat value for anonymous_stat_last_update was 1747127736	0	WINDOWSS
2025-05-14 10:08:55	debug		System	Debug: **ReadConfigData, stat value for create_host was WINDOWSS	0	WINDOWSS
2025-05-14 10:08:55	debug		System	Debug: **ReadConfigData, stat value for create_time was 1747126430	0	WINDOWSS
2025-05-14 10:08:55	debug		System	Debug: **ReadConfigData, stat value for last_update was 1747127736	0	WINDOWSS
2025-05-14 10:08:55	debug		System	Debug: **ReadConfigData, stat value for last_update_host was WINDOWSS	0	WINDOWSS
2025-05-14 10:08:55	debug		System	Debug: **ReadConfigData, stat value for encryption_hash was 99CCFC0D033729754B6BB4832FE786A1	0	WINDOWSS
2025-05-14 10:08:55	debug		CredentialProviderRequest	Info: *Value for IsCredentialProviderRequest:	0	WINDOWSS
2025-05-14 10:08:55	debug		Server-Client	Info: *ReadUserData server request for pepin	0	WINDOWSS
2025-05-14 10:08:55	debug		Server-Client	Info: *Server secret used for command ReadUserData with error code result 19: secretOTP	0	WINDOWSS
========================================
multiotp 5.9.9.1
Your script is running from C:\multiotp\
2025-05-14 10:08:55	debug		System	Debug: **ReadConfigData, stat value for anonymous_stat_last_update was 1747127736	0	WINDOWSS
2025-05-14 10:08:55	debug		System	Debug: **ReadConfigData, stat value for create_host was WINDOWSS	0	WINDOWSS
2025-05-14 10:08:55	debug		System	Debug: **ReadConfigData, stat value for create_time was 1747126430	0	WINDOWSS
2025-05-14 10:08:55	debug		System	Debug: **ReadConfigData, stat value for last_update was 1747127736	0	WINDOWSS
2025-05-14 10:08:55	debug		System	Debug: **ReadConfigData, stat value for last_update_host was WINDOWSS	0	WINDOWSS
2025-05-14 10:08:55	debug		System	Debug: **ReadConfigData, stat value for encryption_hash was 99CCFC0D033729754B6BB4832FE786A1	0	WINDOWSS
2025-05-14 10:08:55	debug		System	Debug: **ReadConfigData, stat value for anonymous_stat_last_update was 1747127736	0	WINDOWSS
2025-05-14 10:08:55	debug		System	Debug: **ReadConfigData, stat value for create_host was WINDOWSS	0	WINDOWSS
2025-05-14 10:08:55	debug		System	Debug: **ReadConfigData, stat value for create_time was 1747126430	0	WINDOWSS
2025-05-14 10:08:55	debug		System	Debug: **ReadConfigData, stat value for last_update was 1747127736	0	WINDOWSS
2025-05-14 10:08:55	debug		System	Debug: **ReadConfigData, stat value for last_update_host was WINDOWSS	0	WINDOWSS
2025-05-14 10:08:55	debug		System	Debug: **ReadConfigData, stat value for encryption_hash was 99CCFC0D033729754B6BB4832FE786A1	0	WINDOWSS
2025-05-14 10:08:55	debug		CredentialProviderRequest	Info: *Value for IsCredentialProviderRequest: 1	0	WINDOWSS
2025-05-14 10:08:55	debug		Server-Client	Info: *CheckUserToken server request.	0	WINDOWSS
2025-05-14 10:08:55	warning	pepin	User	Error: authentication failed (using Credential Provider) for user pepin	0	WINDOWSS
2025-05-14 10:08:55	warning	pepin	User	Info: *(authentication typed by the user: 446230)	0	WINDOWSS
2025-05-14 10:08:55	debug		Server-Client	Info: *Server secret used for command CheckUserToken with error code result 99: secretOTP	0	WINDOWSS
========================================
multiotp 5.9.9.1
Your script is running from C:\multiotp\
2025-05-14 10:11:34	debug		System	Debug: **ReadConfigData, stat value for anonymous_stat_last_update was 1747127736	0	WINDOWSS
2025-05-14 10:11:34	debug		System	Debug: **ReadConfigData, stat value for create_host was WINDOWSS	0	WINDOWSS
2025-05-14 10:11:34	debug		System	Debug: **ReadConfigData, stat value for create_time was 1747126430	0	WINDOWSS
2025-05-14 10:11:34	debug		System	Debug: **ReadConfigData, stat value for last_update was 1747127736	0	WINDOWSS
2025-05-14 10:11:34	debug		System	Debug: **ReadConfigData, stat value for last_update_host was WINDOWSS	0	WINDOWSS
2025-05-14 10:11:34	debug		System	Debug: **ReadConfigData, stat value for encryption_hash was 99CCFC0D033729754B6BB4832FE786A1	0	WINDOWSS
2025-05-14 10:11:34	debug		System	Debug: **ReadConfigData, stat value for anonymous_stat_last_update was 1747127736	0	WINDOWSS
2025-05-14 10:11:34	debug		System	Debug: **ReadConfigData, stat value for create_host was WINDOWSS	0	WINDOWSS
2025-05-14 10:11:34	debug		System	Debug: **ReadConfigData, stat value for create_time was 1747126430	0	WINDOWSS
2025-05-14 10:11:34	debug		System	Debug: **ReadConfigData, stat value for last_update was 1747127736	0	WINDOWSS
2025-05-14 10:11:34	debug		System	Debug: **ReadConfigData, stat value for last_update_host was WINDOWSS	0	WINDOWSS
2025-05-14 10:11:34	debug		System	Debug: **ReadConfigData, stat value for encryption_hash was 99CCFC0D033729754B6BB4832FE786A1	0	WINDOWSS
2025-05-14 10:11:34	debug		CredentialProviderRequest	Info: *Value for IsCredentialProviderRequest:	0	WINDOWSS
2025-05-14 10:11:34	debug		Server-Client	Info: *CheckUserExists server request for pepin with challenge MOSH84807af6b485e0ca2b50f3fe06f1f035	0	WINDOWSS
2025-05-14 10:11:34	debug		Server-Client	Info: *CheckUserExists intermediate error code: 22	0	WINDOWSS
2025-05-14 10:11:34	debug		Server-Client	Info: *Server secret used for command CheckUserExists with error code result 22: secretOTP	0	WINDOWSS
========================================
multiotp 5.9.9.1
Your script is running from C:\multiotp\
2025-05-14 10:11:35	debug		System	Debug: **ReadConfigData, stat value for anonymous_stat_last_update was 1747127736	0	WINDOWSS
2025-05-14 10:11:35	debug		System	Debug: **ReadConfigData, stat value for create_host was WINDOWSS	0	WINDOWSS
2025-05-14 10:11:35	debug		System	Debug: **ReadConfigData, stat value for create_time was 1747126430	0	WINDOWSS
2025-05-14 10:11:35	debug		System	Debug: **ReadConfigData, stat value for last_update was 1747127736	0	WINDOWSS
2025-05-14 10:11:35	debug		System	Debug: **ReadConfigData, stat value for last_update_host was WINDOWSS	0	WINDOWSS
2025-05-14 10:11:35	debug		System	Debug: **ReadConfigData, stat value for encryption_hash was 99CCFC0D033729754B6BB4832FE786A1	0	WINDOWSS
2025-05-14 10:11:35	debug		System	Debug: **ReadConfigData, stat value for anonymous_stat_last_update was 1747127736	0	WINDOWSS
2025-05-14 10:11:35	debug		System	Debug: **ReadConfigData, stat value for create_host was WINDOWSS	0	WINDOWSS
2025-05-14 10:11:35	debug		System	Debug: **ReadConfigData, stat value for create_time was 1747126430	0	WINDOWSS
2025-05-14 10:11:35	debug		System	Debug: **ReadConfigData, stat value for last_update was 1747127736	0	WINDOWSS
2025-05-14 10:11:35	debug		System	Debug: **ReadConfigData, stat value for last_update_host was WINDOWSS	0	WINDOWSS
2025-05-14 10:11:35	debug		System	Debug: **ReadConfigData, stat value for encryption_hash was 99CCFC0D033729754B6BB4832FE786A1	0	WINDOWSS
2025-05-14 10:11:35	debug		CredentialProviderRequest	Info: *Value for IsCredentialProviderRequest:	0	WINDOWSS
2025-05-14 10:11:35	debug		Server-Client	Info: *ReadUserData server request for pepin	0	WINDOWSS
2025-05-14 10:11:35	debug		Server-Client	Info: *Server secret used for command ReadUserData with error code result 19: secretOTP	0	WINDOWSS
========================================
multiotp 5.9.9.1
Your script is running from C:\multiotp\
2025-05-14 10:11:35	debug		System	Debug: **ReadConfigData, stat value for anonymous_stat_last_update was 1747127736	0	WINDOWSS
2025-05-14 10:11:35	debug		System	Debug: **ReadConfigData, stat value for create_host was WINDOWSS	0	WINDOWSS
2025-05-14 10:11:35	debug		System	Debug: **ReadConfigData, stat value for create_time was 1747126430	0	WINDOWSS
2025-05-14 10:11:35	debug		System	Debug: **ReadConfigData, stat value for last_update was 1747127736	0	WINDOWSS
2025-05-14 10:11:35	debug		System	Debug: **ReadConfigData, stat value for last_update_host was WINDOWSS	0	WINDOWSS
2025-05-14 10:11:35	debug		System	Debug: **ReadConfigData, stat value for encryption_hash was 99CCFC0D033729754B6BB4832FE786A1	0	WINDOWSS
2025-05-14 10:11:35	debug		System	Debug: **ReadConfigData, stat value for anonymous_stat_last_update was 1747127736	0	WINDOWSS
2025-05-14 10:11:35	debug		System	Debug: **ReadConfigData, stat value for create_host was WINDOWSS	0	WINDOWSS
2025-05-14 10:11:35	debug		System	Debug: **ReadConfigData, stat value for create_time was 1747126430	0	WINDOWSS
2025-05-14 10:11:35	debug		System	Debug: **ReadConfigData, stat value for last_update was 1747127736	0	WINDOWSS
2025-05-14 10:11:35	debug		System	Debug: **ReadConfigData, stat value for last_update_host was WINDOWSS	0	WINDOWSS
2025-05-14 10:11:35	debug		System	Debug: **ReadConfigData, stat value for encryption_hash was 99CCFC0D033729754B6BB4832FE786A1	0	WINDOWSS
2025-05-14 10:11:35	debug		CredentialProviderRequest	Info: *Value for IsCredentialProviderRequest:	0	WINDOWSS
2025-05-14 10:11:35	debug		Server-Client	Info: *ReadUserData server request for pepin	0	WINDOWSS
2025-05-14 10:11:35	debug		Server-Client	Info: *Server secret used for command ReadUserData with error code result 19: secretOTP	0	WINDOWSS
========================================
multiotp 5.9.9.1
Your script is running from C:\multiotp\
2025-05-14 10:11:35	debug		System	Debug: **ReadConfigData, stat value for anonymous_stat_last_update was 1747127736	0	WINDOWSS
2025-05-14 10:11:35	debug		System	Debug: **ReadConfigData, stat value for create_host was WINDOWSS	0	WINDOWSS
2025-05-14 10:11:35	debug		System	Debug: **ReadConfigData, stat value for create_time was 1747126430	0	WINDOWSS
2025-05-14 10:11:35	debug		System	Debug: **ReadConfigData, stat value for last_update was 1747127736	0	WINDOWSS
2025-05-14 10:11:35	debug		System	Debug: **ReadConfigData, stat value for last_update_host was WINDOWSS	0	WINDOWSS
2025-05-14 10:11:35	debug		System	Debug: **ReadConfigData, stat value for encryption_hash was 99CCFC0D033729754B6BB4832FE786A1	0	WINDOWSS
2025-05-14 10:11:35	debug		System	Debug: **ReadConfigData, stat value for anonymous_stat_last_update was 1747127736	0	WINDOWSS
2025-05-14 10:11:35	debug		System	Debug: **ReadConfigData, stat value for create_host was WINDOWSS	0	WINDOWSS
2025-05-14 10:11:35	debug		System	Debug: **ReadConfigData, stat value for create_time was 1747126430	0	WINDOWSS
2025-05-14 10:11:35	debug		System	Debug: **ReadConfigData, stat value for last_update was 1747127736	0	WINDOWSS
2025-05-14 10:11:35	debug		System	Debug: **ReadConfigData, stat value for last_update_host was WINDOWSS	0	WINDOWSS
2025-05-14 10:11:35	debug		System	Debug: **ReadConfigData, stat value for encryption_hash was 99CCFC0D033729754B6BB4832FE786A1	0	WINDOWSS
2025-05-14 10:11:35	debug		CredentialProviderRequest	Info: *Value for IsCredentialProviderRequest: 1	0	WINDOWSS
2025-05-14 10:11:35	debug		Server-Client	Info: *CheckUserToken server request.	0	WINDOWSS
2025-05-14 10:11:35	warning	pepin	User	Error: authentication failed (using Credential Provider) for user pepin	0	WINDOWSS
2025-05-14 10:11:35	warning	pepin	User	Info: *(authentication typed by the user: 939772)	0	WINDOWSS
2025-05-14 10:11:35	debug		Server-Client	Info: *Server secret used for command CheckUserToken with error code result 99: secretOTP	0	WINDOWSS
========================================
multiotp 5.9.9.1
Your script is running from C:\multiotp\
2025-05-14 10:12:18	debug		System	Debug: **ReadConfigData, stat value for anonymous_stat_last_update was 1747127736	0	WINDOWSS
2025-05-14 10:12:18	debug		System	Debug: **ReadConfigData, stat value for create_host was WINDOWSS	0	WINDOWSS
2025-05-14 10:12:18	debug		System	Debug: **ReadConfigData, stat value for create_time was 1747126430	0	WINDOWSS
2025-05-14 10:12:18	debug		System	Debug: **ReadConfigData, stat value for last_update was 1747127736	0	WINDOWSS
2025-05-14 10:12:18	debug		System	Debug: **ReadConfigData, stat value for last_update_host was WINDOWSS	0	WINDOWSS
2025-05-14 10:12:18	debug		System	Debug: **ReadConfigData, stat value for encryption_hash was 99CCFC0D033729754B6BB4832FE786A1	0	WINDOWSS
2025-05-14 10:12:18	debug		System	Debug: **ReadConfigData, stat value for anonymous_stat_last_update was 1747127736	0	WINDOWSS
2025-05-14 10:12:18	debug		System	Debug: **ReadConfigData, stat value for create_host was WINDOWSS	0	WINDOWSS
2025-05-14 10:12:18	debug		System	Debug: **ReadConfigData, stat value for create_time was 1747126430	0	WINDOWSS
2025-05-14 10:12:18	debug		System	Debug: **ReadConfigData, stat value for last_update was 1747127736	0	WINDOWSS
2025-05-14 10:12:18	debug		System	Debug: **ReadConfigData, stat value for last_update_host was WINDOWSS	0	WINDOWSS
2025-05-14 10:12:18	debug		System	Debug: **ReadConfigData, stat value for encryption_hash was 99CCFC0D033729754B6BB4832FE786A1	0	WINDOWSS
2025-05-14 10:12:18	debug		CredentialProviderRequest	Info: *Value for IsCredentialProviderRequest:	0	WINDOWSS
2025-05-14 10:12:18	debug		Server-Client	Info: *CheckUserExists server request for pepin with challenge MOSHd07eda8d3b5e0acacd172ad9d0feb1c3	0	WINDOWSS
2025-05-14 10:12:18	debug		Server-Client	Info: *CheckUserExists intermediate error code: 22	0	WINDOWSS
2025-05-14 10:12:18	debug		Server-Client	Info: *Server secret used for command CheckUserExists with error code result 22: secretOTP	0	WINDOWSS
========================================
multiotp 5.9.9.1
Your script is running from C:\multiotp\
2025-05-14 10:12:18	debug		System	Debug: **ReadConfigData, stat value for anonymous_stat_last_update was 1747127736	0	WINDOWSS
2025-05-14 10:12:18	debug		System	Debug: **ReadConfigData, stat value for create_host was WINDOWSS	0	WINDOWSS
2025-05-14 10:12:18	debug		System	Debug: **ReadConfigData, stat value for create_time was 1747126430	0	WINDOWSS
2025-05-14 10:12:18	debug		System	Debug: **ReadConfigData, stat value for last_update was 1747127736	0	WINDOWSS
2025-05-14 10:12:18	debug		System	Debug: **ReadConfigData, stat value for last_update_host was WINDOWSS	0	WINDOWSS
2025-05-14 10:12:18	debug		System	Debug: **ReadConfigData, stat value for encryption_hash was 99CCFC0D033729754B6BB4832FE786A1	0	WINDOWSS
2025-05-14 10:12:18	debug		System	Debug: **ReadConfigData, stat value for anonymous_stat_last_update was 1747127736	0	WINDOWSS
2025-05-14 10:12:18	debug		System	Debug: **ReadConfigData, stat value for create_host was WINDOWSS	0	WINDOWSS
2025-05-14 10:12:18	debug		System	Debug: **ReadConfigData, stat value for create_time was 1747126430	0	WINDOWSS
2025-05-14 10:12:18	debug		System	Debug: **ReadConfigData, stat value for last_update was 1747127736	0	WINDOWSS
2025-05-14 10:12:18	debug		System	Debug: **ReadConfigData, stat value for last_update_host was WINDOWSS	0	WINDOWSS
2025-05-14 10:12:18	debug		System	Debug: **ReadConfigData, stat value for encryption_hash was 99CCFC0D033729754B6BB4832FE786A1	0	WINDOWSS
2025-05-14 10:12:18	debug		CredentialProviderRequest	Info: *Value for IsCredentialProviderRequest:	0	WINDOWSS
2025-05-14 10:12:18	debug		Server-Client	Info: *ReadUserData server request for pepin	0	WINDOWSS
2025-05-14 10:12:18	debug		Server-Client	Info: *Server secret used for command ReadUserData with error code result 19: secretOTP	0	WINDOWSS
========================================
multiotp 5.9.9.1
Your script is running from C:\multiotp\
2025-05-14 10:12:19	debug		System	Debug: **ReadConfigData, stat value for anonymous_stat_last_update was 1747127736	0	WINDOWSS
2025-05-14 10:12:19	debug		System	Debug: **ReadConfigData, stat value for create_host was WINDOWSS	0	WINDOWSS
2025-05-14 10:12:19	debug		System	Debug: **ReadConfigData, stat value for create_time was 1747126430	0	WINDOWSS
2025-05-14 10:12:19	debug		System	Debug: **ReadConfigData, stat value for last_update was 1747127736	0	WINDOWSS
2025-05-14 10:12:19	debug		System	Debug: **ReadConfigData, stat value for last_update_host was WINDOWSS	0	WINDOWSS
2025-05-14 10:12:19	debug		System	Debug: **ReadConfigData, stat value for encryption_hash was 99CCFC0D033729754B6BB4832FE786A1	0	WINDOWSS
2025-05-14 10:12:19	debug		System	Debug: **ReadConfigData, stat value for anonymous_stat_last_update was 1747127736	0	WINDOWSS
2025-05-14 10:12:19	debug		System	Debug: **ReadConfigData, stat value for create_host was WINDOWSS	0	WINDOWSS
2025-05-14 10:12:19	debug		System	Debug: **ReadConfigData, stat value for create_time was 1747126430	0	WINDOWSS
2025-05-14 10:12:19	debug		System	Debug: **ReadConfigData, stat value for last_update was 1747127736	0	WINDOWSS
2025-05-14 10:12:19	debug		System	Debug: **ReadConfigData, stat value for last_update_host was WINDOWSS	0	WINDOWSS
2025-05-14 10:12:19	debug		System	Debug: **ReadConfigData, stat value for encryption_hash was 99CCFC0D033729754B6BB4832FE786A1	0	WINDOWSS
2025-05-14 10:12:19	debug		CredentialProviderRequest	Info: *Value for IsCredentialProviderRequest:	0	WINDOWSS
2025-05-14 10:12:19	debug		Server-Client	Info: *ReadUserData server request for pepin	0	WINDOWSS
2025-05-14 10:12:19	debug		Server-Client	Info: *Server secret used for command ReadUserData with error code result 19: secretOTP	0	WINDOWSS
========================================
multiotp 5.9.9.1
Your script is running from C:\multiotp\
2025-05-14 10:12:19	debug		System	Debug: **ReadConfigData, stat value for anonymous_stat_last_update was 1747127736	0	WINDOWSS
2025-05-14 10:12:19	debug		System	Debug: **ReadConfigData, stat value for create_host was WINDOWSS	0	WINDOWSS
2025-05-14 10:12:19	debug		System	Debug: **ReadConfigData, stat value for create_time was 1747126430	0	WINDOWSS
2025-05-14 10:12:19	debug		System	Debug: **ReadConfigData, stat value for last_update was 1747127736	0	WINDOWSS
2025-05-14 10:12:19	debug		System	Debug: **ReadConfigData, stat value for last_update_host was WINDOWSS	0	WINDOWSS
2025-05-14 10:12:19	debug		System	Debug: **ReadConfigData, stat value for encryption_hash was 99CCFC0D033729754B6BB4832FE786A1	0	WINDOWSS
2025-05-14 10:12:19	debug		System	Debug: **ReadConfigData, stat value for anonymous_stat_last_update was 1747127736	0	WINDOWSS
2025-05-14 10:12:19	debug		System	Debug: **ReadConfigData, stat value for create_host was WINDOWSS	0	WINDOWSS
2025-05-14 10:12:19	debug		System	Debug: **ReadConfigData, stat value for create_time was 1747126430	0	WINDOWSS
2025-05-14 10:12:19	debug		System	Debug: **ReadConfigData, stat value for last_update was 1747127736	0	WINDOWSS
2025-05-14 10:12:19	debug		System	Debug: **ReadConfigData, stat value for last_update_host was WINDOWSS	0	WINDOWSS
2025-05-14 10:12:19	debug		System	Debug: **ReadConfigData, stat value for encryption_hash was 99CCFC0D033729754B6BB4832FE786A1	0	WINDOWSS
2025-05-14 10:12:19	debug		CredentialProviderRequest	Info: *Value for IsCredentialProviderRequest: 1	0	WINDOWSS
2025-05-14 10:12:19	debug		Server-Client	Info: *CheckUserToken server request.	0	WINDOWSS
2025-05-14 10:12:19	warning	pepin	User	Error: authentication failed (using Credential Provider) for user pepin	0	WINDOWSS
2025-05-14 10:12:19	warning	pepin	User	Info: *(authentication typed by the user: 686987)	0	WINDOWSS
2025-05-14 10:12:19	warning	pepin	User	Error: User pepin is now delayed for 300 seconds after 3 failed authentications	0	WINDOWSS
2025-05-14 10:12:19	debug		Server-Client	Info: *Server secret used for command CheckUserToken with error code result 99: secretOTP	0	WINDOWSS
========================================
multiotp 5.9.9.1
Your script is running from C:\multiotp\
2025-05-14 10:12:44	debug		System	Debug: **ReadConfigData, stat value for anonymous_stat_last_update was 1747127736	0	WINDOWSS
2025-05-14 10:12:44	debug		System	Debug: **ReadConfigData, stat value for create_host was WINDOWSS	0	WINDOWSS
2025-05-14 10:12:44	debug		System	Debug: **ReadConfigData, stat value for create_time was 1747126430	0	WINDOWSS
2025-05-14 10:12:44	debug		System	Debug: **ReadConfigData, stat value for last_update was 1747127736	0	WINDOWSS
2025-05-14 10:12:44	debug		System	Debug: **ReadConfigData, stat value for last_update_host was WINDOWSS	0	WINDOWSS
2025-05-14 10:12:44	debug		System	Debug: **ReadConfigData, stat value for encryption_hash was 99CCFC0D033729754B6BB4832FE786A1	0	WINDOWSS
2025-05-14 10:12:44	debug		System	Debug: **ReadConfigData, stat value for anonymous_stat_last_update was 1747127736	0	WINDOWSS
2025-05-14 10:12:44	debug		System	Debug: **ReadConfigData, stat value for create_host was WINDOWSS	0	WINDOWSS
2025-05-14 10:12:44	debug		System	Debug: **ReadConfigData, stat value for create_time was 1747126430	0	WINDOWSS
2025-05-14 10:12:44	debug		System	Debug: **ReadConfigData, stat value for last_update was 1747127736	0	WINDOWSS
2025-05-14 10:12:44	debug		System	Debug: **ReadConfigData, stat value for last_update_host was WINDOWSS	0	WINDOWSS
2025-05-14 10:12:44	debug		System	Debug: **ReadConfigData, stat value for encryption_hash was 99CCFC0D033729754B6BB4832FE786A1	0	WINDOWSS
2025-05-14 10:12:44	debug		CredentialProviderRequest	Info: *Value for IsCredentialProviderRequest:	0	WINDOWSS
2025-05-14 10:12:44	debug		Server-Client	Info: *CheckUserExists server request for pepin with challenge MOSHbe9f756500be6a8a491ca8456d97e87e	0	WINDOWSS
2025-05-14 10:12:44	debug		Server-Client	Info: *CheckUserExists intermediate error code: 22	0	WINDOWSS
2025-05-14 10:12:44	debug		Server-Client	Info: *Server secret used for command CheckUserExists with error code result 22: secretOTP	0	WINDOWSS
========================================
multiotp 5.9.9.1
Your script is running from C:\multiotp\
2025-05-14 10:12:44	debug		System	Debug: **ReadConfigData, stat value for anonymous_stat_last_update was 1747127736	0	WINDOWSS
2025-05-14 10:12:44	debug		System	Debug: **ReadConfigData, stat value for create_host was WINDOWSS	0	WINDOWSS
2025-05-14 10:12:44	debug		System	Debug: **ReadConfigData, stat value for create_time was 1747126430	0	WINDOWSS
2025-05-14 10:12:44	debug		System	Debug: **ReadConfigData, stat value for last_update was 1747127736	0	WINDOWSS
2025-05-14 10:12:44	debug		System	Debug: **ReadConfigData, stat value for last_update_host was WINDOWSS	0	WINDOWSS
2025-05-14 10:12:44	debug		System	Debug: **ReadConfigData, stat value for encryption_hash was 99CCFC0D033729754B6BB4832FE786A1	0	WINDOWSS
2025-05-14 10:12:44	debug		System	Debug: **ReadConfigData, stat value for anonymous_stat_last_update was 1747127736	0	WINDOWSS
2025-05-14 10:12:44	debug		System	Debug: **ReadConfigData, stat value for create_host was WINDOWSS	0	WINDOWSS
2025-05-14 10:12:44	debug		System	Debug: **ReadConfigData, stat value for create_time was 1747126430	0	WINDOWSS
2025-05-14 10:12:44	debug		System	Debug: **ReadConfigData, stat value for last_update was 1747127736	0	WINDOWSS
2025-05-14 10:12:44	debug		System	Debug: **ReadConfigData, stat value for last_update_host was WINDOWSS	0	WINDOWSS
2025-05-14 10:12:44	debug		System	Debug: **ReadConfigData, stat value for encryption_hash was 99CCFC0D033729754B6BB4832FE786A1	0	WINDOWSS
2025-05-14 10:12:44	debug		CredentialProviderRequest	Info: *Value for IsCredentialProviderRequest:	0	WINDOWSS
2025-05-14 10:12:44	debug		Server-Client	Info: *ReadUserData server request for pepin	0	WINDOWSS
2025-05-14 10:12:44	debug		Server-Client	Info: *Server secret used for command ReadUserData with error code result 19: secretOTP	0	WINDOWSS
========================================
multiotp 5.9.9.1
Your script is running from C:\multiotp\
2025-05-14 10:12:44	debug		System	Debug: **ReadConfigData, stat value for anonymous_stat_last_update was 1747127736	0	WINDOWSS
2025-05-14 10:12:44	debug		System	Debug: **ReadConfigData, stat value for create_host was WINDOWSS	0	WINDOWSS
2025-05-14 10:12:44	debug		System	Debug: **ReadConfigData, stat value for create_time was 1747126430	0	WINDOWSS
2025-05-14 10:12:44	debug		System	Debug: **ReadConfigData, stat value for last_update was 1747127736	0	WINDOWSS
2025-05-14 10:12:44	debug		System	Debug: **ReadConfigData, stat value for last_update_host was WINDOWSS	0	WINDOWSS
2025-05-14 10:12:44	debug		System	Debug: **ReadConfigData, stat value for encryption_hash was 99CCFC0D033729754B6BB4832FE786A1	0	WINDOWSS
2025-05-14 10:12:44	debug		System	Debug: **ReadConfigData, stat value for anonymous_stat_last_update was 1747127736	0	WINDOWSS
2025-05-14 10:12:44	debug		System	Debug: **ReadConfigData, stat value for create_host was WINDOWSS	0	WINDOWSS
2025-05-14 10:12:44	debug		System	Debug: **ReadConfigData, stat value for create_time was 1747126430	0	WINDOWSS
2025-05-14 10:12:44	debug		System	Debug: **ReadConfigData, stat value for last_update was 1747127736	0	WINDOWSS
2025-05-14 10:12:44	debug		System	Debug: **ReadConfigData, stat value for last_update_host was WINDOWSS	0	WINDOWSS
2025-05-14 10:12:44	debug		System	Debug: **ReadConfigData, stat value for encryption_hash was 99CCFC0D033729754B6BB4832FE786A1	0	WINDOWSS
2025-05-14 10:12:44	debug		CredentialProviderRequest	Info: *Value for IsCredentialProviderRequest:	0	WINDOWSS
2025-05-14 10:12:44	debug		Server-Client	Info: *ReadUserData server request for pepin	0	WINDOWSS
2025-05-14 10:12:44	debug		Server-Client	Info: *Server secret used for command ReadUserData with error code result 19: secretOTP	0	WINDOWSS
========================================
multiotp 5.9.9.1
Your script is running from C:\multiotp\
2025-05-14 10:12:44	debug		System	Debug: **ReadConfigData, stat value for anonymous_stat_last_update was 1747127736	0	WINDOWSS
2025-05-14 10:12:44	debug		System	Debug: **ReadConfigData, stat value for create_host was WINDOWSS	0	WINDOWSS
2025-05-14 10:12:44	debug		System	Debug: **ReadConfigData, stat value for create_time was 1747126430	0	WINDOWSS
2025-05-14 10:12:44	debug		System	Debug: **ReadConfigData, stat value for last_update was 1747127736	0	WINDOWSS
2025-05-14 10:12:44	debug		System	Debug: **ReadConfigData, stat value for last_update_host was WINDOWSS	0	WINDOWSS
2025-05-14 10:12:44	debug		System	Debug: **ReadConfigData, stat value for encryption_hash was 99CCFC0D033729754B6BB4832FE786A1	0	WINDOWSS
2025-05-14 10:12:44	debug		System	Debug: **ReadConfigData, stat value for anonymous_stat_last_update was 1747127736	0	WINDOWSS
2025-05-14 10:12:44	debug		System	Debug: **ReadConfigData, stat value for create_host was WINDOWSS	0	WINDOWSS
2025-05-14 10:12:44	debug		System	Debug: **ReadConfigData, stat value for create_time was 1747126430	0	WINDOWSS
2025-05-14 10:12:44	debug		System	Debug: **ReadConfigData, stat value for last_update was 1747127736	0	WINDOWSS
2025-05-14 10:12:44	debug		System	Debug: **ReadConfigData, stat value for last_update_host was WINDOWSS	0	WINDOWSS
2025-05-14 10:12:44	debug		System	Debug: **ReadConfigData, stat value for encryption_hash was 99CCFC0D033729754B6BB4832FE786A1	0	WINDOWSS
2025-05-14 10:12:44	debug		CredentialProviderRequest	Info: *Value for IsCredentialProviderRequest: 1	0	WINDOWSS
2025-05-14 10:12:44	debug		Server-Client	Info: *CheckUserToken server request.	0	WINDOWSS
2025-05-14 10:12:44	warning	pepin	User	Error: User pepin still delayed for 275 seconds after 3 failed authentications	0	WINDOWSS
2025-05-14 10:12:44	debug		Server-Client	Info: *Server secret used for command CheckUserToken with error code result 25: secretOTP	0	WINDOWSS
========================================
multiotp 5.9.9.1
Your script is running from C:\multiotp\
2025-05-14 10:13:06	debug		System	Debug: **ReadConfigData, stat value for anonymous_stat_last_update was 1747127736	0	WINDOWSS
2025-05-14 10:13:06	debug		System	Debug: **ReadConfigData, stat value for create_host was WINDOWSS	0	WINDOWSS
2025-05-14 10:13:06	debug		System	Debug: **ReadConfigData, stat value for create_time was 1747126430	0	WINDOWSS
2025-05-14 10:13:06	debug		System	Debug: **ReadConfigData, stat value for last_update was 1747127736	0	WINDOWSS
2025-05-14 10:13:06	debug		System	Debug: **ReadConfigData, stat value for last_update_host was WINDOWSS	0	WINDOWSS
2025-05-14 10:13:06	debug		System	Debug: **ReadConfigData, stat value for encryption_hash was 99CCFC0D033729754B6BB4832FE786A1	0	WINDOWSS
2025-05-14 10:13:06	debug		System	Debug: **ReadConfigData, stat value for anonymous_stat_last_update was 1747127736	0	WINDOWSS
2025-05-14 10:13:06	debug		System	Debug: **ReadConfigData, stat value for create_host was WINDOWSS	0	WINDOWSS
2025-05-14 10:13:06	debug		System	Debug: **ReadConfigData, stat value for create_time was 1747126430	0	WINDOWSS
2025-05-14 10:13:06	debug		System	Debug: **ReadConfigData, stat value for last_update was 1747127736	0	WINDOWSS
2025-05-14 10:13:06	debug		System	Debug: **ReadConfigData, stat value for last_update_host was WINDOWSS	0	WINDOWSS
2025-05-14 10:13:06	debug		System	Debug: **ReadConfigData, stat value for encryption_hash was 99CCFC0D033729754B6BB4832FE786A1	0	WINDOWSS
2025-05-14 10:13:06	warning	pepin	User	Error: User pepin still delayed for 253 seconds after 3 failed authentications	0	WINDOWSS
========================================
multiotp 5.9.9.1
Your script is running from C:\multiotp\
2025-05-14 10:13:28	debug		System	Debug: **ReadConfigData, stat value for anonymous_stat_last_update was 1747127736	0	WINDOWSS
2025-05-14 10:13:28	debug		System	Debug: **ReadConfigData, stat value for create_host was WINDOWSS	0	WINDOWSS
2025-05-14 10:13:28	debug		System	Debug: **ReadConfigData, stat value for create_time was 1747126430	0	WINDOWSS
2025-05-14 10:13:28	debug		System	Debug: **ReadConfigData, stat value for last_update was 1747127736	0	WINDOWSS
2025-05-14 10:13:28	debug		System	Debug: **ReadConfigData, stat value for last_update_host was WINDOWSS	0	WINDOWSS
2025-05-14 10:13:28	debug		System	Debug: **ReadConfigData, stat value for encryption_hash was 99CCFC0D033729754B6BB4832FE786A1	0	WINDOWSS
2025-05-14 10:13:28	debug		System	Debug: **ReadConfigData, stat value for anonymous_stat_last_update was 1747127736	0	WINDOWSS
2025-05-14 10:13:28	debug		System	Debug: **ReadConfigData, stat value for create_host was WINDOWSS	0	WINDOWSS
2025-05-14 10:13:28	debug		System	Debug: **ReadConfigData, stat value for create_time was 1747126430	0	WINDOWSS
2025-05-14 10:13:28	debug		System	Debug: **ReadConfigData, stat value for last_update was 1747127736	0	WINDOWSS
2025-05-14 10:13:28	debug		System	Debug: **ReadConfigData, stat value for last_update_host was WINDOWSS	0	WINDOWSS
2025-05-14 10:13:28	debug		System	Debug: **ReadConfigData, stat value for encryption_hash was 99CCFC0D033729754B6BB4832FE786A1	0	WINDOWSS
2025-05-14 10:13:28	debug		CredentialProviderRequest	Info: *Value for IsCredentialProviderRequest:	0	WINDOWSS
2025-05-14 10:13:28	debug		Server-Client	Info: *CheckUserExists server request for pepin with challenge MOSH4dc2cbea0f18adc7f9a92228344250d2	0	WINDOWSS
2025-05-14 10:13:28	debug		Server-Client	Info: *CheckUserExists intermediate error code: 22	0	WINDOWSS
2025-05-14 10:13:28	debug		Server-Client	Info: *Server secret used for command CheckUserExists with error code result 22: secretOTP	0	WINDOWSS
========================================
multiotp 5.9.9.1
Your script is running from C:\multiotp\
2025-05-14 10:13:28	debug		System	Debug: **ReadConfigData, stat value for anonymous_stat_last_update was 1747127736	0	WINDOWSS
2025-05-14 10:13:28	debug		System	Debug: **ReadConfigData, stat value for create_host was WINDOWSS	0	WINDOWSS
2025-05-14 10:13:28	debug		System	Debug: **ReadConfigData, stat value for create_time was 1747126430	0	WINDOWSS
2025-05-14 10:13:28	debug		System	Debug: **ReadConfigData, stat value for last_update was 1747127736	0	WINDOWSS
2025-05-14 10:13:28	debug		System	Debug: **ReadConfigData, stat value for last_update_host was WINDOWSS	0	WINDOWSS
2025-05-14 10:13:28	debug		System	Debug: **ReadConfigData, stat value for encryption_hash was 99CCFC0D033729754B6BB4832FE786A1	0	WINDOWSS
2025-05-14 10:13:28	debug		System	Debug: **ReadConfigData, stat value for anonymous_stat_last_update was 1747127736	0	WINDOWSS
2025-05-14 10:13:28	debug		System	Debug: **ReadConfigData, stat value for create_host was WINDOWSS	0	WINDOWSS
2025-05-14 10:13:28	debug		System	Debug: **ReadConfigData, stat value for create_time was 1747126430	0	WINDOWSS
2025-05-14 10:13:28	debug		System	Debug: **ReadConfigData, stat value for last_update was 1747127736	0	WINDOWSS
2025-05-14 10:13:28	debug		System	Debug: **ReadConfigData, stat value for last_update_host was WINDOWSS	0	WINDOWSS
2025-05-14 10:13:28	debug		System	Debug: **ReadConfigData, stat value for encryption_hash was 99CCFC0D033729754B6BB4832FE786A1	0	WINDOWSS
2025-05-14 10:13:28	debug		CredentialProviderRequest	Info: *Value for IsCredentialProviderRequest:	0	WINDOWSS
2025-05-14 10:13:28	debug		Server-Client	Info: *ReadUserData server request for pepin	0	WINDOWSS
2025-05-14 10:13:28	debug		Server-Client	Info: *Server secret used for command ReadUserData with error code result 19: secretOTP	0	WINDOWSS
========================================
multiotp 5.9.9.1
Your script is running from C:\multiotp\
2025-05-14 10:13:28	debug		System	Debug: **ReadConfigData, stat value for anonymous_stat_last_update was 1747127736	0	WINDOWSS
2025-05-14 10:13:28	debug		System	Debug: **ReadConfigData, stat value for create_host was WINDOWSS	0	WINDOWSS
2025-05-14 10:13:28	debug		System	Debug: **ReadConfigData, stat value for create_time was 1747126430	0	WINDOWSS
2025-05-14 10:13:28	debug		System	Debug: **ReadConfigData, stat value for last_update was 1747127736	0	WINDOWSS
2025-05-14 10:13:28	debug		System	Debug: **ReadConfigData, stat value for last_update_host was WINDOWSS	0	WINDOWSS
2025-05-14 10:13:28	debug		System	Debug: **ReadConfigData, stat value for encryption_hash was 99CCFC0D033729754B6BB4832FE786A1	0	WINDOWSS
2025-05-14 10:13:28	debug		System	Debug: **ReadConfigData, stat value for anonymous_stat_last_update was 1747127736	0	WINDOWSS
2025-05-14 10:13:28	debug		System	Debug: **ReadConfigData, stat value for create_host was WINDOWSS	0	WINDOWSS
2025-05-14 10:13:28	debug		System	Debug: **ReadConfigData, stat value for create_time was 1747126430	0	WINDOWSS
2025-05-14 10:13:28	debug		System	Debug: **ReadConfigData, stat value for last_update was 1747127736	0	WINDOWSS
2025-05-14 10:13:28	debug		System	Debug: **ReadConfigData, stat value for last_update_host was WINDOWSS	0	WINDOWSS
2025-05-14 10:13:28	debug		System	Debug: **ReadConfigData, stat value for encryption_hash was 99CCFC0D033729754B6BB4832FE786A1	0	WINDOWSS
2025-05-14 10:13:28	debug		CredentialProviderRequest	Info: *Value for IsCredentialProviderRequest:	0	WINDOWSS
2025-05-14 10:13:28	debug		Server-Client	Info: *ReadUserData server request for pepin	0	WINDOWSS
2025-05-14 10:13:28	debug		Server-Client	Info: *Server secret used for command ReadUserData with error code result 19: secretOTP	0	WINDOWSS
========================================
multiotp 5.9.9.1
Your script is running from C:\multiotp\
2025-05-14 10:13:28	debug		System	Debug: **ReadConfigData, stat value for anonymous_stat_last_update was 1747127736	0	WINDOWSS
2025-05-14 10:13:28	debug		System	Debug: **ReadConfigData, stat value for create_host was WINDOWSS	0	WINDOWSS
2025-05-14 10:13:28	debug		System	Debug: **ReadConfigData, stat value for create_time was 1747126430	0	WINDOWSS
2025-05-14 10:13:28	debug		System	Debug: **ReadConfigData, stat value for last_update was 1747127736	0	WINDOWSS
2025-05-14 10:13:28	debug		System	Debug: **ReadConfigData, stat value for last_update_host was WINDOWSS	0	WINDOWSS
2025-05-14 10:13:28	debug		System	Debug: **ReadConfigData, stat value for encryption_hash was 99CCFC0D033729754B6BB4832FE786A1	0	WINDOWSS
2025-05-14 10:13:28	debug		System	Debug: **ReadConfigData, stat value for anonymous_stat_last_update was 1747127736	0	WINDOWSS
2025-05-14 10:13:28	debug		System	Debug: **ReadConfigData, stat value for create_host was WINDOWSS	0	WINDOWSS
2025-05-14 10:13:28	debug		System	Debug: **ReadConfigData, stat value for create_time was 1747126430	0	WINDOWSS
2025-05-14 10:13:28	debug		System	Debug: **ReadConfigData, stat value for last_update was 1747127736	0	WINDOWSS
2025-05-14 10:13:28	debug		System	Debug: **ReadConfigData, stat value for last_update_host was WINDOWSS	0	WINDOWSS
2025-05-14 10:13:28	debug		System	Debug: **ReadConfigData, stat value for encryption_hash was 99CCFC0D033729754B6BB4832FE786A1	0	WINDOWSS
2025-05-14 10:13:28	debug		CredentialProviderRequest	Info: *Value for IsCredentialProviderRequest: 1	0	WINDOWSS
2025-05-14 10:13:28	debug		Server-Client	Info: *CheckUserToken server request.	0	WINDOWSS
2025-05-14 10:13:28	warning	pepin	User	Error: User pepin still delayed for 231 seconds after 3 failed authentications	0	WINDOWSS
2025-05-14 10:13:28	debug		Server-Client	Info: *Server secret used for command CheckUserToken with error code result 25: secretOTP	0	WINDOWSS
========================================
multiotp 5.9.9.1
Your script is running from C:\multiotp\.\
2025-05-14 10:14:00	debug		System	Debug: **ReadConfigData, stat value for anonymous_stat_last_update was 1747127736	0	WINDOWSS
2025-05-14 10:14:00	debug		System	Debug: **ReadConfigData, stat value for create_host was WINDOWSS	0	WINDOWSS
2025-05-14 10:14:00	debug		System	Debug: **ReadConfigData, stat value for create_time was 1747126430	0	WINDOWSS
2025-05-14 10:14:00	debug		System	Debug: **ReadConfigData, stat value for last_update was 1747127736	0	WINDOWSS
2025-05-14 10:14:00	debug		System	Debug: **ReadConfigData, stat value for last_update_host was WINDOWSS	0	WINDOWSS
2025-05-14 10:14:00	debug		System	Debug: **ReadConfigData, stat value for encryption_hash was 99CCFC0D033729754B6BB4832FE786A1	0	WINDOWSS
2025-05-14 10:14:00	debug		System	Debug: **ReadConfigData, stat value for anonymous_stat_last_update was 1747127736	0	WINDOWSS
2025-05-14 10:14:00	debug		System	Debug: **ReadConfigData, stat value for create_host was WINDOWSS	0	WINDOWSS
2025-05-14 10:14:00	debug		System	Debug: **ReadConfigData, stat value for create_time was 1747126430	0	WINDOWSS
2025-05-14 10:14:00	debug		System	Debug: **ReadConfigData, stat value for last_update was 1747127736	0	WINDOWSS
2025-05-14 10:14:00	debug		System	Debug: **ReadConfigData, stat value for last_update_host was WINDOWSS	0	WINDOWSS
2025-05-14 10:14:00	debug		System	Debug: **ReadConfigData, stat value for encryption_hash was 99CCFC0D033729754B6BB4832FE786A1	0	WINDOWSS
2025-05-14 10:14:00	debug		LDAP	Debug: *AD/LDAP synchronization started at 10:14:00 / Memory used: 14.6MB / Peak: 27.2MB	0	WINDOWSS
2025-05-14 10:14:00	info		LDAP	Info: AD/LDAP synchronization started	0	WINDOWSS
2025-05-14 10:14:00	debug		System	Debug: *LDAP cache folder value: C:\Users\ADMINI~1\AppData\Local\Temp\.ldap_cache/	0	WINDOWSS
2025-05-14 10:14:00	info		LDAP	Info: No update for the 2 LDAP synced users, based on 2 LDAP entries (processed in 00:00:00)	0	WINDOWSS
2025-05-14 10:14:00	debug		Debug	Debug: *19 INFO: Requested operation successfully done	0	WINDOWSS
========================================
multiotp 5.9.9.1
Your script is running from C:\multiotp\.\
2025-05-14 10:14:30	debug		System	Debug: **ReadConfigData, stat value for anonymous_stat_last_update was 1747127736	0	WINDOWSS
2025-05-14 10:14:30	debug		System	Debug: **ReadConfigData, stat value for create_host was WINDOWSS	0	WINDOWSS
2025-05-14 10:14:30	debug		System	Debug: **ReadConfigData, stat value for create_time was 1747126430	0	WINDOWSS
2025-05-14 10:14:30	debug		System	Debug: **ReadConfigData, stat value for last_update was 1747127736	0	WINDOWSS
2025-05-14 10:14:30	debug		System	Debug: **ReadConfigData, stat value for last_update_host was WINDOWSS	0	WINDOWSS
2025-05-14 10:14:30	debug		System	Debug: **ReadConfigData, stat value for encryption_hash was 99CCFC0D033729754B6BB4832FE786A1	0	WINDOWSS
2025-05-14 10:14:30	debug		System	Debug: **ReadConfigData, stat value for anonymous_stat_last_update was 1747127736	0	WINDOWSS
2025-05-14 10:14:30	debug		System	Debug: **ReadConfigData, stat value for create_host was WINDOWSS	0	WINDOWSS
2025-05-14 10:14:30	debug		System	Debug: **ReadConfigData, stat value for create_time was 1747126430	0	WINDOWSS
2025-05-14 10:14:30	debug		System	Debug: **ReadConfigData, stat value for last_update was 1747127736	0	WINDOWSS
2025-05-14 10:14:30	debug		System	Debug: **ReadConfigData, stat value for last_update_host was WINDOWSS	0	WINDOWSS
2025-05-14 10:14:30	debug		System	Debug: **ReadConfigData, stat value for encryption_hash was 99CCFC0D033729754B6BB4832FE786A1	0	WINDOWSS
2025-05-14 10:14:30	debug		LDAP	Debug: *AD/LDAP synchronization started at 10:14:30 / Memory used: 14.6MB / Peak: 27.2MB	0	WINDOWSS
2025-05-14 10:14:30	info		LDAP	Info: AD/LDAP synchronization started	0	WINDOWSS
2025-05-14 10:14:30	debug		System	Debug: *LDAP cache folder value: C:\Users\ADMINI~1\AppData\Local\Temp\.ldap_cache/	0	WINDOWSS
2025-05-14 10:14:30	debug		System	Info: *File created: C:\multiotp\.\users\josuee.db	1	WINDOWSS
2025-05-14 10:14:30	info		System	Info: User josuee automatically created	1	WINDOWSS
2025-05-14 10:14:30	info		LDAP	Info: 1 user created, based on 3 LDAP entries (processed in 00:00:00)	0	WINDOWSS
2025-05-14 10:14:30	debug		Debug	Debug: *19 INFO: Requested operation successfully done	0	WINDOWSS
========================================
multiotp 5.9.9.1
Your script is running from C:\multiotp\
2025-05-14 10:15:49	debug		System	Debug: **ReadConfigData, stat value for anonymous_stat_last_update was 1747127736	0	WINDOWSS
2025-05-14 10:15:49	debug		System	Debug: **ReadConfigData, stat value for create_host was WINDOWSS	0	WINDOWSS
2025-05-14 10:15:49	debug		System	Debug: **ReadConfigData, stat value for create_time was 1747126430	0	WINDOWSS
2025-05-14 10:15:49	debug		System	Debug: **ReadConfigData, stat value for last_update was 1747127736	0	WINDOWSS
2025-05-14 10:15:49	debug		System	Debug: **ReadConfigData, stat value for last_update_host was WINDOWSS	0	WINDOWSS
2025-05-14 10:15:49	debug		System	Debug: **ReadConfigData, stat value for encryption_hash was 99CCFC0D033729754B6BB4832FE786A1	0	WINDOWSS
2025-05-14 10:15:49	debug		System	Debug: **ReadConfigData, stat value for anonymous_stat_last_update was 1747127736	0	WINDOWSS
2025-05-14 10:15:49	debug		System	Debug: **ReadConfigData, stat value for create_host was WINDOWSS	0	WINDOWSS
2025-05-14 10:15:49	debug		System	Debug: **ReadConfigData, stat value for create_time was 1747126430	0	WINDOWSS
2025-05-14 10:15:49	debug		System	Debug: **ReadConfigData, stat value for last_update was 1747127736	0	WINDOWSS
2025-05-14 10:15:49	debug		System	Debug: **ReadConfigData, stat value for last_update_host was WINDOWSS	0	WINDOWSS
2025-05-14 10:15:49	debug		System	Debug: **ReadConfigData, stat value for encryption_hash was 99CCFC0D033729754B6BB4832FE786A1	0	WINDOWSS
========================================
multiotp 5.9.9.1
Your script is running from C:\multiotp\
2025-05-14 10:15:50	debug		System	Debug: **ReadConfigData, stat value for anonymous_stat_last_update was 1747127736	0	WINDOWSS
2025-05-14 10:15:50	debug		System	Debug: **ReadConfigData, stat value for create_host was WINDOWSS	0	WINDOWSS
2025-05-14 10:15:50	debug		System	Debug: **ReadConfigData, stat value for create_time was 1747126430	0	WINDOWSS
2025-05-14 10:15:50	debug		System	Debug: **ReadConfigData, stat value for last_update was 1747127736	0	WINDOWSS
2025-05-14 10:15:50	debug		System	Debug: **ReadConfigData, stat value for last_update_host was WINDOWSS	0	WINDOWSS
2025-05-14 10:15:50	debug		System	Debug: **ReadConfigData, stat value for encryption_hash was 99CCFC0D033729754B6BB4832FE786A1	0	WINDOWSS
2025-05-14 10:15:50	debug		System	Debug: **ReadConfigData, stat value for anonymous_stat_last_update was 1747127736	0	WINDOWSS
2025-05-14 10:15:50	debug		System	Debug: **ReadConfigData, stat value for create_host was WINDOWSS	0	WINDOWSS
2025-05-14 10:15:50	debug		System	Debug: **ReadConfigData, stat value for create_time was 1747126430	0	WINDOWSS
2025-05-14 10:15:50	debug		System	Debug: **ReadConfigData, stat value for last_update was 1747127736	0	WINDOWSS
2025-05-14 10:15:50	debug		System	Debug: **ReadConfigData, stat value for last_update_host was WINDOWSS	0	WINDOWSS
2025-05-14 10:15:50	debug		System	Debug: **ReadConfigData, stat value for encryption_hash was 99CCFC0D033729754B6BB4832FE786A1	0	WINDOWSS
========================================
multiotp 5.9.9.1
Your script is running from C:\multiotp\
2025-05-14 10:15:50	debug		System	Debug: **ReadConfigData, stat value for anonymous_stat_last_update was 1747127736	0	WINDOWSS
2025-05-14 10:15:50	debug		System	Debug: **ReadConfigData, stat value for create_host was WINDOWSS	0	WINDOWSS
2025-05-14 10:15:50	debug		System	Debug: **ReadConfigData, stat value for create_time was 1747126430	0	WINDOWSS
2025-05-14 10:15:50	debug		System	Debug: **ReadConfigData, stat value for last_update was 1747127736	0	WINDOWSS
2025-05-14 10:15:50	debug		System	Debug: **ReadConfigData, stat value for last_update_host was WINDOWSS	0	WINDOWSS
2025-05-14 10:15:50	debug		System	Debug: **ReadConfigData, stat value for encryption_hash was 99CCFC0D033729754B6BB4832FE786A1	0	WINDOWSS
2025-05-14 10:15:50	debug		System	Debug: **ReadConfigData, stat value for anonymous_stat_last_update was 1747127736	0	WINDOWSS
2025-05-14 10:15:50	debug		System	Debug: **ReadConfigData, stat value for create_host was WINDOWSS	0	WINDOWSS
2025-05-14 10:15:50	debug		System	Debug: **ReadConfigData, stat value for create_time was 1747126430	0	WINDOWSS
2025-05-14 10:15:50	debug		System	Debug: **ReadConfigData, stat value for last_update was 1747127736	0	WINDOWSS
2025-05-14 10:15:50	debug		System	Debug: **ReadConfigData, stat value for last_update_host was WINDOWSS	0	WINDOWSS
2025-05-14 10:15:50	debug		System	Debug: **ReadConfigData, stat value for encryption_hash was 99CCFC0D033729754B6BB4832FE786A1	0	WINDOWSS
========================================
multiotp 5.9.9.1
Your script is running from C:\multiotp\
2025-05-14 10:15:50	debug		System	Debug: **ReadConfigData, stat value for anonymous_stat_last_update was 1747127736	0	WINDOWSS
2025-05-14 10:15:50	debug		System	Debug: **ReadConfigData, stat value for create_host was WINDOWSS	0	WINDOWSS
2025-05-14 10:15:50	debug		System	Debug: **ReadConfigData, stat value for create_time was 1747126430	0	WINDOWSS
2025-05-14 10:15:50	debug		System	Debug: **ReadConfigData, stat value for last_update was 1747127736	0	WINDOWSS
2025-05-14 10:15:50	debug		System	Debug: **ReadConfigData, stat value for last_update_host was WINDOWSS	0	WINDOWSS
2025-05-14 10:15:50	debug		System	Debug: **ReadConfigData, stat value for encryption_hash was 99CCFC0D033729754B6BB4832FE786A1	0	WINDOWSS
2025-05-14 10:15:50	debug		System	Debug: **ReadConfigData, stat value for anonymous_stat_last_update was 1747127736	0	WINDOWSS
2025-05-14 10:15:50	debug		System	Debug: **ReadConfigData, stat value for create_host was WINDOWSS	0	WINDOWSS
2025-05-14 10:15:50	debug		System	Debug: **ReadConfigData, stat value for create_time was 1747126430	0	WINDOWSS
2025-05-14 10:15:50	debug		System	Debug: **ReadConfigData, stat value for last_update was 1747127736	0	WINDOWSS
2025-05-14 10:15:50	debug		System	Debug: **ReadConfigData, stat value for last_update_host was WINDOWSS	0	WINDOWSS
2025-05-14 10:15:50	debug		System	Debug: **ReadConfigData, stat value for encryption_hash was 99CCFC0D033729754B6BB4832FE786A1	0	WINDOWSS
========================================
multiotp 5.9.9.1
Your script is running from C:\multiotp\
2025-05-14 10:15:50	debug		System	Debug: **ReadConfigData, stat value for anonymous_stat_last_update was 1747127736	0	WINDOWSS
2025-05-14 10:15:50	debug		System	Debug: **ReadConfigData, stat value for create_host was WINDOWSS	0	WINDOWSS
2025-05-14 10:15:50	debug		System	Debug: **ReadConfigData, stat value for create_time was 1747126430	0	WINDOWSS
2025-05-14 10:15:50	debug		System	Debug: **ReadConfigData, stat value for last_update was 1747127736	0	WINDOWSS
2025-05-14 10:15:50	debug		System	Debug: **ReadConfigData, stat value for last_update_host was WINDOWSS	0	WINDOWSS
2025-05-14 10:15:50	debug		System	Debug: **ReadConfigData, stat value for encryption_hash was 99CCFC0D033729754B6BB4832FE786A1	0	WINDOWSS
2025-05-14 10:15:50	debug		System	Debug: **ReadConfigData, stat value for anonymous_stat_last_update was 1747127736	0	WINDOWSS
2025-05-14 10:15:50	debug		System	Debug: **ReadConfigData, stat value for create_host was WINDOWSS	0	WINDOWSS
2025-05-14 10:15:50	debug		System	Debug: **ReadConfigData, stat value for create_time was 1747126430	0	WINDOWSS
2025-05-14 10:15:50	debug		System	Debug: **ReadConfigData, stat value for last_update was 1747127736	0	WINDOWSS
2025-05-14 10:15:50	debug		System	Debug: **ReadConfigData, stat value for last_update_host was WINDOWSS	0	WINDOWSS
2025-05-14 10:15:50	debug		System	Debug: **ReadConfigData, stat value for encryption_hash was 99CCFC0D033729754B6BB4832FE786A1	0	WINDOWSS
========================================
multiotp 5.9.9.1
Your script is running from C:\multiotp\
2025-05-14 10:15:50	debug		System	Debug: **ReadConfigData, stat value for anonymous_stat_last_update was 1747127736	0	WINDOWSS
2025-05-14 10:15:50	debug		System	Debug: **ReadConfigData, stat value for create_host was WINDOWSS	0	WINDOWSS
2025-05-14 10:15:50	debug		System	Debug: **ReadConfigData, stat value for create_time was 1747126430	0	WINDOWSS
2025-05-14 10:15:50	debug		System	Debug: **ReadConfigData, stat value for last_update was 1747127736	0	WINDOWSS
2025-05-14 10:15:50	debug		System	Debug: **ReadConfigData, stat value for last_update_host was WINDOWSS	0	WINDOWSS
2025-05-14 10:15:50	debug		System	Debug: **ReadConfigData, stat value for encryption_hash was 99CCFC0D033729754B6BB4832FE786A1	0	WINDOWSS
2025-05-14 10:15:50	debug		System	Debug: **ReadConfigData, stat value for anonymous_stat_last_update was 1747127736	0	WINDOWSS
2025-05-14 10:15:50	debug		System	Debug: **ReadConfigData, stat value for create_host was WINDOWSS	0	WINDOWSS
2025-05-14 10:15:50	debug		System	Debug: **ReadConfigData, stat value for create_time was 1747126430	0	WINDOWSS
2025-05-14 10:15:50	debug		System	Debug: **ReadConfigData, stat value for last_update was 1747127736	0	WINDOWSS
2025-05-14 10:15:50	debug		System	Debug: **ReadConfigData, stat value for last_update_host was WINDOWSS	0	WINDOWSS
2025-05-14 10:15:50	debug		System	Debug: **ReadConfigData, stat value for encryption_hash was 99CCFC0D033729754B6BB4832FE786A1	0	WINDOWSS
========================================
multiotp 5.9.9.1
Your script is running from C:\multiotp\
2025-05-14 10:15:51	debug		System	Debug: **ReadConfigData, stat value for anonymous_stat_last_update was 1747127736	0	WINDOWSS
2025-05-14 10:15:51	debug		System	Debug: **ReadConfigData, stat value for create_host was WINDOWSS	0	WINDOWSS
2025-05-14 10:15:51	debug		System	Debug: **ReadConfigData, stat value for create_time was 1747126430	0	WINDOWSS
2025-05-14 10:15:51	debug		System	Debug: **ReadConfigData, stat value for last_update was 1747127736	0	WINDOWSS
2025-05-14 10:15:51	debug		System	Debug: **ReadConfigData, stat value for last_update_host was WINDOWSS	0	WINDOWSS
2025-05-14 10:15:51	debug		System	Debug: **ReadConfigData, stat value for encryption_hash was 99CCFC0D033729754B6BB4832FE786A1	0	WINDOWSS
2025-05-14 10:15:51	debug		System	Debug: **ReadConfigData, stat value for anonymous_stat_last_update was 1747127736	0	WINDOWSS
2025-05-14 10:15:51	debug		System	Debug: **ReadConfigData, stat value for create_host was WINDOWSS	0	WINDOWSS
2025-05-14 10:15:51	debug		System	Debug: **ReadConfigData, stat value for create_time was 1747126430	0	WINDOWSS
2025-05-14 10:15:51	debug		System	Debug: **ReadConfigData, stat value for last_update was 1747127736	0	WINDOWSS
2025-05-14 10:15:51	debug		System	Debug: **ReadConfigData, stat value for last_update_host was WINDOWSS	0	WINDOWSS
2025-05-14 10:15:51	debug		System	Debug: **ReadConfigData, stat value for encryption_hash was 99CCFC0D033729754B6BB4832FE786A1	0	WINDOWSS
========================================
multiotp 5.9.9.1
Your script is running from C:\multiotp\
2025-05-14 10:15:59	debug		System	Debug: **ReadConfigData, stat value for anonymous_stat_last_update was 1747127736	0	WINDOWSS
2025-05-14 10:15:59	debug		System	Debug: **ReadConfigData, stat value for create_host was WINDOWSS	0	WINDOWSS
2025-05-14 10:15:59	debug		System	Debug: **ReadConfigData, stat value for create_time was 1747126430	0	WINDOWSS
2025-05-14 10:15:59	debug		System	Debug: **ReadConfigData, stat value for last_update was 1747127736	0	WINDOWSS
2025-05-14 10:15:59	debug		System	Debug: **ReadConfigData, stat value for last_update_host was WINDOWSS	0	WINDOWSS
2025-05-14 10:15:59	debug		System	Debug: **ReadConfigData, stat value for encryption_hash was 99CCFC0D033729754B6BB4832FE786A1	0	WINDOWSS
2025-05-14 10:15:59	debug		System	Debug: **ReadConfigData, stat value for anonymous_stat_last_update was 1747127736	0	WINDOWSS
2025-05-14 10:15:59	debug		System	Debug: **ReadConfigData, stat value for create_host was WINDOWSS	0	WINDOWSS
2025-05-14 10:15:59	debug		System	Debug: **ReadConfigData, stat value for create_time was 1747126430	0	WINDOWSS
2025-05-14 10:15:59	debug		System	Debug: **ReadConfigData, stat value for last_update was 1747127736	0	WINDOWSS
2025-05-14 10:15:59	debug		System	Debug: **ReadConfigData, stat value for last_update_host was WINDOWSS	0	WINDOWSS
2025-05-14 10:15:59	debug		System	Debug: **ReadConfigData, stat value for encryption_hash was 99CCFC0D033729754B6BB4832FE786A1	0	WINDOWSS
2025-05-14 10:15:59	info	pepin	User	Info: *User pepin successfully unlocked	0	WINDOWSS
========================================
multiotp 5.9.9.1
Your script is running from C:\multiotp\
2025-05-14 10:16:00	debug		System	Debug: **ReadConfigData, stat value for anonymous_stat_last_update was 1747127736	0	WINDOWSS
2025-05-14 10:16:00	debug		System	Debug: **ReadConfigData, stat value for create_host was WINDOWSS	0	WINDOWSS
2025-05-14 10:16:00	debug		System	Debug: **ReadConfigData, stat value for create_time was 1747126430	0	WINDOWSS
2025-05-14 10:16:00	debug		System	Debug: **ReadConfigData, stat value for last_update was 1747127736	0	WINDOWSS
2025-05-14 10:16:00	debug		System	Debug: **ReadConfigData, stat value for last_update_host was WINDOWSS	0	WINDOWSS
2025-05-14 10:16:00	debug		System	Debug: **ReadConfigData, stat value for encryption_hash was 99CCFC0D033729754B6BB4832FE786A1	0	WINDOWSS
2025-05-14 10:16:00	debug		System	Debug: **ReadConfigData, stat value for anonymous_stat_last_update was 1747127736	0	WINDOWSS
2025-05-14 10:16:00	debug		System	Debug: **ReadConfigData, stat value for create_host was WINDOWSS	0	WINDOWSS
2025-05-14 10:16:00	debug		System	Debug: **ReadConfigData, stat value for create_time was 1747126430	0	WINDOWSS
2025-05-14 10:16:00	debug		System	Debug: **ReadConfigData, stat value for last_update was 1747127736	0	WINDOWSS
2025-05-14 10:16:00	debug		System	Debug: **ReadConfigData, stat value for last_update_host was WINDOWSS	0	WINDOWSS
2025-05-14 10:16:00	debug		System	Debug: **ReadConfigData, stat value for encryption_hash was 99CCFC0D033729754B6BB4832FE786A1	0	WINDOWSS
========================================
multiotp 5.9.9.1
Your script is running from C:\multiotp\
2025-05-14 10:16:00	debug		System	Debug: **ReadConfigData, stat value for anonymous_stat_last_update was 1747127736	0	WINDOWSS
2025-05-14 10:16:00	debug		System	Debug: **ReadConfigData, stat value for create_host was WINDOWSS	0	WINDOWSS
2025-05-14 10:16:00	debug		System	Debug: **ReadConfigData, stat value for create_time was 1747126430	0	WINDOWSS
2025-05-14 10:16:00	debug		System	Debug: **ReadConfigData, stat value for last_update was 1747127736	0	WINDOWSS
2025-05-14 10:16:00	debug		System	Debug: **ReadConfigData, stat value for last_update_host was WINDOWSS	0	WINDOWSS
2025-05-14 10:16:00	debug		System	Debug: **ReadConfigData, stat value for encryption_hash was 99CCFC0D033729754B6BB4832FE786A1	0	WINDOWSS
2025-05-14 10:16:00	debug		System	Debug: **ReadConfigData, stat value for anonymous_stat_last_update was 1747127736	0	WINDOWSS
2025-05-14 10:16:00	debug		System	Debug: **ReadConfigData, stat value for create_host was WINDOWSS	0	WINDOWSS
2025-05-14 10:16:00	debug		System	Debug: **ReadConfigData, stat value for create_time was 1747126430	0	WINDOWSS
2025-05-14 10:16:00	debug		System	Debug: **ReadConfigData, stat value for last_update was 1747127736	0	WINDOWSS
2025-05-14 10:16:00	debug		System	Debug: **ReadConfigData, stat value for last_update_host was WINDOWSS	0	WINDOWSS
2025-05-14 10:16:00	debug		System	Debug: **ReadConfigData, stat value for encryption_hash was 99CCFC0D033729754B6BB4832FE786A1	0	WINDOWSS
========================================
multiotp 5.9.9.1
Your script is running from C:\multiotp\
2025-05-14 10:16:00	debug		System	Debug: **ReadConfigData, stat value for anonymous_stat_last_update was 1747127736	0	WINDOWSS
2025-05-14 10:16:00	debug		System	Debug: **ReadConfigData, stat value for create_host was WINDOWSS	0	WINDOWSS
2025-05-14 10:16:00	debug		System	Debug: **ReadConfigData, stat value for create_time was 1747126430	0	WINDOWSS
2025-05-14 10:16:00	debug		System	Debug: **ReadConfigData, stat value for last_update was 1747127736	0	WINDOWSS
2025-05-14 10:16:00	debug		System	Debug: **ReadConfigData, stat value for last_update_host was WINDOWSS	0	WINDOWSS
2025-05-14 10:16:00	debug		System	Debug: **ReadConfigData, stat value for encryption_hash was 99CCFC0D033729754B6BB4832FE786A1	0	WINDOWSS
2025-05-14 10:16:00	debug		System	Debug: **ReadConfigData, stat value for anonymous_stat_last_update was 1747127736	0	WINDOWSS
2025-05-14 10:16:00	debug		System	Debug: **ReadConfigData, stat value for create_host was WINDOWSS	0	WINDOWSS
2025-05-14 10:16:00	debug		System	Debug: **ReadConfigData, stat value for create_time was 1747126430	0	WINDOWSS
2025-05-14 10:16:00	debug		System	Debug: **ReadConfigData, stat value for last_update was 1747127736	0	WINDOWSS
2025-05-14 10:16:00	debug		System	Debug: **ReadConfigData, stat value for last_update_host was WINDOWSS	0	WINDOWSS
2025-05-14 10:16:00	debug		System	Debug: **ReadConfigData, stat value for encryption_hash was 99CCFC0D033729754B6BB4832FE786A1	0	WINDOWSS
========================================
multiotp 5.9.9.1
Your script is running from C:\multiotp\
2025-05-14 10:16:00	debug		System	Debug: **ReadConfigData, stat value for anonymous_stat_last_update was 1747127736	0	WINDOWSS
2025-05-14 10:16:00	debug		System	Debug: **ReadConfigData, stat value for create_host was WINDOWSS	0	WINDOWSS
2025-05-14 10:16:00	debug		System	Debug: **ReadConfigData, stat value for create_time was 1747126430	0	WINDOWSS
2025-05-14 10:16:00	debug		System	Debug: **ReadConfigData, stat value for last_update was 1747127736	0	WINDOWSS
2025-05-14 10:16:00	debug		System	Debug: **ReadConfigData, stat value for last_update_host was WINDOWSS	0	WINDOWSS
2025-05-14 10:16:00	debug		System	Debug: **ReadConfigData, stat value for encryption_hash was 99CCFC0D033729754B6BB4832FE786A1	0	WINDOWSS
2025-05-14 10:16:00	debug		System	Debug: **ReadConfigData, stat value for anonymous_stat_last_update was 1747127736	0	WINDOWSS
2025-05-14 10:16:00	debug		System	Debug: **ReadConfigData, stat value for create_host was WINDOWSS	0	WINDOWSS
2025-05-14 10:16:00	debug		System	Debug: **ReadConfigData, stat value for create_time was 1747126430	0	WINDOWSS
2025-05-14 10:16:00	debug		System	Debug: **ReadConfigData, stat value for last_update was 1747127736	0	WINDOWSS
2025-05-14 10:16:00	debug		System	Debug: **ReadConfigData, stat value for last_update_host was WINDOWSS	0	WINDOWSS
2025-05-14 10:16:00	debug		System	Debug: **ReadConfigData, stat value for encryption_hash was 99CCFC0D033729754B6BB4832FE786A1	0	WINDOWSS
========================================
multiotp 5.9.9.1
Your script is running from C:\multiotp\
2025-05-14 10:16:00	debug		System	Debug: **ReadConfigData, stat value for anonymous_stat_last_update was 1747127736	0	WINDOWSS
2025-05-14 10:16:00	debug		System	Debug: **ReadConfigData, stat value for create_host was WINDOWSS	0	WINDOWSS
2025-05-14 10:16:00	debug		System	Debug: **ReadConfigData, stat value for create_time was 1747126430	0	WINDOWSS
2025-05-14 10:16:00	debug		System	Debug: **ReadConfigData, stat value for last_update was 1747127736	0	WINDOWSS
2025-05-14 10:16:00	debug		System	Debug: **ReadConfigData, stat value for last_update_host was WINDOWSS	0	WINDOWSS
2025-05-14 10:16:00	debug		System	Debug: **ReadConfigData, stat value for encryption_hash was 99CCFC0D033729754B6BB4832FE786A1	0	WINDOWSS
2025-05-14 10:16:00	debug		System	Debug: **ReadConfigData, stat value for anonymous_stat_last_update was 1747127736	0	WINDOWSS
2025-05-14 10:16:00	debug		System	Debug: **ReadConfigData, stat value for create_host was WINDOWSS	0	WINDOWSS
2025-05-14 10:16:00	debug		System	Debug: **ReadConfigData, stat value for create_time was 1747126430	0	WINDOWSS
2025-05-14 10:16:00	debug		System	Debug: **ReadConfigData, stat value for last_update was 1747127736	0	WINDOWSS
2025-05-14 10:16:00	debug		System	Debug: **ReadConfigData, stat value for last_update_host was WINDOWSS	0	WINDOWSS
2025-05-14 10:16:00	debug		System	Debug: **ReadConfigData, stat value for encryption_hash was 99CCFC0D033729754B6BB4832FE786A1	0	WINDOWSS
========================================
multiotp 5.9.9.1
Your script is running from C:\multiotp\
2025-05-14 10:16:08	debug		System	Debug: **ReadConfigData, stat value for anonymous_stat_last_update was 1747127736	0	WINDOWSS
2025-05-14 10:16:08	debug		System	Debug: **ReadConfigData, stat value for create_host was WINDOWSS	0	WINDOWSS
2025-05-14 10:16:08	debug		System	Debug: **ReadConfigData, stat value for create_time was 1747126430	0	WINDOWSS
2025-05-14 10:16:08	debug		System	Debug: **ReadConfigData, stat value for last_update was 1747127736	0	WINDOWSS
2025-05-14 10:16:08	debug		System	Debug: **ReadConfigData, stat value for last_update_host was WINDOWSS	0	WINDOWSS
2025-05-14 10:16:08	debug		System	Debug: **ReadConfigData, stat value for encryption_hash was 99CCFC0D033729754B6BB4832FE786A1	0	WINDOWSS
2025-05-14 10:16:08	debug		System	Debug: **ReadConfigData, stat value for anonymous_stat_last_update was 1747127736	0	WINDOWSS
2025-05-14 10:16:08	debug		System	Debug: **ReadConfigData, stat value for create_host was WINDOWSS	0	WINDOWSS
2025-05-14 10:16:08	debug		System	Debug: **ReadConfigData, stat value for create_time was 1747126430	0	WINDOWSS
2025-05-14 10:16:08	debug		System	Debug: **ReadConfigData, stat value for last_update was 1747127736	0	WINDOWSS
2025-05-14 10:16:08	debug		System	Debug: **ReadConfigData, stat value for last_update_host was WINDOWSS	0	WINDOWSS
2025-05-14 10:16:08	debug		System	Debug: **ReadConfigData, stat value for encryption_hash was 99CCFC0D033729754B6BB4832FE786A1	0	WINDOWSS
========================================
multiotp 5.9.9.1
Your script is running from C:\multiotp\
2025-05-14 10:16:08	debug		System	Debug: **ReadConfigData, stat value for anonymous_stat_last_update was 1747127736	0	WINDOWSS
2025-05-14 10:16:08	debug		System	Debug: **ReadConfigData, stat value for create_host was WINDOWSS	0	WINDOWSS
2025-05-14 10:16:08	debug		System	Debug: **ReadConfigData, stat value for create_time was 1747126430	0	WINDOWSS
2025-05-14 10:16:08	debug		System	Debug: **ReadConfigData, stat value for last_update was 1747127736	0	WINDOWSS
2025-05-14 10:16:09	debug		System	Debug: **ReadConfigData, stat value for last_update_host was WINDOWSS	0	WINDOWSS
2025-05-14 10:16:09	debug		System	Debug: **ReadConfigData, stat value for encryption_hash was 99CCFC0D033729754B6BB4832FE786A1	0	WINDOWSS
2025-05-14 10:16:09	debug		System	Debug: **ReadConfigData, stat value for anonymous_stat_last_update was 1747127736	0	WINDOWSS
2025-05-14 10:16:09	debug		System	Debug: **ReadConfigData, stat value for create_host was WINDOWSS	0	WINDOWSS
2025-05-14 10:16:09	debug		System	Debug: **ReadConfigData, stat value for create_time was 1747126430	0	WINDOWSS
2025-05-14 10:16:09	debug		System	Debug: **ReadConfigData, stat value for last_update was 1747127736	0	WINDOWSS
2025-05-14 10:16:09	debug		System	Debug: **ReadConfigData, stat value for last_update_host was WINDOWSS	0	WINDOWSS
2025-05-14 10:16:09	debug		System	Debug: **ReadConfigData, stat value for encryption_hash was 99CCFC0D033729754B6BB4832FE786A1	0	WINDOWSS
========================================
multiotp 5.9.9.1
Your script is running from C:\multiotp\
2025-05-14 10:16:37	debug		System	Debug: **ReadConfigData, stat value for anonymous_stat_last_update was 1747127736	0	WINDOWSS
2025-05-14 10:16:37	debug		System	Debug: **ReadConfigData, stat value for create_host was WINDOWSS	0	WINDOWSS
2025-05-14 10:16:37	debug		System	Debug: **ReadConfigData, stat value for create_time was 1747126430	0	WINDOWSS
2025-05-14 10:16:37	debug		System	Debug: **ReadConfigData, stat value for last_update was 1747127736	0	WINDOWSS
2025-05-14 10:16:37	debug		System	Debug: **ReadConfigData, stat value for last_update_host was WINDOWSS	0	WINDOWSS
2025-05-14 10:16:37	debug		System	Debug: **ReadConfigData, stat value for encryption_hash was 99CCFC0D033729754B6BB4832FE786A1	0	WINDOWSS
2025-05-14 10:16:37	debug		System	Debug: **ReadConfigData, stat value for anonymous_stat_last_update was 1747127736	0	WINDOWSS
2025-05-14 10:16:37	debug		System	Debug: **ReadConfigData, stat value for create_host was WINDOWSS	0	WINDOWSS
2025-05-14 10:16:37	debug		System	Debug: **ReadConfigData, stat value for create_time was 1747126430	0	WINDOWSS
2025-05-14 10:16:37	debug		System	Debug: **ReadConfigData, stat value for last_update was 1747127736	0	WINDOWSS
2025-05-14 10:16:37	debug		System	Debug: **ReadConfigData, stat value for last_update_host was WINDOWSS	0	WINDOWSS
2025-05-14 10:16:37	debug		System	Debug: **ReadConfigData, stat value for encryption_hash was 99CCFC0D033729754B6BB4832FE786A1	0	WINDOWSS
2025-05-14 10:16:37	debug		CredentialProviderRequest	Info: *Value for IsCredentialProviderRequest:	0	WINDOWSS
2025-05-14 10:16:37	debug		Server-Client	Info: *CheckUserExists server request for josuee with challenge MOSHa6ee57ed3aefccc8ad992203150da02e	0	WINDOWSS
2025-05-14 10:16:37	debug		Server-Client	Info: *CheckUserExists intermediate error code: 22	0	WINDOWSS
2025-05-14 10:16:37	debug		Server-Client	Info: *Server secret used for command CheckUserExists with error code result 22: secretOTP	0	WINDOWSS
========================================
multiotp 5.9.9.1
Your script is running from C:\multiotp\
2025-05-14 10:16:37	debug		System	Debug: **ReadConfigData, stat value for anonymous_stat_last_update was 1747127736	0	WINDOWSS
2025-05-14 10:16:37	debug		System	Debug: **ReadConfigData, stat value for create_host was WINDOWSS	0	WINDOWSS
2025-05-14 10:16:37	debug		System	Debug: **ReadConfigData, stat value for create_time was 1747126430	0	WINDOWSS
2025-05-14 10:16:37	debug		System	Debug: **ReadConfigData, stat value for last_update was 1747127736	0	WINDOWSS
2025-05-14 10:16:37	debug		System	Debug: **ReadConfigData, stat value for last_update_host was WINDOWSS	0	WINDOWSS
2025-05-14 10:16:37	debug		System	Debug: **ReadConfigData, stat value for encryption_hash was 99CCFC0D033729754B6BB4832FE786A1	0	WINDOWSS
2025-05-14 10:16:37	debug		System	Debug: **ReadConfigData, stat value for anonymous_stat_last_update was 1747127736	0	WINDOWSS
2025-05-14 10:16:37	debug		System	Debug: **ReadConfigData, stat value for create_host was WINDOWSS	0	WINDOWSS
2025-05-14 10:16:37	debug		System	Debug: **ReadConfigData, stat value for create_time was 1747126430	0	WINDOWSS
2025-05-14 10:16:37	debug		System	Debug: **ReadConfigData, stat value for last_update was 1747127736	0	WINDOWSS
2025-05-14 10:16:37	debug		System	Debug: **ReadConfigData, stat value for last_update_host was WINDOWSS	0	WINDOWSS
2025-05-14 10:16:37	debug		System	Debug: **ReadConfigData, stat value for encryption_hash was 99CCFC0D033729754B6BB4832FE786A1	0	WINDOWSS
2025-05-14 10:16:37	debug		CredentialProviderRequest	Info: *Value for IsCredentialProviderRequest:	0	WINDOWSS
2025-05-14 10:16:37	debug		Server-Client	Info: *ReadUserData server request for josuee	0	WINDOWSS
2025-05-14 10:16:37	debug		Server-Client	Info: *Server secret used for command ReadUserData with error code result 19: secretOTP	0	WINDOWSS
========================================
multiotp 5.9.9.1
Your script is running from C:\multiotp\
2025-05-14 10:16:38	debug		System	Debug: **ReadConfigData, stat value for anonymous_stat_last_update was 1747127736	0	WINDOWSS
2025-05-14 10:16:38	debug		System	Debug: **ReadConfigData, stat value for create_host was WINDOWSS	0	WINDOWSS
2025-05-14 10:16:38	debug		System	Debug: **ReadConfigData, stat value for create_time was 1747126430	0	WINDOWSS
2025-05-14 10:16:38	debug		System	Debug: **ReadConfigData, stat value for last_update was 1747127736	0	WINDOWSS
2025-05-14 10:16:38	debug		System	Debug: **ReadConfigData, stat value for last_update_host was WINDOWSS	0	WINDOWSS
2025-05-14 10:16:38	debug		System	Debug: **ReadConfigData, stat value for encryption_hash was 99CCFC0D033729754B6BB4832FE786A1	0	WINDOWSS
2025-05-14 10:16:38	debug		System	Debug: **ReadConfigData, stat value for anonymous_stat_last_update was 1747127736	0	WINDOWSS
2025-05-14 10:16:38	debug		System	Debug: **ReadConfigData, stat value for create_host was WINDOWSS	0	WINDOWSS
2025-05-14 10:16:38	debug		System	Debug: **ReadConfigData, stat value for create_time was 1747126430	0	WINDOWSS
2025-05-14 10:16:38	debug		System	Debug: **ReadConfigData, stat value for last_update was 1747127736	0	WINDOWSS
2025-05-14 10:16:38	debug		System	Debug: **ReadConfigData, stat value for last_update_host was WINDOWSS	0	WINDOWSS
2025-05-14 10:16:38	debug		System	Debug: **ReadConfigData, stat value for encryption_hash was 99CCFC0D033729754B6BB4832FE786A1	0	WINDOWSS
2025-05-14 10:16:38	debug		CredentialProviderRequest	Info: *Value for IsCredentialProviderRequest:	0	WINDOWSS
2025-05-14 10:16:38	debug		Server-Client	Info: *ReadUserData server request for josuee	0	WINDOWSS
2025-05-14 10:16:38	debug		Server-Client	Info: *Server secret used for command ReadUserData with error code result 19: secretOTP	0	WINDOWSS
========================================
multiotp 5.9.9.1
Your script is running from C:\multiotp\
2025-05-14 10:16:38	debug		System	Debug: **ReadConfigData, stat value for anonymous_stat_last_update was 1747127736	0	WINDOWSS
2025-05-14 10:16:38	debug		System	Debug: **ReadConfigData, stat value for create_host was WINDOWSS	0	WINDOWSS
2025-05-14 10:16:38	debug		System	Debug: **ReadConfigData, stat value for create_time was 1747126430	0	WINDOWSS
2025-05-14 10:16:38	debug		System	Debug: **ReadConfigData, stat value for last_update was 1747127736	0	WINDOWSS
2025-05-14 10:16:38	debug		System	Debug: **ReadConfigData, stat value for last_update_host was WINDOWSS	0	WINDOWSS
2025-05-14 10:16:38	debug		System	Debug: **ReadConfigData, stat value for encryption_hash was 99CCFC0D033729754B6BB4832FE786A1	0	WINDOWSS
2025-05-14 10:16:38	debug		System	Debug: **ReadConfigData, stat value for anonymous_stat_last_update was 1747127736	0	WINDOWSS
2025-05-14 10:16:38	debug		System	Debug: **ReadConfigData, stat value for create_host was WINDOWSS	0	WINDOWSS
2025-05-14 10:16:38	debug		System	Debug: **ReadConfigData, stat value for create_time was 1747126430	0	WINDOWSS
2025-05-14 10:16:38	debug		System	Debug: **ReadConfigData, stat value for last_update was 1747127736	0	WINDOWSS
2025-05-14 10:16:38	debug		System	Debug: **ReadConfigData, stat value for last_update_host was WINDOWSS	0	WINDOWSS
2025-05-14 10:16:38	debug		System	Debug: **ReadConfigData, stat value for encryption_hash was 99CCFC0D033729754B6BB4832FE786A1	0	WINDOWSS
2025-05-14 10:16:38	debug		CredentialProviderRequest	Info: *Value for IsCredentialProviderRequest: 1	0	WINDOWSS
2025-05-14 10:16:38	debug		Server-Client	Info: *CheckUserToken server request.	0	WINDOWSS
2025-05-14 10:16:38	notice	josuee	User	OK: User josuee successfully logged in (using Credential Provider) with TOTP token	0	WINDOWSS
2025-05-14 10:16:38	debug		Server-Client	Info: *Cache level is set to 1	0	WINDOWSS
2025-05-14 10:16:38	debug		Server-Client	Info: *Server secret used for command CheckUserToken with error code result 0: secretOTP	0	WINDOWSS
========================================
multiotp 5.9.9.1
Your script is running from C:\multiotp\
2025-05-14 14:04:42	debug		System	Debug: **ReadConfigData, stat value for anonymous_stat_last_update was 1747127736	0	WINDOWSS
2025-05-14 14:04:42	debug		System	Debug: **ReadConfigData, stat value for create_host was WINDOWSS	0	WINDOWSS
2025-05-14 14:04:42	debug		System	Debug: **ReadConfigData, stat value for create_time was 1747126430	0	WINDOWSS
2025-05-14 14:04:42	debug		System	Debug: **ReadConfigData, stat value for last_update was 1747127736	0	WINDOWSS
2025-05-14 14:04:42	debug		System	Debug: **ReadConfigData, stat value for last_update_host was WINDOWSS	0	WINDOWSS
2025-05-14 14:04:42	debug		System	Debug: **ReadConfigData, stat value for encryption_hash was 99CCFC0D033729754B6BB4832FE786A1	0	WINDOWSS
2025-05-14 14:04:42	debug		System	Debug: **ReadConfigData, stat value for anonymous_stat_last_update was 1747127736	0	WINDOWSS
2025-05-14 14:04:42	debug		System	Debug: **ReadConfigData, stat value for create_host was WINDOWSS	0	WINDOWSS
2025-05-14 14:04:42	debug		System	Debug: **ReadConfigData, stat value for create_time was 1747126430	0	WINDOWSS
2025-05-14 14:04:42	debug		System	Debug: **ReadConfigData, stat value for last_update was 1747127736	0	WINDOWSS
2025-05-14 14:04:42	debug		System	Debug: **ReadConfigData, stat value for last_update_host was WINDOWSS	0	WINDOWSS
2025-05-14 14:04:42	debug		System	Debug: **ReadConfigData, stat value for encryption_hash was 99CCFC0D033729754B6BB4832FE786A1	0	WINDOWSS
2025-05-14 14:04:42	debug		CredentialProviderRequest	Info: *Value for IsCredentialProviderRequest:	0	WINDOWSS
2025-05-14 14:04:42	debug		Server-Client	Info: *CheckUserExists server request for josuee with challenge MOSHce5cef740234c0f5641fe90d9ba4ec80	0	WINDOWSS
2025-05-14 14:04:42	debug		Server-Client	Info: *CheckUserExists intermediate error code: 22	0	WINDOWSS
2025-05-14 14:04:42	debug		Server-Client	Info: *Server secret used for command CheckUserExists with error code result 22: secretOTP	0	WINDOWSS
========================================
multiotp 5.9.9.1
Your script is running from C:\multiotp\
2025-05-14 14:04:42	debug		System	Debug: **ReadConfigData, stat value for anonymous_stat_last_update was 1747127736	0	WINDOWSS
2025-05-14 14:04:42	debug		System	Debug: **ReadConfigData, stat value for create_host was WINDOWSS	0	WINDOWSS
2025-05-14 14:04:42	debug		System	Debug: **ReadConfigData, stat value for create_time was 1747126430	0	WINDOWSS
2025-05-14 14:04:42	debug		System	Debug: **ReadConfigData, stat value for last_update was 1747127736	0	WINDOWSS
2025-05-14 14:04:42	debug		System	Debug: **ReadConfigData, stat value for last_update_host was WINDOWSS	0	WINDOWSS
2025-05-14 14:04:42	debug		System	Debug: **ReadConfigData, stat value for encryption_hash was 99CCFC0D033729754B6BB4832FE786A1	0	WINDOWSS
2025-05-14 14:04:42	debug		System	Debug: **ReadConfigData, stat value for anonymous_stat_last_update was 1747127736	0	WINDOWSS
2025-05-14 14:04:42	debug		System	Debug: **ReadConfigData, stat value for create_host was WINDOWSS	0	WINDOWSS
2025-05-14 14:04:42	debug		System	Debug: **ReadConfigData, stat value for create_time was 1747126430	0	WINDOWSS
2025-05-14 14:04:42	debug		System	Debug: **ReadConfigData, stat value for last_update was 1747127736	0	WINDOWSS
2025-05-14 14:04:42	debug		System	Debug: **ReadConfigData, stat value for last_update_host was WINDOWSS	0	WINDOWSS
2025-05-14 14:04:42	debug		System	Debug: **ReadConfigData, stat value for encryption_hash was 99CCFC0D033729754B6BB4832FE786A1	0	WINDOWSS
2025-05-14 14:04:42	debug		CredentialProviderRequest	Info: *Value for IsCredentialProviderRequest:	0	WINDOWSS
2025-05-14 14:04:42	debug		Server-Client	Info: *ReadUserData server request for josuee	0	WINDOWSS
2025-05-14 14:04:42	debug		Server-Client	Info: *Server secret used for command ReadUserData with error code result 19: secretOTP	0	WINDOWSS
========================================
multiotp 5.9.9.1
Your script is running from C:\multiotp\
2025-05-14 14:04:42	debug		System	Debug: **ReadConfigData, stat value for anonymous_stat_last_update was 1747127736	0	WINDOWSS
2025-05-14 14:04:42	debug		System	Debug: **ReadConfigData, stat value for create_host was WINDOWSS	0	WINDOWSS
2025-05-14 14:04:42	debug		System	Debug: **ReadConfigData, stat value for create_time was 1747126430	0	WINDOWSS
2025-05-14 14:04:42	debug		System	Debug: **ReadConfigData, stat value for last_update was 1747127736	0	WINDOWSS
2025-05-14 14:04:42	debug		System	Debug: **ReadConfigData, stat value for last_update_host was WINDOWSS	0	WINDOWSS
2025-05-14 14:04:42	debug		System	Debug: **ReadConfigData, stat value for encryption_hash was 99CCFC0D033729754B6BB4832FE786A1	0	WINDOWSS
2025-05-14 14:04:42	debug		System	Debug: **ReadConfigData, stat value for anonymous_stat_last_update was 1747127736	0	WINDOWSS
2025-05-14 14:04:42	debug		System	Debug: **ReadConfigData, stat value for create_host was WINDOWSS	0	WINDOWSS
2025-05-14 14:04:42	debug		System	Debug: **ReadConfigData, stat value for create_time was 1747126430	0	WINDOWSS
2025-05-14 14:04:42	debug		System	Debug: **ReadConfigData, stat value for last_update was 1747127736	0	WINDOWSS
2025-05-14 14:04:42	debug		System	Debug: **ReadConfigData, stat value for last_update_host was WINDOWSS	0	WINDOWSS
2025-05-14 14:04:42	debug		System	Debug: **ReadConfigData, stat value for encryption_hash was 99CCFC0D033729754B6BB4832FE786A1	0	WINDOWSS
2025-05-14 14:04:42	debug		CredentialProviderRequest	Info: *Value for IsCredentialProviderRequest:	0	WINDOWSS
2025-05-14 14:04:42	debug		Server-Client	Info: *ReadUserData server request for josuee	0	WINDOWSS
2025-05-14 14:04:42	debug		Server-Client	Info: *Server secret used for command ReadUserData with error code result 19: secretOTP	0	WINDOWSS
========================================
multiotp 5.9.9.1
Your script is running from C:\multiotp\
2025-05-14 14:04:42	debug		System	Debug: **ReadConfigData, stat value for anonymous_stat_last_update was 1747127736	0	WINDOWSS
2025-05-14 14:04:42	debug		System	Debug: **ReadConfigData, stat value for create_host was WINDOWSS	0	WINDOWSS
2025-05-14 14:04:42	debug		System	Debug: **ReadConfigData, stat value for create_time was 1747126430	0	WINDOWSS
2025-05-14 14:04:42	debug		System	Debug: **ReadConfigData, stat value for last_update was 1747127736	0	WINDOWSS
2025-05-14 14:04:42	debug		System	Debug: **ReadConfigData, stat value for last_update_host was WINDOWSS	0	WINDOWSS
2025-05-14 14:04:42	debug		System	Debug: **ReadConfigData, stat value for encryption_hash was 99CCFC0D033729754B6BB4832FE786A1	0	WINDOWSS
2025-05-14 14:04:42	debug		System	Debug: **ReadConfigData, stat value for anonymous_stat_last_update was 1747127736	0	WINDOWSS
2025-05-14 14:04:42	debug		System	Debug: **ReadConfigData, stat value for create_host was WINDOWSS	0	WINDOWSS
2025-05-14 14:04:42	debug		System	Debug: **ReadConfigData, stat value for create_time was 1747126430	0	WINDOWSS
2025-05-14 14:04:42	debug		System	Debug: **ReadConfigData, stat value for last_update was 1747127736	0	WINDOWSS
2025-05-14 14:04:42	debug		System	Debug: **ReadConfigData, stat value for last_update_host was WINDOWSS	0	WINDOWSS
2025-05-14 14:04:42	debug		System	Debug: **ReadConfigData, stat value for encryption_hash was 99CCFC0D033729754B6BB4832FE786A1	0	WINDOWSS
2025-05-14 14:04:42	debug		CredentialProviderRequest	Info: *Value for IsCredentialProviderRequest: 1	0	WINDOWSS
2025-05-14 14:04:42	debug		Server-Client	Info: *CheckUserToken server request.	0	WINDOWSS
2025-05-14 14:04:42	warning	josuee	User	Error: authentication failed (using Credential Provider) for user josuee	0	WINDOWSS
2025-05-14 14:04:42	warning	josuee	User	Info: *(authentication typed by the user is CHAP encrypted)	0	WINDOWSS
2025-05-14 14:04:42	debug		Server-Client	Info: *Server secret used for command CheckUserToken with error code result 99: secretOTP	0	WINDOWSS
========================================
multiotp 5.9.9.1
Your script is running from C:\multiotp\
2025-05-14 14:04:49	debug		System	Debug: **ReadConfigData, stat value for anonymous_stat_last_update was 1747127736	0	WINDOWSS
2025-05-14 14:04:49	debug		System	Debug: **ReadConfigData, stat value for create_host was WINDOWSS	0	WINDOWSS
2025-05-14 14:04:49	debug		System	Debug: **ReadConfigData, stat value for create_time was 1747126430	0	WINDOWSS
2025-05-14 14:04:49	debug		System	Debug: **ReadConfigData, stat value for last_update was 1747127736	0	WINDOWSS
2025-05-14 14:04:49	debug		System	Debug: **ReadConfigData, stat value for last_update_host was WINDOWSS	0	WINDOWSS
2025-05-14 14:04:49	debug		System	Debug: **ReadConfigData, stat value for encryption_hash was 99CCFC0D033729754B6BB4832FE786A1	0	WINDOWSS
2025-05-14 14:04:49	debug		System	Debug: **ReadConfigData, stat value for anonymous_stat_last_update was 1747127736	0	WINDOWSS
2025-05-14 14:04:49	debug		System	Debug: **ReadConfigData, stat value for create_host was WINDOWSS	0	WINDOWSS
2025-05-14 14:04:49	debug		System	Debug: **ReadConfigData, stat value for create_time was 1747126430	0	WINDOWSS
2025-05-14 14:04:49	debug		System	Debug: **ReadConfigData, stat value for last_update was 1747127736	0	WINDOWSS
2025-05-14 14:04:49	debug		System	Debug: **ReadConfigData, stat value for last_update_host was WINDOWSS	0	WINDOWSS
2025-05-14 14:04:49	debug		System	Debug: **ReadConfigData, stat value for encryption_hash was 99CCFC0D033729754B6BB4832FE786A1	0	WINDOWSS
2025-05-14 14:04:49	debug		CredentialProviderRequest	Info: *Value for IsCredentialProviderRequest:	0	WINDOWSS
2025-05-14 14:04:49	debug		Server-Client	Info: *CheckUserExists server request for josuee with challenge MOSH4512b65e244410c89431558e80d95d09	0	WINDOWSS
2025-05-14 14:04:49	debug		Server-Client	Info: *CheckUserExists intermediate error code: 22	0	WINDOWSS
2025-05-14 14:04:49	debug		Server-Client	Info: *Server secret used for command CheckUserExists with error code result 22: secretOTP	0	WINDOWSS
========================================
multiotp 5.9.9.1
Your script is running from C:\multiotp\
2025-05-14 14:04:49	debug		System	Debug: **ReadConfigData, stat value for anonymous_stat_last_update was 1747127736	0	WINDOWSS
2025-05-14 14:04:49	debug		System	Debug: **ReadConfigData, stat value for create_host was WINDOWSS	0	WINDOWSS
2025-05-14 14:04:49	debug		System	Debug: **ReadConfigData, stat value for create_time was 1747126430	0	WINDOWSS
2025-05-14 14:04:49	debug		System	Debug: **ReadConfigData, stat value for last_update was 1747127736	0	WINDOWSS
2025-05-14 14:04:49	debug		System	Debug: **ReadConfigData, stat value for last_update_host was WINDOWSS	0	WINDOWSS
2025-05-14 14:04:49	debug		System	Debug: **ReadConfigData, stat value for encryption_hash was 99CCFC0D033729754B6BB4832FE786A1	0	WINDOWSS
2025-05-14 14:04:49	debug		System	Debug: **ReadConfigData, stat value for anonymous_stat_last_update was 1747127736	0	WINDOWSS
2025-05-14 14:04:49	debug		System	Debug: **ReadConfigData, stat value for create_host was WINDOWSS	0	WINDOWSS
2025-05-14 14:04:49	debug		System	Debug: **ReadConfigData, stat value for create_time was 1747126430	0	WINDOWSS
2025-05-14 14:04:49	debug		System	Debug: **ReadConfigData, stat value for last_update was 1747127736	0	WINDOWSS
2025-05-14 14:04:49	debug		System	Debug: **ReadConfigData, stat value for last_update_host was WINDOWSS	0	WINDOWSS
2025-05-14 14:04:49	debug		System	Debug: **ReadConfigData, stat value for encryption_hash was 99CCFC0D033729754B6BB4832FE786A1	0	WINDOWSS
2025-05-14 14:04:49	debug		CredentialProviderRequest	Info: *Value for IsCredentialProviderRequest:	0	WINDOWSS
2025-05-14 14:04:49	debug		Server-Client	Info: *ReadUserData server request for josuee	0	WINDOWSS
2025-05-14 14:04:49	debug		Server-Client	Info: *Server secret used for command ReadUserData with error code result 19: secretOTP	0	WINDOWSS
========================================
multiotp 5.9.9.1
Your script is running from C:\multiotp\
2025-05-14 14:04:49	debug		System	Debug: **ReadConfigData, stat value for anonymous_stat_last_update was 1747127736	0	WINDOWSS
2025-05-14 14:04:49	debug		System	Debug: **ReadConfigData, stat value for create_host was WINDOWSS	0	WINDOWSS
2025-05-14 14:04:49	debug		System	Debug: **ReadConfigData, stat value for create_time was 1747126430	0	WINDOWSS
2025-05-14 14:04:49	debug		System	Debug: **ReadConfigData, stat value for last_update was 1747127736	0	WINDOWSS
2025-05-14 14:04:49	debug		System	Debug: **ReadConfigData, stat value for last_update_host was WINDOWSS	0	WINDOWSS
2025-05-14 14:04:49	debug		System	Debug: **ReadConfigData, stat value for encryption_hash was 99CCFC0D033729754B6BB4832FE786A1	0	WINDOWSS
2025-05-14 14:04:49	debug		System	Debug: **ReadConfigData, stat value for anonymous_stat_last_update was 1747127736	0	WINDOWSS
2025-05-14 14:04:49	debug		System	Debug: **ReadConfigData, stat value for create_host was WINDOWSS	0	WINDOWSS
2025-05-14 14:04:49	debug		System	Debug: **ReadConfigData, stat value for create_time was 1747126430	0	WINDOWSS
2025-05-14 14:04:49	debug		System	Debug: **ReadConfigData, stat value for last_update was 1747127736	0	WINDOWSS
2025-05-14 14:04:49	debug		System	Debug: **ReadConfigData, stat value for last_update_host was WINDOWSS	0	WINDOWSS
2025-05-14 14:04:49	debug		System	Debug: **ReadConfigData, stat value for encryption_hash was 99CCFC0D033729754B6BB4832FE786A1	0	WINDOWSS
2025-05-14 14:04:49	debug		CredentialProviderRequest	Info: *Value for IsCredentialProviderRequest:	0	WINDOWSS
2025-05-14 14:04:49	debug		Server-Client	Info: *ReadUserData server request for josuee	0	WINDOWSS
2025-05-14 14:04:49	debug		Server-Client	Info: *Server secret used for command ReadUserData with error code result 19: secretOTP	0	WINDOWSS
========================================
multiotp 5.9.9.1
Your script is running from C:\multiotp\
2025-05-14 14:04:49	debug		System	Debug: **ReadConfigData, stat value for anonymous_stat_last_update was 1747127736	0	WINDOWSS
2025-05-14 14:04:49	debug		System	Debug: **ReadConfigData, stat value for create_host was WINDOWSS	0	WINDOWSS
2025-05-14 14:04:49	debug		System	Debug: **ReadConfigData, stat value for create_time was 1747126430	0	WINDOWSS
2025-05-14 14:04:49	debug		System	Debug: **ReadConfigData, stat value for last_update was 1747127736	0	WINDOWSS
2025-05-14 14:04:49	debug		System	Debug: **ReadConfigData, stat value for last_update_host was WINDOWSS	0	WINDOWSS
2025-05-14 14:04:49	debug		System	Debug: **ReadConfigData, stat value for encryption_hash was 99CCFC0D033729754B6BB4832FE786A1	0	WINDOWSS
2025-05-14 14:04:49	debug		System	Debug: **ReadConfigData, stat value for anonymous_stat_last_update was 1747127736	0	WINDOWSS
2025-05-14 14:04:49	debug		System	Debug: **ReadConfigData, stat value for create_host was WINDOWSS	0	WINDOWSS
2025-05-14 14:04:49	debug		System	Debug: **ReadConfigData, stat value for create_time was 1747126430	0	WINDOWSS
2025-05-14 14:04:49	debug		System	Debug: **ReadConfigData, stat value for last_update was 1747127736	0	WINDOWSS
2025-05-14 14:04:49	debug		System	Debug: **ReadConfigData, stat value for last_update_host was WINDOWSS	0	WINDOWSS
2025-05-14 14:04:49	debug		System	Debug: **ReadConfigData, stat value for encryption_hash was 99CCFC0D033729754B6BB4832FE786A1	0	WINDOWSS
2025-05-14 14:04:49	debug		CredentialProviderRequest	Info: *Value for IsCredentialProviderRequest: 1	0	WINDOWSS
2025-05-14 14:04:49	debug		Server-Client	Info: *CheckUserToken server request.	0	WINDOWSS
2025-05-14 14:04:49	notice	josuee	User	OK: User josuee successfully logged in (using Credential Provider) with TOTP token	0	WINDOWSS
2025-05-14 14:04:49	debug		Server-Client	Info: *Cache level is set to 1	0	WINDOWSS
2025-05-14 14:04:49	debug		Server-Client	Info: *Server secret used for command CheckUserToken with error code result 0: secretOTP	0	WINDOWSS
========================================
multiotp 5.9.9.1
Your script is running from C:\multiOTP\.\
2025-05-14 14:06:39	debug		System	Debug: **ReadConfigData, stat value for anonymous_stat_last_update was 1747127736	0	WINDOWSS
2025-05-14 14:06:39	debug		System	Debug: **ReadConfigData, stat value for create_host was WINDOWSS	0	WINDOWSS
2025-05-14 14:06:39	debug		System	Debug: **ReadConfigData, stat value for create_time was 1747126430	0	WINDOWSS
2025-05-14 14:06:39	debug		System	Debug: **ReadConfigData, stat value for last_update was 1747127736	0	WINDOWSS
2025-05-14 14:06:39	debug		System	Debug: **ReadConfigData, stat value for last_update_host was WINDOWSS	0	WINDOWSS
2025-05-14 14:06:39	debug		System	Debug: **ReadConfigData, stat value for encryption_hash was 99CCFC0D033729754B6BB4832FE786A1	0	WINDOWSS
2025-05-14 14:06:39	debug		System	Debug: **ReadConfigData, stat value for anonymous_stat_last_update was 1747127736	0	WINDOWSS
2025-05-14 14:06:39	debug		System	Debug: **ReadConfigData, stat value for create_host was WINDOWSS	0	WINDOWSS
2025-05-14 14:06:39	debug		System	Debug: **ReadConfigData, stat value for create_time was 1747126430	0	WINDOWSS
2025-05-14 14:06:39	debug		System	Debug: **ReadConfigData, stat value for last_update was 1747127736	0	WINDOWSS
2025-05-14 14:06:40	debug		System	Debug: **ReadConfigData, stat value for last_update_host was WINDOWSS	0	WINDOWSS
2025-05-14 14:06:40	debug		System	Debug: **ReadConfigData, stat value for encryption_hash was 99CCFC0D033729754B6BB4832FE786A1	0	WINDOWSS
2025-05-14 14:06:40	debug		LDAP	Debug: *AD/LDAP synchronization started at 14:06:40 / Memory used: 14.6MB / Peak: 27.2MB	0	WINDOWSS
2025-05-14 14:06:40	info		LDAP	Info: AD/LDAP synchronization started	0	WINDOWSS
2025-05-14 14:06:40	debug		System	Debug: *LDAP cache folder value: C:\Users\ADMINI~1\AppData\Local\Temp\.ldap_cache/	0	WINDOWSS
2025-05-14 14:06:40	debug		System	Info: *File created: C:\multiOTP\.\users\grupouno.db	1	WINDOWSS
2025-05-14 14:06:40	info		System	Info: User grupouno automatically created	1	WINDOWSS
2025-05-14 14:06:40	info		LDAP	Info: 1 user created, based on 4 LDAP entries (processed in 00:00:00)	0	WINDOWSS
2025-05-14 14:06:40	debug		Debug	Debug: *19 INFO: Requested operation successfully done	0	WINDOWSS
========================================
multiotp 5.9.9.1
Your script is running from C:\multiotp\
2025-05-14 14:09:38	debug		System	Debug: **ReadConfigData, stat value for anonymous_stat_last_update was 1747127736	0	WINDOWSS
2025-05-14 14:09:38	debug		System	Debug: **ReadConfigData, stat value for create_host was WINDOWSS	0	WINDOWSS
2025-05-14 14:09:38	debug		System	Debug: **ReadConfigData, stat value for create_time was 1747126430	0	WINDOWSS
2025-05-14 14:09:38	debug		System	Debug: **ReadConfigData, stat value for last_update was 1747127736	0	WINDOWSS
2025-05-14 14:09:38	debug		System	Debug: **ReadConfigData, stat value for last_update_host was WINDOWSS	0	WINDOWSS
2025-05-14 14:09:38	debug		System	Debug: **ReadConfigData, stat value for encryption_hash was 99CCFC0D033729754B6BB4832FE786A1	0	WINDOWSS
2025-05-14 14:09:38	debug		System	Debug: **ReadConfigData, stat value for anonymous_stat_last_update was 1747127736	0	WINDOWSS
2025-05-14 14:09:38	debug		System	Debug: **ReadConfigData, stat value for create_host was WINDOWSS	0	WINDOWSS
2025-05-14 14:09:38	debug		System	Debug: **ReadConfigData, stat value for create_time was 1747126430	0	WINDOWSS
2025-05-14 14:09:38	debug		System	Debug: **ReadConfigData, stat value for last_update was 1747127736	0	WINDOWSS
2025-05-14 14:09:38	debug		System	Debug: **ReadConfigData, stat value for last_update_host was WINDOWSS	0	WINDOWSS
2025-05-14 14:09:38	debug		System	Debug: **ReadConfigData, stat value for encryption_hash was 99CCFC0D033729754B6BB4832FE786A1	0	WINDOWSS
========================================
multiotp 5.9.9.1
Your script is running from C:\multiotp\
2025-05-14 14:09:39	debug		System	Debug: **ReadConfigData, stat value for anonymous_stat_last_update was 1747127736	0	WINDOWSS
2025-05-14 14:09:39	debug		System	Debug: **ReadConfigData, stat value for create_host was WINDOWSS	0	WINDOWSS
2025-05-14 14:09:39	debug		System	Debug: **ReadConfigData, stat value for create_time was 1747126430	0	WINDOWSS
2025-05-14 14:09:39	debug		System	Debug: **ReadConfigData, stat value for last_update was 1747127736	0	WINDOWSS
2025-05-14 14:09:39	debug		System	Debug: **ReadConfigData, stat value for last_update_host was WINDOWSS	0	WINDOWSS
2025-05-14 14:09:39	debug		System	Debug: **ReadConfigData, stat value for encryption_hash was 99CCFC0D033729754B6BB4832FE786A1	0	WINDOWSS
2025-05-14 14:09:39	debug		System	Debug: **ReadConfigData, stat value for anonymous_stat_last_update was 1747127736	0	WINDOWSS
2025-05-14 14:09:39	debug		System	Debug: **ReadConfigData, stat value for create_host was WINDOWSS	0	WINDOWSS
2025-05-14 14:09:39	debug		System	Debug: **ReadConfigData, stat value for create_time was 1747126430	0	WINDOWSS
2025-05-14 14:09:39	debug		System	Debug: **ReadConfigData, stat value for last_update was 1747127736	0	WINDOWSS
2025-05-14 14:09:39	debug		System	Debug: **ReadConfigData, stat value for last_update_host was WINDOWSS	0	WINDOWSS
2025-05-14 14:09:39	debug		System	Debug: **ReadConfigData, stat value for encryption_hash was 99CCFC0D033729754B6BB4832FE786A1	0	WINDOWSS
========================================
multiotp 5.9.9.1
Your script is running from C:\multiotp\
2025-05-14 14:09:39	debug		System	Debug: **ReadConfigData, stat value for anonymous_stat_last_update was 1747127736	0	WINDOWSS
2025-05-14 14:09:39	debug		System	Debug: **ReadConfigData, stat value for create_host was WINDOWSS	0	WINDOWSS
2025-05-14 14:09:39	debug		System	Debug: **ReadConfigData, stat value for create_time was 1747126430	0	WINDOWSS
2025-05-14 14:09:39	debug		System	Debug: **ReadConfigData, stat value for last_update was 1747127736	0	WINDOWSS
2025-05-14 14:09:39	debug		System	Debug: **ReadConfigData, stat value for last_update_host was WINDOWSS	0	WINDOWSS
2025-05-14 14:09:39	debug		System	Debug: **ReadConfigData, stat value for encryption_hash was 99CCFC0D033729754B6BB4832FE786A1	0	WINDOWSS
2025-05-14 14:09:39	debug		System	Debug: **ReadConfigData, stat value for anonymous_stat_last_update was 1747127736	0	WINDOWSS
2025-05-14 14:09:39	debug		System	Debug: **ReadConfigData, stat value for create_host was WINDOWSS	0	WINDOWSS
2025-05-14 14:09:39	debug		System	Debug: **ReadConfigData, stat value for create_time was 1747126430	0	WINDOWSS
2025-05-14 14:09:39	debug		System	Debug: **ReadConfigData, stat value for last_update was 1747127736	0	WINDOWSS
2025-05-14 14:09:39	debug		System	Debug: **ReadConfigData, stat value for last_update_host was WINDOWSS	0	WINDOWSS
2025-05-14 14:09:39	debug		System	Debug: **ReadConfigData, stat value for encryption_hash was 99CCFC0D033729754B6BB4832FE786A1	0	WINDOWSS
========================================
multiotp 5.9.9.1
Your script is running from C:\multiotp\
2025-05-14 14:09:39	debug		System	Debug: **ReadConfigData, stat value for anonymous_stat_last_update was 1747127736	0	WINDOWSS
2025-05-14 14:09:39	debug		System	Debug: **ReadConfigData, stat value for create_host was WINDOWSS	0	WINDOWSS
2025-05-14 14:09:39	debug		System	Debug: **ReadConfigData, stat value for create_time was 1747126430	0	WINDOWSS
2025-05-14 14:09:39	debug		System	Debug: **ReadConfigData, stat value for last_update was 1747127736	0	WINDOWSS
2025-05-14 14:09:39	debug		System	Debug: **ReadConfigData, stat value for last_update_host was WINDOWSS	0	WINDOWSS
2025-05-14 14:09:39	debug		System	Debug: **ReadConfigData, stat value for encryption_hash was 99CCFC0D033729754B6BB4832FE786A1	0	WINDOWSS
2025-05-14 14:09:39	debug		System	Debug: **ReadConfigData, stat value for anonymous_stat_last_update was 1747127736	0	WINDOWSS
2025-05-14 14:09:39	debug		System	Debug: **ReadConfigData, stat value for create_host was WINDOWSS	0	WINDOWSS
2025-05-14 14:09:39	debug		System	Debug: **ReadConfigData, stat value for create_time was 1747126430	0	WINDOWSS
2025-05-14 14:09:39	debug		System	Debug: **ReadConfigData, stat value for last_update was 1747127736	0	WINDOWSS
2025-05-14 14:09:39	debug		System	Debug: **ReadConfigData, stat value for last_update_host was WINDOWSS	0	WINDOWSS
2025-05-14 14:09:39	debug		System	Debug: **ReadConfigData, stat value for encryption_hash was 99CCFC0D033729754B6BB4832FE786A1	0	WINDOWSS
========================================
multiotp 5.9.9.1
Your script is running from C:\multiotp\
2025-05-14 14:09:39	debug		System	Debug: **ReadConfigData, stat value for anonymous_stat_last_update was 1747127736	0	WINDOWSS
2025-05-14 14:09:39	debug		System	Debug: **ReadConfigData, stat value for create_host was WINDOWSS	0	WINDOWSS
2025-05-14 14:09:39	debug		System	Debug: **ReadConfigData, stat value for create_time was 1747126430	0	WINDOWSS
2025-05-14 14:09:39	debug		System	Debug: **ReadConfigData, stat value for last_update was 1747127736	0	WINDOWSS
2025-05-14 14:09:39	debug		System	Debug: **ReadConfigData, stat value for last_update_host was WINDOWSS	0	WINDOWSS
2025-05-14 14:09:39	debug		System	Debug: **ReadConfigData, stat value for encryption_hash was 99CCFC0D033729754B6BB4832FE786A1	0	WINDOWSS
2025-05-14 14:09:39	debug		System	Debug: **ReadConfigData, stat value for anonymous_stat_last_update was 1747127736	0	WINDOWSS
2025-05-14 14:09:39	debug		System	Debug: **ReadConfigData, stat value for create_host was WINDOWSS	0	WINDOWSS
2025-05-14 14:09:39	debug		System	Debug: **ReadConfigData, stat value for create_time was 1747126430	0	WINDOWSS
2025-05-14 14:09:39	debug		System	Debug: **ReadConfigData, stat value for last_update was 1747127736	0	WINDOWSS
2025-05-14 14:09:39	debug		System	Debug: **ReadConfigData, stat value for last_update_host was WINDOWSS	0	WINDOWSS
2025-05-14 14:09:39	debug		System	Debug: **ReadConfigData, stat value for encryption_hash was 99CCFC0D033729754B6BB4832FE786A1	0	WINDOWSS
========================================
multiotp 5.9.9.1
Your script is running from C:\multiotp\
2025-05-14 14:09:39	debug		System	Debug: **ReadConfigData, stat value for anonymous_stat_last_update was 1747127736	0	WINDOWSS
2025-05-14 14:09:39	debug		System	Debug: **ReadConfigData, stat value for create_host was WINDOWSS	0	WINDOWSS
2025-05-14 14:09:39	debug		System	Debug: **ReadConfigData, stat value for create_time was 1747126430	0	WINDOWSS
2025-05-14 14:09:39	debug		System	Debug: **ReadConfigData, stat value for last_update was 1747127736	0	WINDOWSS
2025-05-14 14:09:39	debug		System	Debug: **ReadConfigData, stat value for last_update_host was WINDOWSS	0	WINDOWSS
2025-05-14 14:09:39	debug		System	Debug: **ReadConfigData, stat value for encryption_hash was 99CCFC0D033729754B6BB4832FE786A1	0	WINDOWSS
2025-05-14 14:09:39	debug		System	Debug: **ReadConfigData, stat value for anonymous_stat_last_update was 1747127736	0	WINDOWSS
2025-05-14 14:09:39	debug		System	Debug: **ReadConfigData, stat value for create_host was WINDOWSS	0	WINDOWSS
2025-05-14 14:09:39	debug		System	Debug: **ReadConfigData, stat value for create_time was 1747126430	0	WINDOWSS
2025-05-14 14:09:39	debug		System	Debug: **ReadConfigData, stat value for last_update was 1747127736	0	WINDOWSS
2025-05-14 14:09:39	debug		System	Debug: **ReadConfigData, stat value for last_update_host was WINDOWSS	0	WINDOWSS
2025-05-14 14:09:40	debug		System	Debug: **ReadConfigData, stat value for encryption_hash was 99CCFC0D033729754B6BB4832FE786A1	0	WINDOWSS
========================================
multiotp 5.9.9.1
Your script is running from C:\multiotp\
2025-05-14 14:09:40	debug		System	Debug: **ReadConfigData, stat value for anonymous_stat_last_update was 1747127736	0	WINDOWSS
2025-05-14 14:09:40	debug		System	Debug: **ReadConfigData, stat value for create_host was WINDOWSS	0	WINDOWSS
2025-05-14 14:09:40	debug		System	Debug: **ReadConfigData, stat value for create_time was 1747126430	0	WINDOWSS
2025-05-14 14:09:40	debug		System	Debug: **ReadConfigData, stat value for last_update was 1747127736	0	WINDOWSS
2025-05-14 14:09:40	debug		System	Debug: **ReadConfigData, stat value for last_update_host was WINDOWSS	0	WINDOWSS
2025-05-14 14:09:40	debug		System	Debug: **ReadConfigData, stat value for encryption_hash was 99CCFC0D033729754B6BB4832FE786A1	0	WINDOWSS
2025-05-14 14:09:40	debug		System	Debug: **ReadConfigData, stat value for anonymous_stat_last_update was 1747127736	0	WINDOWSS
2025-05-14 14:09:40	debug		System	Debug: **ReadConfigData, stat value for create_host was WINDOWSS	0	WINDOWSS
2025-05-14 14:09:40	debug		System	Debug: **ReadConfigData, stat value for create_time was 1747126430	0	WINDOWSS
2025-05-14 14:09:40	debug		System	Debug: **ReadConfigData, stat value for last_update was 1747127736	0	WINDOWSS
2025-05-14 14:09:40	debug		System	Debug: **ReadConfigData, stat value for last_update_host was WINDOWSS	0	WINDOWSS
2025-05-14 14:09:40	debug		System	Debug: **ReadConfigData, stat value for encryption_hash was 99CCFC0D033729754B6BB4832FE786A1	0	WINDOWSS
========================================
multiotp 5.9.9.1
Your script is running from C:\multiotp\
2025-05-14 14:09:55	debug		System	Debug: **ReadConfigData, stat value for anonymous_stat_last_update was 1747127736	0	WINDOWSS
2025-05-14 14:09:55	debug		System	Debug: **ReadConfigData, stat value for create_host was WINDOWSS	0	WINDOWSS
2025-05-14 14:09:55	debug		System	Debug: **ReadConfigData, stat value for create_time was 1747126430	0	WINDOWSS
2025-05-14 14:09:55	debug		System	Debug: **ReadConfigData, stat value for last_update was 1747127736	0	WINDOWSS
2025-05-14 14:09:55	debug		System	Debug: **ReadConfigData, stat value for last_update_host was WINDOWSS	0	WINDOWSS
2025-05-14 14:09:55	debug		System	Debug: **ReadConfigData, stat value for encryption_hash was 99CCFC0D033729754B6BB4832FE786A1	0	WINDOWSS
2025-05-14 14:09:55	debug		System	Debug: **ReadConfigData, stat value for anonymous_stat_last_update was 1747127736	0	WINDOWSS
2025-05-14 14:09:55	debug		System	Debug: **ReadConfigData, stat value for create_host was WINDOWSS	0	WINDOWSS
2025-05-14 14:09:55	debug		System	Debug: **ReadConfigData, stat value for create_time was 1747126430	0	WINDOWSS
2025-05-14 14:09:55	debug		System	Debug: **ReadConfigData, stat value for last_update was 1747127736	0	WINDOWSS
2025-05-14 14:09:55	debug		System	Debug: **ReadConfigData, stat value for last_update_host was WINDOWSS	0	WINDOWSS
2025-05-14 14:09:55	debug		System	Debug: **ReadConfigData, stat value for encryption_hash was 99CCFC0D033729754B6BB4832FE786A1	0	WINDOWSS
========================================
multiotp 5.9.9.1
Your script is running from C:\multiotp\
2025-05-14 14:09:56	debug		System	Debug: **ReadConfigData, stat value for anonymous_stat_last_update was 1747127736	0	WINDOWSS
2025-05-14 14:09:56	debug		System	Debug: **ReadConfigData, stat value for create_host was WINDOWSS	0	WINDOWSS
2025-05-14 14:09:56	debug		System	Debug: **ReadConfigData, stat value for create_time was 1747126430	0	WINDOWSS
2025-05-14 14:09:56	debug		System	Debug: **ReadConfigData, stat value for last_update was 1747127736	0	WINDOWSS
2025-05-14 14:09:56	debug		System	Debug: **ReadConfigData, stat value for last_update_host was WINDOWSS	0	WINDOWSS
2025-05-14 14:09:56	debug		System	Debug: **ReadConfigData, stat value for encryption_hash was 99CCFC0D033729754B6BB4832FE786A1	0	WINDOWSS
2025-05-14 14:09:56	debug		System	Debug: **ReadConfigData, stat value for anonymous_stat_last_update was 1747127736	0	WINDOWSS
2025-05-14 14:09:56	debug		System	Debug: **ReadConfigData, stat value for create_host was WINDOWSS	0	WINDOWSS
2025-05-14 14:09:56	debug		System	Debug: **ReadConfigData, stat value for create_time was 1747126430	0	WINDOWSS
2025-05-14 14:09:56	debug		System	Debug: **ReadConfigData, stat value for last_update was 1747127736	0	WINDOWSS
2025-05-14 14:09:56	debug		System	Debug: **ReadConfigData, stat value for last_update_host was WINDOWSS	0	WINDOWSS
2025-05-14 14:09:56	debug		System	Debug: **ReadConfigData, stat value for encryption_hash was 99CCFC0D033729754B6BB4832FE786A1	0	WINDOWSS
========================================
multiotp 5.9.9.1
Your script is running from C:\multiotp\
2025-05-14 14:10:12	debug		System	Debug: **ReadConfigData, stat value for anonymous_stat_last_update was 1747127736	0	WINDOWSS
2025-05-14 14:10:12	debug		System	Debug: **ReadConfigData, stat value for create_host was WINDOWSS	0	WINDOWSS
2025-05-14 14:10:12	debug		System	Debug: **ReadConfigData, stat value for create_time was 1747126430	0	WINDOWSS
2025-05-14 14:10:12	debug		System	Debug: **ReadConfigData, stat value for last_update was 1747127736	0	WINDOWSS
2025-05-14 14:10:12	debug		System	Debug: **ReadConfigData, stat value for last_update_host was WINDOWSS	0	WINDOWSS
2025-05-14 14:10:12	debug		System	Debug: **ReadConfigData, stat value for encryption_hash was 99CCFC0D033729754B6BB4832FE786A1	0	WINDOWSS
2025-05-14 14:10:12	debug		System	Debug: **ReadConfigData, stat value for anonymous_stat_last_update was 1747127736	0	WINDOWSS
2025-05-14 14:10:12	debug		System	Debug: **ReadConfigData, stat value for create_host was WINDOWSS	0	WINDOWSS
2025-05-14 14:10:12	debug		System	Debug: **ReadConfigData, stat value for create_time was 1747126430	0	WINDOWSS
2025-05-14 14:10:12	debug		System	Debug: **ReadConfigData, stat value for last_update was 1747127736	0	WINDOWSS
2025-05-14 14:10:12	debug		System	Debug: **ReadConfigData, stat value for last_update_host was WINDOWSS	0	WINDOWSS
2025-05-14 14:10:12	debug		System	Debug: **ReadConfigData, stat value for encryption_hash was 99CCFC0D033729754B6BB4832FE786A1	0	WINDOWSS
2025-05-14 14:10:12	debug		CredentialProviderRequest	Info: *Value for IsCredentialProviderRequest:	0	WINDOWSS
2025-05-14 14:10:12	debug		Server-Client	Info: *CheckUserExists server request for grupouno with challenge MOSH7b5fe715dd00bfec1db2f81b641b698a	0	WINDOWSS
2025-05-14 14:10:12	debug		Server-Client	Info: *CheckUserExists intermediate error code: 22	0	WINDOWSS
2025-05-14 14:10:12	debug		Server-Client	Info: *Server secret used for command CheckUserExists with error code result 22: secretOTP	0	WINDOWSS
========================================
multiotp 5.9.9.1
Your script is running from C:\multiotp\
2025-05-14 14:10:12	debug		System	Debug: **ReadConfigData, stat value for anonymous_stat_last_update was 1747127736	0	WINDOWSS
2025-05-14 14:10:12	debug		System	Debug: **ReadConfigData, stat value for create_host was WINDOWSS	0	WINDOWSS
2025-05-14 14:10:12	debug		System	Debug: **ReadConfigData, stat value for create_time was 1747126430	0	WINDOWSS
2025-05-14 14:10:12	debug		System	Debug: **ReadConfigData, stat value for last_update was 1747127736	0	WINDOWSS
2025-05-14 14:10:12	debug		System	Debug: **ReadConfigData, stat value for last_update_host was WINDOWSS	0	WINDOWSS
2025-05-14 14:10:12	debug		System	Debug: **ReadConfigData, stat value for encryption_hash was 99CCFC0D033729754B6BB4832FE786A1	0	WINDOWSS
2025-05-14 14:10:12	debug		System	Debug: **ReadConfigData, stat value for anonymous_stat_last_update was 1747127736	0	WINDOWSS
2025-05-14 14:10:12	debug		System	Debug: **ReadConfigData, stat value for create_host was WINDOWSS	0	WINDOWSS
2025-05-14 14:10:12	debug		System	Debug: **ReadConfigData, stat value for create_time was 1747126430	0	WINDOWSS
2025-05-14 14:10:12	debug		System	Debug: **ReadConfigData, stat value for last_update was 1747127736	0	WINDOWSS
2025-05-14 14:10:12	debug		System	Debug: **ReadConfigData, stat value for last_update_host was WINDOWSS	0	WINDOWSS
2025-05-14 14:10:12	debug		System	Debug: **ReadConfigData, stat value for encryption_hash was 99CCFC0D033729754B6BB4832FE786A1	0	WINDOWSS
2025-05-14 14:10:12	debug		CredentialProviderRequest	Info: *Value for IsCredentialProviderRequest:	0	WINDOWSS
2025-05-14 14:10:12	debug		Server-Client	Info: *ReadUserData server request for grupouno	0	WINDOWSS
2025-05-14 14:10:12	debug		Server-Client	Info: *Server secret used for command ReadUserData with error code result 19: secretOTP	0	WINDOWSS
========================================
multiotp 5.9.9.1
Your script is running from C:\multiotp\
2025-05-14 14:10:12	debug		System	Debug: **ReadConfigData, stat value for anonymous_stat_last_update was 1747127736	0	WINDOWSS
2025-05-14 14:10:12	debug		System	Debug: **ReadConfigData, stat value for create_host was WINDOWSS	0	WINDOWSS
2025-05-14 14:10:12	debug		System	Debug: **ReadConfigData, stat value for create_time was 1747126430	0	WINDOWSS
2025-05-14 14:10:12	debug		System	Debug: **ReadConfigData, stat value for last_update was 1747127736	0	WINDOWSS
2025-05-14 14:10:12	debug		System	Debug: **ReadConfigData, stat value for last_update_host was WINDOWSS	0	WINDOWSS
2025-05-14 14:10:12	debug		System	Debug: **ReadConfigData, stat value for encryption_hash was 99CCFC0D033729754B6BB4832FE786A1	0	WINDOWSS
2025-05-14 14:10:12	debug		System	Debug: **ReadConfigData, stat value for anonymous_stat_last_update was 1747127736	0	WINDOWSS
2025-05-14 14:10:12	debug		System	Debug: **ReadConfigData, stat value for create_host was WINDOWSS	0	WINDOWSS
2025-05-14 14:10:12	debug		System	Debug: **ReadConfigData, stat value for create_time was 1747126430	0	WINDOWSS
2025-05-14 14:10:12	debug		System	Debug: **ReadConfigData, stat value for last_update was 1747127736	0	WINDOWSS
2025-05-14 14:10:12	debug		System	Debug: **ReadConfigData, stat value for last_update_host was WINDOWSS	0	WINDOWSS
2025-05-14 14:10:12	debug		System	Debug: **ReadConfigData, stat value for encryption_hash was 99CCFC0D033729754B6BB4832FE786A1	0	WINDOWSS
2025-05-14 14:10:12	debug		CredentialProviderRequest	Info: *Value for IsCredentialProviderRequest:	0	WINDOWSS
2025-05-14 14:10:12	debug		Server-Client	Info: *ReadUserData server request for grupouno	0	WINDOWSS
2025-05-14 14:10:12	debug		Server-Client	Info: *Server secret used for command ReadUserData with error code result 19: secretOTP	0	WINDOWSS
========================================
multiotp 5.9.9.1
Your script is running from C:\multiotp\
2025-05-14 14:10:12	debug		System	Debug: **ReadConfigData, stat value for anonymous_stat_last_update was 1747127736	0	WINDOWSS
2025-05-14 14:10:12	debug		System	Debug: **ReadConfigData, stat value for create_host was WINDOWSS	0	WINDOWSS
2025-05-14 14:10:12	debug		System	Debug: **ReadConfigData, stat value for create_time was 1747126430	0	WINDOWSS
2025-05-14 14:10:12	debug		System	Debug: **ReadConfigData, stat value for last_update was 1747127736	0	WINDOWSS
2025-05-14 14:10:12	debug		System	Debug: **ReadConfigData, stat value for last_update_host was WINDOWSS	0	WINDOWSS
2025-05-14 14:10:12	debug		System	Debug: **ReadConfigData, stat value for encryption_hash was 99CCFC0D033729754B6BB4832FE786A1	0	WINDOWSS
2025-05-14 14:10:12	debug		System	Debug: **ReadConfigData, stat value for anonymous_stat_last_update was 1747127736	0	WINDOWSS
2025-05-14 14:10:12	debug		System	Debug: **ReadConfigData, stat value for create_host was WINDOWSS	0	WINDOWSS
2025-05-14 14:10:12	debug		System	Debug: **ReadConfigData, stat value for create_time was 1747126430	0	WINDOWSS
2025-05-14 14:10:12	debug		System	Debug: **ReadConfigData, stat value for last_update was 1747127736	0	WINDOWSS
2025-05-14 14:10:12	debug		System	Debug: **ReadConfigData, stat value for last_update_host was WINDOWSS	0	WINDOWSS
2025-05-14 14:10:12	debug		System	Debug: **ReadConfigData, stat value for encryption_hash was 99CCFC0D033729754B6BB4832FE786A1	0	WINDOWSS
2025-05-14 14:10:12	debug		CredentialProviderRequest	Info: *Value for IsCredentialProviderRequest: 1	0	WINDOWSS
2025-05-14 14:10:12	debug		Server-Client	Info: *CheckUserToken server request.	0	WINDOWSS
2025-05-14 14:10:12	notice	grupouno	User	OK: User grupouno successfully logged in (using Credential Provider) with TOTP token	0	WINDOWSS
2025-05-14 14:10:12	debug		Server-Client	Info: *Cache level is set to 1	0	WINDOWSS
2025-05-14 14:10:12	debug		Server-Client	Info: *Server secret used for command CheckUserToken with error code result 0: secretOTP	0	WINDOWSS
========================================
multiotp 5.9.9.1
Your script is running from C:\multiotp\
2025-05-14 14:34:25	debug		System	Debug: **ReadConfigData, stat value for anonymous_stat_last_update was 1747127736	0	WINDOWSS
2025-05-14 14:34:25	debug		System	Debug: **ReadConfigData, stat value for create_host was WINDOWSS	0	WINDOWSS
2025-05-14 14:34:25	debug		System	Debug: **ReadConfigData, stat value for create_time was 1747126430	0	WINDOWSS
2025-05-14 14:34:25	debug		System	Debug: **ReadConfigData, stat value for last_update was 1747127736	0	WINDOWSS
2025-05-14 14:34:25	debug		System	Debug: **ReadConfigData, stat value for last_update_host was WINDOWSS	0	WINDOWSS
2025-05-14 14:34:25	debug		System	Debug: **ReadConfigData, stat value for encryption_hash was 99CCFC0D033729754B6BB4832FE786A1	0	WINDOWSS
2025-05-14 14:34:25	debug		System	Debug: **ReadConfigData, stat value for anonymous_stat_last_update was 1747127736	0	WINDOWSS
2025-05-14 14:34:25	debug		System	Debug: **ReadConfigData, stat value for create_host was WINDOWSS	0	WINDOWSS
2025-05-14 14:34:25	debug		System	Debug: **ReadConfigData, stat value for create_time was 1747126430	0	WINDOWSS
2025-05-14 14:34:25	debug		System	Debug: **ReadConfigData, stat value for last_update was 1747127736	0	WINDOWSS
2025-05-14 14:34:25	debug		System	Debug: **ReadConfigData, stat value for last_update_host was WINDOWSS	0	WINDOWSS
2025-05-14 14:34:25	debug		System	Debug: **ReadConfigData, stat value for encryption_hash was 99CCFC0D033729754B6BB4832FE786A1	0	WINDOWSS
2025-05-14 14:34:25	debug		CredentialProviderRequest	Info: *Value for IsCredentialProviderRequest:	0	WINDOWSS
2025-05-14 14:34:25	debug		Server-Client	Info: *CheckUserExists server request for grupouno with challenge MOSH68c3c8217847067fde4d07018ed5e6af	0	WINDOWSS
2025-05-14 14:34:25	debug		Server-Client	Info: *CheckUserExists intermediate error code: 22	0	WINDOWSS
2025-05-14 14:34:25	debug		Server-Client	Info: *Server secret used for command CheckUserExists with error code result 22: secretOTP	0	WINDOWSS
========================================
multiotp 5.9.9.1
Your script is running from C:\multiotp\
2025-05-14 14:34:26	debug		System	Debug: **ReadConfigData, stat value for anonymous_stat_last_update was 1747127736	0	WINDOWSS
2025-05-14 14:34:26	debug		System	Debug: **ReadConfigData, stat value for create_host was WINDOWSS	0	WINDOWSS
2025-05-14 14:34:26	debug		System	Debug: **ReadConfigData, stat value for create_time was 1747126430	0	WINDOWSS
2025-05-14 14:34:26	debug		System	Debug: **ReadConfigData, stat value for last_update was 1747127736	0	WINDOWSS
2025-05-14 14:34:26	debug		System	Debug: **ReadConfigData, stat value for last_update_host was WINDOWSS	0	WINDOWSS
2025-05-14 14:34:26	debug		System	Debug: **ReadConfigData, stat value for encryption_hash was 99CCFC0D033729754B6BB4832FE786A1	0	WINDOWSS
2025-05-14 14:34:26	debug		System	Debug: **ReadConfigData, stat value for anonymous_stat_last_update was 1747127736	0	WINDOWSS
2025-05-14 14:34:26	debug		System	Debug: **ReadConfigData, stat value for create_host was WINDOWSS	0	WINDOWSS
2025-05-14 14:34:26	debug		System	Debug: **ReadConfigData, stat value for create_time was 1747126430	0	WINDOWSS
2025-05-14 14:34:26	debug		System	Debug: **ReadConfigData, stat value for last_update was 1747127736	0	WINDOWSS
2025-05-14 14:34:26	debug		System	Debug: **ReadConfigData, stat value for last_update_host was WINDOWSS	0	WINDOWSS
2025-05-14 14:34:26	debug		System	Debug: **ReadConfigData, stat value for encryption_hash was 99CCFC0D033729754B6BB4832FE786A1	0	WINDOWSS
2025-05-14 14:34:26	debug		CredentialProviderRequest	Info: *Value for IsCredentialProviderRequest:	0	WINDOWSS
2025-05-14 14:34:26	debug		Server-Client	Info: *ReadUserData server request for grupouno	0	WINDOWSS
2025-05-14 14:34:26	debug		Server-Client	Info: *Server secret used for command ReadUserData with error code result 19: secretOTP	0	WINDOWSS
========================================
multiotp 5.9.9.1
Your script is running from C:\multiotp\
2025-05-14 14:34:26	debug		System	Debug: **ReadConfigData, stat value for anonymous_stat_last_update was 1747127736	0	WINDOWSS
2025-05-14 14:34:26	debug		System	Debug: **ReadConfigData, stat value for create_host was WINDOWSS	0	WINDOWSS
2025-05-14 14:34:26	debug		System	Debug: **ReadConfigData, stat value for create_time was 1747126430	0	WINDOWSS
2025-05-14 14:34:26	debug		System	Debug: **ReadConfigData, stat value for last_update was 1747127736	0	WINDOWSS
2025-05-14 14:34:26	debug		System	Debug: **ReadConfigData, stat value for last_update_host was WINDOWSS	0	WINDOWSS
2025-05-14 14:34:26	debug		System	Debug: **ReadConfigData, stat value for encryption_hash was 99CCFC0D033729754B6BB4832FE786A1	0	WINDOWSS
2025-05-14 14:34:26	debug		System	Debug: **ReadConfigData, stat value for anonymous_stat_last_update was 1747127736	0	WINDOWSS
2025-05-14 14:34:26	debug		System	Debug: **ReadConfigData, stat value for create_host was WINDOWSS	0	WINDOWSS
2025-05-14 14:34:26	debug		System	Debug: **ReadConfigData, stat value for create_time was 1747126430	0	WINDOWSS
2025-05-14 14:34:26	debug		System	Debug: **ReadConfigData, stat value for last_update was 1747127736	0	WINDOWSS
2025-05-14 14:34:26	debug		System	Debug: **ReadConfigData, stat value for last_update_host was WINDOWSS	0	WINDOWSS
2025-05-14 14:34:26	debug		System	Debug: **ReadConfigData, stat value for encryption_hash was 99CCFC0D033729754B6BB4832FE786A1	0	WINDOWSS
2025-05-14 14:34:26	debug		CredentialProviderRequest	Info: *Value for IsCredentialProviderRequest:	0	WINDOWSS
2025-05-14 14:34:26	debug		Server-Client	Info: *ReadUserData server request for grupouno	0	WINDOWSS
2025-05-14 14:34:26	debug		Server-Client	Info: *Server secret used for command ReadUserData with error code result 19: secretOTP	0	WINDOWSS
========================================
multiotp 5.9.9.1
Your script is running from C:\multiotp\
2025-05-14 14:34:26	debug		System	Debug: **ReadConfigData, stat value for anonymous_stat_last_update was 1747127736	0	WINDOWSS
2025-05-14 14:34:26	debug		System	Debug: **ReadConfigData, stat value for create_host was WINDOWSS	0	WINDOWSS
2025-05-14 14:34:26	debug		System	Debug: **ReadConfigData, stat value for create_time was 1747126430	0	WINDOWSS
2025-05-14 14:34:26	debug		System	Debug: **ReadConfigData, stat value for last_update was 1747127736	0	WINDOWSS
2025-05-14 14:34:26	debug		System	Debug: **ReadConfigData, stat value for last_update_host was WINDOWSS	0	WINDOWSS
2025-05-14 14:34:26	debug		System	Debug: **ReadConfigData, stat value for encryption_hash was 99CCFC0D033729754B6BB4832FE786A1	0	WINDOWSS
2025-05-14 14:34:26	debug		System	Debug: **ReadConfigData, stat value for anonymous_stat_last_update was 1747127736	0	WINDOWSS
2025-05-14 14:34:26	debug		System	Debug: **ReadConfigData, stat value for create_host was WINDOWSS	0	WINDOWSS
2025-05-14 14:34:26	debug		System	Debug: **ReadConfigData, stat value for create_time was 1747126430	0	WINDOWSS
2025-05-14 14:34:26	debug		System	Debug: **ReadConfigData, stat value for last_update was 1747127736	0	WINDOWSS
2025-05-14 14:34:26	debug		System	Debug: **ReadConfigData, stat value for last_update_host was WINDOWSS	0	WINDOWSS
2025-05-14 14:34:26	debug		System	Debug: **ReadConfigData, stat value for encryption_hash was 99CCFC0D033729754B6BB4832FE786A1	0	WINDOWSS
2025-05-14 14:34:26	debug		CredentialProviderRequest	Info: *Value for IsCredentialProviderRequest: 1	0	WINDOWSS
2025-05-14 14:34:26	debug		Server-Client	Info: *CheckUserToken server request.	0	WINDOWSS
2025-05-14 14:34:26	notice	grupouno	User	OK: User grupouno successfully logged in (using Credential Provider) with TOTP token	0	WINDOWSS
2025-05-14 14:34:26	debug		Server-Client	Info: *Cache level is set to 1	0	WINDOWSS
2025-05-14 14:34:26	debug		Server-Client	Info: *Server secret used for command CheckUserToken with error code result 0: secretOTP	0	WINDOWSS
========================================
multiotp 5.9.9.1
Your script is running from C:\multiOTP\.\
2025-05-14 15:18:12	debug		System	Debug: **ReadConfigData, stat value for anonymous_stat_last_update was 1747127736	0	WINDOWSS
2025-05-14 15:18:12	debug		System	Debug: **ReadConfigData, stat value for create_host was WINDOWSS	0	WINDOWSS
2025-05-14 15:18:12	debug		System	Debug: **ReadConfigData, stat value for create_time was 1747126430	0	WINDOWSS
2025-05-14 15:18:12	debug		System	Debug: **ReadConfigData, stat value for last_update was 1747127736	0	WINDOWSS
2025-05-14 15:18:12	debug		System	Debug: **ReadConfigData, stat value for last_update_host was WINDOWSS	0	WINDOWSS
2025-05-14 15:18:12	debug		System	Debug: **ReadConfigData, stat value for encryption_hash was 99CCFC0D033729754B6BB4832FE786A1	0	WINDOWSS
2025-05-14 15:18:12	debug		System	Debug: **ReadConfigData, stat value for anonymous_stat_last_update was 1747127736	0	WINDOWSS
2025-05-14 15:18:12	debug		System	Debug: **ReadConfigData, stat value for create_host was WINDOWSS	0	WINDOWSS
2025-05-14 15:18:12	debug		System	Debug: **ReadConfigData, stat value for create_time was 1747126430	0	WINDOWSS
2025-05-14 15:18:12	debug		System	Debug: **ReadConfigData, stat value for last_update was 1747127736	0	WINDOWSS
2025-05-14 15:18:12	debug		System	Debug: **ReadConfigData, stat value for last_update_host was WINDOWSS	0	WINDOWSS
2025-05-14 15:18:12	debug		System	Debug: **ReadConfigData, stat value for encryption_hash was 99CCFC0D033729754B6BB4832FE786A1	0	WINDOWSS
2025-05-14 15:18:12	debug		LDAP	Debug: *AD/LDAP synchronization started at 15:18:12 / Memory used: 14.6MB / Peak: 27.2MB	0	WINDOWSS
2025-05-14 15:18:12	info		LDAP	Info: AD/LDAP synchronization started	0	WINDOWSS
2025-05-14 15:18:12	debug		System	Debug: *LDAP cache folder value: C:\Users\Administrator\AppData\Local\Temp\.ldap_cache/	0	WINDOWSS
2025-05-14 15:18:13	info		LDAP	Info: No update for the 4 LDAP synced users, based on 4 LDAP entries (processed in 00:00:01)	0	WINDOWSS
2025-05-14 15:18:13	debug		Debug	Debug: *19 INFO: Requested operation successfully done	0	WINDOWSS
========================================
multiotp 5.9.9.1
Your script is running from C:\multiotp\
2025-05-14 15:19:31	debug		System	Debug: **ReadConfigData, stat value for anonymous_stat_last_update was 1747127736	0	WINDOWSS
2025-05-14 15:19:31	debug		System	Debug: **ReadConfigData, stat value for create_host was WINDOWSS	0	WINDOWSS
2025-05-14 15:19:31	debug		System	Debug: **ReadConfigData, stat value for create_time was 1747126430	0	WINDOWSS
2025-05-14 15:19:31	debug		System	Debug: **ReadConfigData, stat value for last_update was 1747127736	0	WINDOWSS
2025-05-14 15:19:31	debug		System	Debug: **ReadConfigData, stat value for last_update_host was WINDOWSS	0	WINDOWSS
2025-05-14 15:19:31	debug		System	Debug: **ReadConfigData, stat value for encryption_hash was 99CCFC0D033729754B6BB4832FE786A1	0	WINDOWSS
2025-05-14 15:19:31	debug		System	Debug: **ReadConfigData, stat value for anonymous_stat_last_update was 1747127736	0	WINDOWSS
2025-05-14 15:19:31	debug		System	Debug: **ReadConfigData, stat value for create_host was WINDOWSS	0	WINDOWSS
2025-05-14 15:19:31	debug		System	Debug: **ReadConfigData, stat value for create_time was 1747126430	0	WINDOWSS
2025-05-14 15:19:31	debug		System	Debug: **ReadConfigData, stat value for last_update was 1747127736	0	WINDOWSS
2025-05-14 15:19:31	debug		System	Debug: **ReadConfigData, stat value for last_update_host was WINDOWSS	0	WINDOWSS
2025-05-14 15:19:31	debug		System	Debug: **ReadConfigData, stat value for encryption_hash was 99CCFC0D033729754B6BB4832FE786A1	0	WINDOWSS
2025-05-14 15:19:31	debug		CredentialProviderRequest	Info: *Value for IsCredentialProviderRequest:	0	WINDOWSS
2025-05-14 15:19:31	debug		Server-Client	Info: *CheckUserExists server request for grupouno with challenge MOSHdc96a62e4ff910a37833f9e332832377	0	WINDOWSS
2025-05-14 15:19:31	debug		Server-Client	Info: *CheckUserExists intermediate error code: 22	0	WINDOWSS
2025-05-14 15:19:31	debug		Server-Client	Info: *Server secret used for command CheckUserExists with error code result 22: secretOTP	0	WINDOWSS
========================================
multiotp 5.9.9.1
Your script is running from C:\multiotp\
2025-05-14 15:19:31	debug		System	Debug: **ReadConfigData, stat value for anonymous_stat_last_update was 1747127736	0	WINDOWSS
2025-05-14 15:19:31	debug		System	Debug: **ReadConfigData, stat value for create_host was WINDOWSS	0	WINDOWSS
2025-05-14 15:19:31	debug		System	Debug: **ReadConfigData, stat value for create_time was 1747126430	0	WINDOWSS
2025-05-14 15:19:31	debug		System	Debug: **ReadConfigData, stat value for last_update was 1747127736	0	WINDOWSS
2025-05-14 15:19:31	debug		System	Debug: **ReadConfigData, stat value for last_update_host was WINDOWSS	0	WINDOWSS
2025-05-14 15:19:31	debug		System	Debug: **ReadConfigData, stat value for encryption_hash was 99CCFC0D033729754B6BB4832FE786A1	0	WINDOWSS
2025-05-14 15:19:31	debug		System	Debug: **ReadConfigData, stat value for anonymous_stat_last_update was 1747127736	0	WINDOWSS
2025-05-14 15:19:31	debug		System	Debug: **ReadConfigData, stat value for create_host was WINDOWSS	0	WINDOWSS
2025-05-14 15:19:31	debug		System	Debug: **ReadConfigData, stat value for create_time was 1747126430	0	WINDOWSS
2025-05-14 15:19:31	debug		System	Debug: **ReadConfigData, stat value for last_update was 1747127736	0	WINDOWSS
2025-05-14 15:19:31	debug		System	Debug: **ReadConfigData, stat value for last_update_host was WINDOWSS	0	WINDOWSS
2025-05-14 15:19:31	debug		System	Debug: **ReadConfigData, stat value for encryption_hash was 99CCFC0D033729754B6BB4832FE786A1	0	WINDOWSS
2025-05-14 15:19:31	debug		CredentialProviderRequest	Info: *Value for IsCredentialProviderRequest:	0	WINDOWSS
2025-05-14 15:19:31	debug		Server-Client	Info: *ReadUserData server request for grupouno	0	WINDOWSS
2025-05-14 15:19:31	debug		Server-Client	Info: *Server secret used for command ReadUserData with error code result 19: secretOTP	0	WINDOWSS
========================================
multiotp 5.9.9.1
Your script is running from C:\multiotp\
2025-05-14 15:19:32	debug		System	Debug: **ReadConfigData, stat value for anonymous_stat_last_update was 1747127736	0	WINDOWSS
2025-05-14 15:19:32	debug		System	Debug: **ReadConfigData, stat value for create_host was WINDOWSS	0	WINDOWSS
2025-05-14 15:19:32	debug		System	Debug: **ReadConfigData, stat value for create_time was 1747126430	0	WINDOWSS
2025-05-14 15:19:32	debug		System	Debug: **ReadConfigData, stat value for last_update was 1747127736	0	WINDOWSS
2025-05-14 15:19:32	debug		System	Debug: **ReadConfigData, stat value for last_update_host was WINDOWSS	0	WINDOWSS
2025-05-14 15:19:32	debug		System	Debug: **ReadConfigData, stat value for encryption_hash was 99CCFC0D033729754B6BB4832FE786A1	0	WINDOWSS
2025-05-14 15:19:32	debug		System	Debug: **ReadConfigData, stat value for anonymous_stat_last_update was 1747127736	0	WINDOWSS
2025-05-14 15:19:32	debug		System	Debug: **ReadConfigData, stat value for create_host was WINDOWSS	0	WINDOWSS
2025-05-14 15:19:32	debug		System	Debug: **ReadConfigData, stat value for create_time was 1747126430	0	WINDOWSS
2025-05-14 15:19:32	debug		System	Debug: **ReadConfigData, stat value for last_update was 1747127736	0	WINDOWSS
2025-05-14 15:19:32	debug		System	Debug: **ReadConfigData, stat value for last_update_host was WINDOWSS	0	WINDOWSS
2025-05-14 15:19:32	debug		System	Debug: **ReadConfigData, stat value for encryption_hash was 99CCFC0D033729754B6BB4832FE786A1	0	WINDOWSS
2025-05-14 15:19:32	debug		CredentialProviderRequest	Info: *Value for IsCredentialProviderRequest:	0	WINDOWSS
2025-05-14 15:19:32	debug		Server-Client	Info: *ReadUserData server request for grupouno	0	WINDOWSS
2025-05-14 15:19:32	debug		Server-Client	Info: *Server secret used for command ReadUserData with error code result 19: secretOTP	0	WINDOWSS
========================================
multiotp 5.9.9.1
Your script is running from C:\multiotp\
2025-05-14 15:19:32	debug		System	Debug: **ReadConfigData, stat value for anonymous_stat_last_update was 1747127736	0	WINDOWSS
2025-05-14 15:19:32	debug		System	Debug: **ReadConfigData, stat value for create_host was WINDOWSS	0	WINDOWSS
2025-05-14 15:19:32	debug		System	Debug: **ReadConfigData, stat value for create_time was 1747126430	0	WINDOWSS
2025-05-14 15:19:32	debug		System	Debug: **ReadConfigData, stat value for last_update was 1747127736	0	WINDOWSS
2025-05-14 15:19:32	debug		System	Debug: **ReadConfigData, stat value for last_update_host was WINDOWSS	0	WINDOWSS
2025-05-14 15:19:32	debug		System	Debug: **ReadConfigData, stat value for encryption_hash was 99CCFC0D033729754B6BB4832FE786A1	0	WINDOWSS
2025-05-14 15:19:32	debug		System	Debug: **ReadConfigData, stat value for anonymous_stat_last_update was 1747127736	0	WINDOWSS
2025-05-14 15:19:32	debug		System	Debug: **ReadConfigData, stat value for create_host was WINDOWSS	0	WINDOWSS
2025-05-14 15:19:32	debug		System	Debug: **ReadConfigData, stat value for create_time was 1747126430	0	WINDOWSS
2025-05-14 15:19:32	debug		System	Debug: **ReadConfigData, stat value for last_update was 1747127736	0	WINDOWSS
2025-05-14 15:19:32	debug		System	Debug: **ReadConfigData, stat value for last_update_host was WINDOWSS	0	WINDOWSS
2025-05-14 15:19:32	debug		System	Debug: **ReadConfigData, stat value for encryption_hash was 99CCFC0D033729754B6BB4832FE786A1	0	WINDOWSS
2025-05-14 15:19:32	debug		CredentialProviderRequest	Info: *Value for IsCredentialProviderRequest: 1	0	WINDOWSS
2025-05-14 15:19:32	debug		Server-Client	Info: *CheckUserToken server request.	0	WINDOWSS
2025-05-14 15:19:32	notice	grupouno	User	OK: User grupouno successfully logged in (using Credential Provider) with TOTP token	0	WINDOWSS
2025-05-14 15:19:32	debug		Server-Client	Info: *Cache level is set to 1	0	WINDOWSS
2025-05-14 15:19:32	debug		Server-Client	Info: *Server secret used for command CheckUserToken with error code result 0: secretOTP	0	WINDOWSS
========================================
multiotp 5.9.9.1
Your script is running from C:\multiotp\
2025-05-14 15:23:11	debug		System	Debug: **ReadConfigData, stat value for anonymous_stat_last_update was 1747127736	0	WINDOWSS
2025-05-14 15:23:11	debug		System	Debug: **ReadConfigData, stat value for create_host was WINDOWSS	0	WINDOWSS
2025-05-14 15:23:11	debug		System	Debug: **ReadConfigData, stat value for create_time was 1747126430	0	WINDOWSS
2025-05-14 15:23:11	debug		System	Debug: **ReadConfigData, stat value for last_update was 1747127736	0	WINDOWSS
2025-05-14 15:23:11	debug		System	Debug: **ReadConfigData, stat value for last_update_host was WINDOWSS	0	WINDOWSS
2025-05-14 15:23:11	debug		System	Debug: **ReadConfigData, stat value for encryption_hash was 99CCFC0D033729754B6BB4832FE786A1	0	WINDOWSS
2025-05-14 15:23:11	debug		System	Debug: **ReadConfigData, stat value for anonymous_stat_last_update was 1747127736	0	WINDOWSS
2025-05-14 15:23:11	debug		System	Debug: **ReadConfigData, stat value for create_host was WINDOWSS	0	WINDOWSS
2025-05-14 15:23:11	debug		System	Debug: **ReadConfigData, stat value for create_time was 1747126430	0	WINDOWSS
2025-05-14 15:23:11	debug		System	Debug: **ReadConfigData, stat value for last_update was 1747127736	0	WINDOWSS
2025-05-14 15:23:11	debug		System	Debug: **ReadConfigData, stat value for last_update_host was WINDOWSS	0	WINDOWSS
2025-05-14 15:23:11	debug		System	Debug: **ReadConfigData, stat value for encryption_hash was 99CCFC0D033729754B6BB4832FE786A1	0	WINDOWSS
2025-05-14 15:23:11	debug		CredentialProviderRequest	Info: *Value for IsCredentialProviderRequest:	0	WINDOWSS
2025-05-14 15:23:11	debug		Server-Client	Info: *CheckUserExists server request for Administrator with challenge MOSHdafcf5b5f20ef32d139d706d9c8bae15	0	WINDOWSS
2025-05-14 15:23:11	debug		Server-Client	Info: *CheckUserExists intermediate error code: 21	0	WINDOWSS
2025-05-14 15:23:11	debug		Server-Client	Info: *Server secret used for command CheckUserExists with error code result 21: secretOTP	0	WINDOWSS
========================================
multiotp 5.9.9.1
Your script is running from C:\multiotp\
2025-05-14 15:23:11	debug		System	Debug: **ReadConfigData, stat value for anonymous_stat_last_update was 1747127736	0	WINDOWSS
2025-05-14 15:23:11	debug		System	Debug: **ReadConfigData, stat value for create_host was WINDOWSS	0	WINDOWSS
2025-05-14 15:23:11	debug		System	Debug: **ReadConfigData, stat value for create_time was 1747126430	0	WINDOWSS
2025-05-14 15:23:11	debug		System	Debug: **ReadConfigData, stat value for last_update was 1747127736	0	WINDOWSS
2025-05-14 15:23:11	debug		System	Debug: **ReadConfigData, stat value for last_update_host was WINDOWSS	0	WINDOWSS
2025-05-14 15:23:11	debug		System	Debug: **ReadConfigData, stat value for encryption_hash was 99CCFC0D033729754B6BB4832FE786A1	0	WINDOWSS
2025-05-14 15:23:11	debug		System	Debug: **ReadConfigData, stat value for anonymous_stat_last_update was 1747127736	0	WINDOWSS
2025-05-14 15:23:11	debug		System	Debug: **ReadConfigData, stat value for create_host was WINDOWSS	0	WINDOWSS
2025-05-14 15:23:11	debug		System	Debug: **ReadConfigData, stat value for create_time was 1747126430	0	WINDOWSS
2025-05-14 15:23:11	debug		System	Debug: **ReadConfigData, stat value for last_update was 1747127736	0	WINDOWSS
2025-05-14 15:23:11	debug		System	Debug: **ReadConfigData, stat value for last_update_host was WINDOWSS	0	WINDOWSS
2025-05-14 15:23:11	debug		System	Debug: **ReadConfigData, stat value for encryption_hash was 99CCFC0D033729754B6BB4832FE786A1	0	WINDOWSS
2025-05-14 15:23:11	debug		CredentialProviderRequest	Info: *Value for IsCredentialProviderRequest:	0	WINDOWSS
2025-05-14 15:23:11	debug		Server-Client	Info: *ReadUserData server request for Administrator	0	WINDOWSS
2025-05-14 15:23:11	warning		System	Error: database file C:\multiotp\users\administrator.db for user Administrator does not exist or is not readable	0	WINDOWSS
2025-05-14 15:23:11	debug		Server-Client	Info: *Server secret used for command ReadUserData with error code result 21: secretOTP	0	WINDOWSS
========================================
multiotp 5.9.9.1
Your script is running from C:\multiotp\
2025-05-14 15:23:16	debug		System	Debug: **ReadConfigData, stat value for anonymous_stat_last_update was 1747127736	0	WINDOWSS
2025-05-14 15:23:16	debug		System	Debug: **ReadConfigData, stat value for create_host was WINDOWSS	0	WINDOWSS
2025-05-14 15:23:16	debug		System	Debug: **ReadConfigData, stat value for create_time was 1747126430	0	WINDOWSS
2025-05-14 15:23:16	debug		System	Debug: **ReadConfigData, stat value for last_update was 1747127736	0	WINDOWSS
2025-05-14 15:23:16	debug		System	Debug: **ReadConfigData, stat value for last_update_host was WINDOWSS	0	WINDOWSS
2025-05-14 15:23:16	debug		System	Debug: **ReadConfigData, stat value for encryption_hash was 99CCFC0D033729754B6BB4832FE786A1	0	WINDOWSS
2025-05-14 15:23:16	debug		System	Debug: **ReadConfigData, stat value for anonymous_stat_last_update was 1747127736	0	WINDOWSS
2025-05-14 15:23:16	debug		System	Debug: **ReadConfigData, stat value for create_host was WINDOWSS	0	WINDOWSS
2025-05-14 15:23:16	debug		System	Debug: **ReadConfigData, stat value for create_time was 1747126430	0	WINDOWSS
2025-05-14 15:23:16	debug		System	Debug: **ReadConfigData, stat value for last_update was 1747127736	0	WINDOWSS
2025-05-14 15:23:16	debug		System	Debug: **ReadConfigData, stat value for last_update_host was WINDOWSS	0	WINDOWSS
2025-05-14 15:23:16	debug		System	Debug: **ReadConfigData, stat value for encryption_hash was 99CCFC0D033729754B6BB4832FE786A1	0	WINDOWSS
2025-05-14 15:23:16	debug		CredentialProviderRequest	Info: *Value for IsCredentialProviderRequest:	0	WINDOWSS
2025-05-14 15:23:16	debug		Server-Client	Info: *CheckUserExists server request for Administrator with challenge MOSH80b5efe47d3afa315ed90dc828715a7d	0	WINDOWSS
2025-05-14 15:23:16	debug		Server-Client	Info: *CheckUserExists intermediate error code: 21	0	WINDOWSS
2025-05-14 15:23:16	debug		Server-Client	Info: *Server secret used for command CheckUserExists with error code result 21: secretOTP	0	WINDOWSS
========================================
multiotp 5.9.9.1
Your script is running from C:\multiotp\
2025-05-14 15:23:16	debug		System	Debug: **ReadConfigData, stat value for anonymous_stat_last_update was 1747127736	0	WINDOWSS
2025-05-14 15:23:16	debug		System	Debug: **ReadConfigData, stat value for create_host was WINDOWSS	0	WINDOWSS
2025-05-14 15:23:16	debug		System	Debug: **ReadConfigData, stat value for create_time was 1747126430	0	WINDOWSS
2025-05-14 15:23:16	debug		System	Debug: **ReadConfigData, stat value for last_update was 1747127736	0	WINDOWSS
2025-05-14 15:23:16	debug		System	Debug: **ReadConfigData, stat value for last_update_host was WINDOWSS	0	WINDOWSS
2025-05-14 15:23:16	debug		System	Debug: **ReadConfigData, stat value for encryption_hash was 99CCFC0D033729754B6BB4832FE786A1	0	WINDOWSS
2025-05-14 15:23:16	debug		System	Debug: **ReadConfigData, stat value for anonymous_stat_last_update was 1747127736	0	WINDOWSS
2025-05-14 15:23:16	debug		System	Debug: **ReadConfigData, stat value for create_host was WINDOWSS	0	WINDOWSS
2025-05-14 15:23:16	debug		System	Debug: **ReadConfigData, stat value for create_time was 1747126430	0	WINDOWSS
2025-05-14 15:23:16	debug		System	Debug: **ReadConfigData, stat value for last_update was 1747127736	0	WINDOWSS
2025-05-14 15:23:16	debug		System	Debug: **ReadConfigData, stat value for last_update_host was WINDOWSS	0	WINDOWSS
2025-05-14 15:23:16	debug		System	Debug: **ReadConfigData, stat value for encryption_hash was 99CCFC0D033729754B6BB4832FE786A1	0	WINDOWSS
2025-05-14 15:23:16	debug		CredentialProviderRequest	Info: *Value for IsCredentialProviderRequest:	0	WINDOWSS
2025-05-14 15:23:16	debug		Server-Client	Info: *ReadUserData server request for Administrator	0	WINDOWSS
2025-05-14 15:23:16	warning		System	Error: database file C:\multiotp\users\administrator.db for user Administrator does not exist or is not readable	0	WINDOWSS
2025-05-14 15:23:16	debug		Server-Client	Info: *Server secret used for command ReadUserData with error code result 21: secretOTP	0	WINDOWSS
========================================
multiotp 5.9.9.1
Your script is running from C:\multiotp\
2025-05-14 15:25:57	debug		System	Debug: **ReadConfigData, stat value for anonymous_stat_last_update was 1747127736	0	WINDOWSS
2025-05-14 15:25:57	debug		System	Debug: **ReadConfigData, stat value for create_host was WINDOWSS	0	WINDOWSS
2025-05-14 15:25:57	debug		System	Debug: **ReadConfigData, stat value for create_time was 1747126430	0	WINDOWSS
2025-05-14 15:25:57	debug		System	Debug: **ReadConfigData, stat value for last_update was 1747127736	0	WINDOWSS
2025-05-14 15:25:57	debug		System	Debug: **ReadConfigData, stat value for last_update_host was WINDOWSS	0	WINDOWSS
2025-05-14 15:25:57	debug		System	Debug: **ReadConfigData, stat value for encryption_hash was 99CCFC0D033729754B6BB4832FE786A1	0	WINDOWSS
2025-05-14 15:25:57	debug		System	Debug: **ReadConfigData, stat value for anonymous_stat_last_update was 1747127736	0	WINDOWSS
2025-05-14 15:25:57	debug		System	Debug: **ReadConfigData, stat value for create_host was WINDOWSS	0	WINDOWSS
2025-05-14 15:25:57	debug		System	Debug: **ReadConfigData, stat value for create_time was 1747126430	0	WINDOWSS
2025-05-14 15:25:57	debug		System	Debug: **ReadConfigData, stat value for last_update was 1747127736	0	WINDOWSS
2025-05-14 15:25:57	debug		System	Debug: **ReadConfigData, stat value for last_update_host was WINDOWSS	0	WINDOWSS
2025-05-14 15:25:57	debug		System	Debug: **ReadConfigData, stat value for encryption_hash was 99CCFC0D033729754B6BB4832FE786A1	0	WINDOWSS
========================================
multiotp 5.9.9.1
Your script is running from C:\multiotp\
2025-05-14 15:25:57	debug		System	Debug: **ReadConfigData, stat value for anonymous_stat_last_update was 1747127736	0	WINDOWSS
2025-05-14 15:25:57	debug		System	Debug: **ReadConfigData, stat value for create_host was WINDOWSS	0	WINDOWSS
2025-05-14 15:25:57	debug		System	Debug: **ReadConfigData, stat value for create_time was 1747126430	0	WINDOWSS
2025-05-14 15:25:57	debug		System	Debug: **ReadConfigData, stat value for last_update was 1747127736	0	WINDOWSS
2025-05-14 15:25:57	debug		System	Debug: **ReadConfigData, stat value for last_update_host was WINDOWSS	0	WINDOWSS
2025-05-14 15:25:57	debug		System	Debug: **ReadConfigData, stat value for encryption_hash was 99CCFC0D033729754B6BB4832FE786A1	0	WINDOWSS
2025-05-14 15:25:57	debug		System	Debug: **ReadConfigData, stat value for anonymous_stat_last_update was 1747127736	0	WINDOWSS
2025-05-14 15:25:57	debug		System	Debug: **ReadConfigData, stat value for create_host was WINDOWSS	0	WINDOWSS
2025-05-14 15:25:57	debug		System	Debug: **ReadConfigData, stat value for create_time was 1747126430	0	WINDOWSS
2025-05-14 15:25:57	debug		System	Debug: **ReadConfigData, stat value for last_update was 1747127736	0	WINDOWSS
2025-05-14 15:25:57	debug		System	Debug: **ReadConfigData, stat value for last_update_host was WINDOWSS	0	WINDOWSS
2025-05-14 15:25:57	debug		System	Debug: **ReadConfigData, stat value for encryption_hash was 99CCFC0D033729754B6BB4832FE786A1	0	WINDOWSS
========================================
multiotp 5.9.9.1
Your script is running from C:\multiotp\
2025-05-14 15:25:58	debug		System	Debug: **ReadConfigData, stat value for anonymous_stat_last_update was 1747127736	0	WINDOWSS
2025-05-14 15:25:58	debug		System	Debug: **ReadConfigData, stat value for create_host was WINDOWSS	0	WINDOWSS
2025-05-14 15:25:58	debug		System	Debug: **ReadConfigData, stat value for create_time was 1747126430	0	WINDOWSS
2025-05-14 15:25:58	debug		System	Debug: **ReadConfigData, stat value for last_update was 1747127736	0	WINDOWSS
2025-05-14 15:25:58	debug		System	Debug: **ReadConfigData, stat value for last_update_host was WINDOWSS	0	WINDOWSS
2025-05-14 15:25:58	debug		System	Debug: **ReadConfigData, stat value for encryption_hash was 99CCFC0D033729754B6BB4832FE786A1	0	WINDOWSS
2025-05-14 15:25:58	debug		System	Debug: **ReadConfigData, stat value for anonymous_stat_last_update was 1747127736	0	WINDOWSS
2025-05-14 15:25:58	debug		System	Debug: **ReadConfigData, stat value for create_host was WINDOWSS	0	WINDOWSS
2025-05-14 15:25:58	debug		System	Debug: **ReadConfigData, stat value for create_time was 1747126430	0	WINDOWSS
2025-05-14 15:25:58	debug		System	Debug: **ReadConfigData, stat value for last_update was 1747127736	0	WINDOWSS
2025-05-14 15:25:58	debug		System	Debug: **ReadConfigData, stat value for last_update_host was WINDOWSS	0	WINDOWSS
2025-05-14 15:25:58	debug		System	Debug: **ReadConfigData, stat value for encryption_hash was 99CCFC0D033729754B6BB4832FE786A1	0	WINDOWSS
========================================
multiotp 5.9.9.1
Your script is running from C:\multiotp\
2025-05-14 15:25:58	debug		System	Debug: **ReadConfigData, stat value for anonymous_stat_last_update was 1747127736	0	WINDOWSS
2025-05-14 15:25:58	debug		System	Debug: **ReadConfigData, stat value for create_host was WINDOWSS	0	WINDOWSS
2025-05-14 15:25:58	debug		System	Debug: **ReadConfigData, stat value for create_time was 1747126430	0	WINDOWSS
2025-05-14 15:25:58	debug		System	Debug: **ReadConfigData, stat value for last_update was 1747127736	0	WINDOWSS
2025-05-14 15:25:58	debug		System	Debug: **ReadConfigData, stat value for last_update_host was WINDOWSS	0	WINDOWSS
2025-05-14 15:25:58	debug		System	Debug: **ReadConfigData, stat value for encryption_hash was 99CCFC0D033729754B6BB4832FE786A1	0	WINDOWSS
2025-05-14 15:25:58	debug		System	Debug: **ReadConfigData, stat value for anonymous_stat_last_update was 1747127736	0	WINDOWSS
2025-05-14 15:25:58	debug		System	Debug: **ReadConfigData, stat value for create_host was WINDOWSS	0	WINDOWSS
2025-05-14 15:25:58	debug		System	Debug: **ReadConfigData, stat value for create_time was 1747126430	0	WINDOWSS
2025-05-14 15:25:58	debug		System	Debug: **ReadConfigData, stat value for last_update was 1747127736	0	WINDOWSS
2025-05-14 15:25:58	debug		System	Debug: **ReadConfigData, stat value for last_update_host was WINDOWSS	0	WINDOWSS
2025-05-14 15:25:58	debug		System	Debug: **ReadConfigData, stat value for encryption_hash was 99CCFC0D033729754B6BB4832FE786A1	0	WINDOWSS
========================================
multiotp 5.9.9.1
Your script is running from C:\multiotp\
2025-05-14 15:25:58	debug		System	Debug: **ReadConfigData, stat value for anonymous_stat_last_update was 1747127736	0	WINDOWSS
2025-05-14 15:25:58	debug		System	Debug: **ReadConfigData, stat value for create_host was WINDOWSS	0	WINDOWSS
2025-05-14 15:25:58	debug		System	Debug: **ReadConfigData, stat value for create_time was 1747126430	0	WINDOWSS
2025-05-14 15:25:58	debug		System	Debug: **ReadConfigData, stat value for last_update was 1747127736	0	WINDOWSS
2025-05-14 15:25:58	debug		System	Debug: **ReadConfigData, stat value for last_update_host was WINDOWSS	0	WINDOWSS
2025-05-14 15:25:58	debug		System	Debug: **ReadConfigData, stat value for encryption_hash was 99CCFC0D033729754B6BB4832FE786A1	0	WINDOWSS
2025-05-14 15:25:58	debug		System	Debug: **ReadConfigData, stat value for anonymous_stat_last_update was 1747127736	0	WINDOWSS
2025-05-14 15:25:58	debug		System	Debug: **ReadConfigData, stat value for create_host was WINDOWSS	0	WINDOWSS
2025-05-14 15:25:58	debug		System	Debug: **ReadConfigData, stat value for create_time was 1747126430	0	WINDOWSS
2025-05-14 15:25:58	debug		System	Debug: **ReadConfigData, stat value for last_update was 1747127736	0	WINDOWSS
2025-05-14 15:25:58	debug		System	Debug: **ReadConfigData, stat value for last_update_host was WINDOWSS	0	WINDOWSS
2025-05-14 15:25:58	debug		System	Debug: **ReadConfigData, stat value for encryption_hash was 99CCFC0D033729754B6BB4832FE786A1	0	WINDOWSS
========================================
multiotp 5.9.9.1
Your script is running from C:\multiotp\
2025-05-14 15:25:58	debug		System	Debug: **ReadConfigData, stat value for anonymous_stat_last_update was 1747127736	0	WINDOWSS
2025-05-14 15:25:58	debug		System	Debug: **ReadConfigData, stat value for create_host was WINDOWSS	0	WINDOWSS
2025-05-14 15:25:58	debug		System	Debug: **ReadConfigData, stat value for create_time was 1747126430	0	WINDOWSS
2025-05-14 15:25:58	debug		System	Debug: **ReadConfigData, stat value for last_update was 1747127736	0	WINDOWSS
2025-05-14 15:25:58	debug		System	Debug: **ReadConfigData, stat value for last_update_host was WINDOWSS	0	WINDOWSS
2025-05-14 15:25:58	debug		System	Debug: **ReadConfigData, stat value for encryption_hash was 99CCFC0D033729754B6BB4832FE786A1	0	WINDOWSS
2025-05-14 15:25:58	debug		System	Debug: **ReadConfigData, stat value for anonymous_stat_last_update was 1747127736	0	WINDOWSS
2025-05-14 15:25:58	debug		System	Debug: **ReadConfigData, stat value for create_host was WINDOWSS	0	WINDOWSS
2025-05-14 15:25:58	debug		System	Debug: **ReadConfigData, stat value for create_time was 1747126430	0	WINDOWSS
2025-05-14 15:25:58	debug		System	Debug: **ReadConfigData, stat value for last_update was 1747127736	0	WINDOWSS
2025-05-14 15:25:58	debug		System	Debug: **ReadConfigData, stat value for last_update_host was WINDOWSS	0	WINDOWSS
2025-05-14 15:25:58	debug		System	Debug: **ReadConfigData, stat value for encryption_hash was 99CCFC0D033729754B6BB4832FE786A1	0	WINDOWSS
========================================
multiotp 5.9.9.1
Your script is running from C:\multiotp\
2025-05-14 15:25:58	debug		System	Debug: **ReadConfigData, stat value for anonymous_stat_last_update was 1747127736	0	WINDOWSS
2025-05-14 15:25:58	debug		System	Debug: **ReadConfigData, stat value for create_host was WINDOWSS	0	WINDOWSS
2025-05-14 15:25:58	debug		System	Debug: **ReadConfigData, stat value for create_time was 1747126430	0	WINDOWSS
2025-05-14 15:25:58	debug		System	Debug: **ReadConfigData, stat value for last_update was 1747127736	0	WINDOWSS
2025-05-14 15:25:58	debug		System	Debug: **ReadConfigData, stat value for last_update_host was WINDOWSS	0	WINDOWSS
2025-05-14 15:25:58	debug		System	Debug: **ReadConfigData, stat value for encryption_hash was 99CCFC0D033729754B6BB4832FE786A1	0	WINDOWSS
2025-05-14 15:25:58	debug		System	Debug: **ReadConfigData, stat value for anonymous_stat_last_update was 1747127736	0	WINDOWSS
2025-05-14 15:25:59	debug		System	Debug: **ReadConfigData, stat value for create_host was WINDOWSS	0	WINDOWSS
2025-05-14 15:25:59	debug		System	Debug: **ReadConfigData, stat value for create_time was 1747126430	0	WINDOWSS
2025-05-14 15:25:59	debug		System	Debug: **ReadConfigData, stat value for last_update was 1747127736	0	WINDOWSS
2025-05-14 15:25:59	debug		System	Debug: **ReadConfigData, stat value for last_update_host was WINDOWSS	0	WINDOWSS
2025-05-14 15:25:59	debug		System	Debug: **ReadConfigData, stat value for encryption_hash was 99CCFC0D033729754B6BB4832FE786A1	0	WINDOWSS
========================================
multiotp 5.9.9.1
Your script is running from C:\multiOTP\.\
2025-05-14 15:26:32	debug		System	Debug: **ReadConfigData, stat value for anonymous_stat_last_update was 1747127736	0	WINDOWSS
2025-05-14 15:26:32	debug		System	Debug: **ReadConfigData, stat value for create_host was WINDOWSS	0	WINDOWSS
2025-05-14 15:26:32	debug		System	Debug: **ReadConfigData, stat value for create_time was 1747126430	0	WINDOWSS
2025-05-14 15:26:32	debug		System	Debug: **ReadConfigData, stat value for last_update was 1747127736	0	WINDOWSS
2025-05-14 15:26:32	debug		System	Debug: **ReadConfigData, stat value for last_update_host was WINDOWSS	0	WINDOWSS
2025-05-14 15:26:32	debug		System	Debug: **ReadConfigData, stat value for encryption_hash was 99CCFC0D033729754B6BB4832FE786A1	0	WINDOWSS
2025-05-14 15:26:32	debug		System	Debug: **ReadConfigData, stat value for anonymous_stat_last_update was 1747127736	0	WINDOWSS
2025-05-14 15:26:32	debug		System	Debug: **ReadConfigData, stat value for create_host was WINDOWSS	0	WINDOWSS
2025-05-14 15:26:32	debug		System	Debug: **ReadConfigData, stat value for create_time was 1747126430	0	WINDOWSS
2025-05-14 15:26:32	debug		System	Debug: **ReadConfigData, stat value for last_update was 1747127736	0	WINDOWSS
2025-05-14 15:26:32	debug		System	Debug: **ReadConfigData, stat value for last_update_host was WINDOWSS	0	WINDOWSS
2025-05-14 15:26:32	debug		System	Debug: **ReadConfigData, stat value for encryption_hash was 99CCFC0D033729754B6BB4832FE786A1	0	WINDOWSS
2025-05-14 15:26:32	debug		LDAP	Debug: *AD/LDAP synchronization started at 15:26:32 / Memory used: 14.6MB / Peak: 27.2MB	0	WINDOWSS
2025-05-14 15:26:32	info		LDAP	Info: AD/LDAP synchronization started	0	WINDOWSS
2025-05-14 15:26:32	debug		System	Debug: *LDAP cache folder value: C:\Users\Administrator\AppData\Local\Temp\.ldap_cache/	0	WINDOWSS
2025-05-14 15:26:32	debug		System	Info: *File created: C:\multiOTP\.\users\administrator.db	1	WINDOWSS
2025-05-14 15:26:32	info		System	Info: User administrator automatically created	1	WINDOWSS
2025-05-14 15:26:33	info		LDAP	Info: 1 user created, based on 5 LDAP entries (processed in 00:00:01)	0	WINDOWSS
2025-05-14 15:26:33	debug		Debug	Debug: *19 INFO: Requested operation successfully done	0	WINDOWSS
========================================
multiotp 5.9.9.1
Your script is running from C:\multiotp\
2025-05-14 15:26:39	debug		System	Debug: **ReadConfigData, stat value for anonymous_stat_last_update was 1747127736	0	WINDOWSS
2025-05-14 15:26:39	debug		System	Debug: **ReadConfigData, stat value for create_host was WINDOWSS	0	WINDOWSS
2025-05-14 15:26:39	debug		System	Debug: **ReadConfigData, stat value for create_time was 1747126430	0	WINDOWSS
2025-05-14 15:26:39	debug		System	Debug: **ReadConfigData, stat value for last_update was 1747127736	0	WINDOWSS
2025-05-14 15:26:39	debug		System	Debug: **ReadConfigData, stat value for last_update_host was WINDOWSS	0	WINDOWSS
2025-05-14 15:26:39	debug		System	Debug: **ReadConfigData, stat value for encryption_hash was 99CCFC0D033729754B6BB4832FE786A1	0	WINDOWSS
2025-05-14 15:26:39	debug		System	Debug: **ReadConfigData, stat value for anonymous_stat_last_update was 1747127736	0	WINDOWSS
2025-05-14 15:26:39	debug		System	Debug: **ReadConfigData, stat value for create_host was WINDOWSS	0	WINDOWSS
2025-05-14 15:26:39	debug		System	Debug: **ReadConfigData, stat value for create_time was 1747126430	0	WINDOWSS
2025-05-14 15:26:39	debug		System	Debug: **ReadConfigData, stat value for last_update was 1747127736	0	WINDOWSS
2025-05-14 15:26:39	debug		System	Debug: **ReadConfigData, stat value for last_update_host was WINDOWSS	0	WINDOWSS
2025-05-14 15:26:39	debug		System	Debug: **ReadConfigData, stat value for encryption_hash was 99CCFC0D033729754B6BB4832FE786A1	0	WINDOWSS
========================================
multiotp 5.9.9.1
Your script is running from C:\multiotp\
2025-05-14 15:26:40	debug		System	Debug: **ReadConfigData, stat value for anonymous_stat_last_update was 1747127736	0	WINDOWSS
2025-05-14 15:26:40	debug		System	Debug: **ReadConfigData, stat value for create_host was WINDOWSS	0	WINDOWSS
2025-05-14 15:26:40	debug		System	Debug: **ReadConfigData, stat value for create_time was 1747126430	0	WINDOWSS
2025-05-14 15:26:40	debug		System	Debug: **ReadConfigData, stat value for last_update was 1747127736	0	WINDOWSS
2025-05-14 15:26:40	debug		System	Debug: **ReadConfigData, stat value for last_update_host was WINDOWSS	0	WINDOWSS
2025-05-14 15:26:40	debug		System	Debug: **ReadConfigData, stat value for encryption_hash was 99CCFC0D033729754B6BB4832FE786A1	0	WINDOWSS
2025-05-14 15:26:40	debug		System	Debug: **ReadConfigData, stat value for anonymous_stat_last_update was 1747127736	0	WINDOWSS
2025-05-14 15:26:40	debug		System	Debug: **ReadConfigData, stat value for create_host was WINDOWSS	0	WINDOWSS
2025-05-14 15:26:40	debug		System	Debug: **ReadConfigData, stat value for create_time was 1747126430	0	WINDOWSS
2025-05-14 15:26:40	debug		System	Debug: **ReadConfigData, stat value for last_update was 1747127736	0	WINDOWSS
2025-05-14 15:26:40	debug		System	Debug: **ReadConfigData, stat value for last_update_host was WINDOWSS	0	WINDOWSS
2025-05-14 15:26:40	debug		System	Debug: **ReadConfigData, stat value for encryption_hash was 99CCFC0D033729754B6BB4832FE786A1	0	WINDOWSS
========================================
multiotp 5.9.9.1
Your script is running from C:\multiotp\
2025-05-14 15:26:40	debug		System	Debug: **ReadConfigData, stat value for anonymous_stat_last_update was 1747127736	0	WINDOWSS
2025-05-14 15:26:40	debug		System	Debug: **ReadConfigData, stat value for create_host was WINDOWSS	0	WINDOWSS
2025-05-14 15:26:40	debug		System	Debug: **ReadConfigData, stat value for create_time was 1747126430	0	WINDOWSS
2025-05-14 15:26:40	debug		System	Debug: **ReadConfigData, stat value for last_update was 1747127736	0	WINDOWSS
2025-05-14 15:26:40	debug		System	Debug: **ReadConfigData, stat value for last_update_host was WINDOWSS	0	WINDOWSS
2025-05-14 15:26:40	debug		System	Debug: **ReadConfigData, stat value for encryption_hash was 99CCFC0D033729754B6BB4832FE786A1	0	WINDOWSS
2025-05-14 15:26:40	debug		System	Debug: **ReadConfigData, stat value for anonymous_stat_last_update was 1747127736	0	WINDOWSS
2025-05-14 15:26:40	debug		System	Debug: **ReadConfigData, stat value for create_host was WINDOWSS	0	WINDOWSS
2025-05-14 15:26:40	debug		System	Debug: **ReadConfigData, stat value for create_time was 1747126430	0	WINDOWSS
2025-05-14 15:26:40	debug		System	Debug: **ReadConfigData, stat value for last_update was 1747127736	0	WINDOWSS
2025-05-14 15:26:40	debug		System	Debug: **ReadConfigData, stat value for last_update_host was WINDOWSS	0	WINDOWSS
2025-05-14 15:26:40	debug		System	Debug: **ReadConfigData, stat value for encryption_hash was 99CCFC0D033729754B6BB4832FE786A1	0	WINDOWSS
========================================
multiotp 5.9.9.1
Your script is running from C:\multiotp\
2025-05-14 15:26:40	debug		System	Debug: **ReadConfigData, stat value for anonymous_stat_last_update was 1747127736	0	WINDOWSS
2025-05-14 15:26:40	debug		System	Debug: **ReadConfigData, stat value for create_host was WINDOWSS	0	WINDOWSS
2025-05-14 15:26:40	debug		System	Debug: **ReadConfigData, stat value for create_time was 1747126430	0	WINDOWSS
2025-05-14 15:26:40	debug		System	Debug: **ReadConfigData, stat value for last_update was 1747127736	0	WINDOWSS
2025-05-14 15:26:40	debug		System	Debug: **ReadConfigData, stat value for last_update_host was WINDOWSS	0	WINDOWSS
2025-05-14 15:26:40	debug		System	Debug: **ReadConfigData, stat value for encryption_hash was 99CCFC0D033729754B6BB4832FE786A1	0	WINDOWSS
2025-05-14 15:26:40	debug		System	Debug: **ReadConfigData, stat value for anonymous_stat_last_update was 1747127736	0	WINDOWSS
2025-05-14 15:26:40	debug		System	Debug: **ReadConfigData, stat value for create_host was WINDOWSS	0	WINDOWSS
2025-05-14 15:26:40	debug		System	Debug: **ReadConfigData, stat value for create_time was 1747126430	0	WINDOWSS
2025-05-14 15:26:40	debug		System	Debug: **ReadConfigData, stat value for last_update was 1747127736	0	WINDOWSS
2025-05-14 15:26:40	debug		System	Debug: **ReadConfigData, stat value for last_update_host was WINDOWSS	0	WINDOWSS
2025-05-14 15:26:40	debug		System	Debug: **ReadConfigData, stat value for encryption_hash was 99CCFC0D033729754B6BB4832FE786A1	0	WINDOWSS
========================================
multiotp 5.9.9.1
Your script is running from C:\multiotp\
2025-05-14 15:26:40	debug		System	Debug: **ReadConfigData, stat value for anonymous_stat_last_update was 1747127736	0	WINDOWSS
2025-05-14 15:26:40	debug		System	Debug: **ReadConfigData, stat value for create_host was WINDOWSS	0	WINDOWSS
2025-05-14 15:26:40	debug		System	Debug: **ReadConfigData, stat value for create_time was 1747126430	0	WINDOWSS
2025-05-14 15:26:40	debug		System	Debug: **ReadConfigData, stat value for last_update was 1747127736	0	WINDOWSS
2025-05-14 15:26:40	debug		System	Debug: **ReadConfigData, stat value for last_update_host was WINDOWSS	0	WINDOWSS
2025-05-14 15:26:40	debug		System	Debug: **ReadConfigData, stat value for encryption_hash was 99CCFC0D033729754B6BB4832FE786A1	0	WINDOWSS
2025-05-14 15:26:40	debug		System	Debug: **ReadConfigData, stat value for anonymous_stat_last_update was 1747127736	0	WINDOWSS
2025-05-14 15:26:40	debug		System	Debug: **ReadConfigData, stat value for create_host was WINDOWSS	0	WINDOWSS
2025-05-14 15:26:40	debug		System	Debug: **ReadConfigData, stat value for create_time was 1747126430	0	WINDOWSS
2025-05-14 15:26:40	debug		System	Debug: **ReadConfigData, stat value for last_update was 1747127736	0	WINDOWSS
2025-05-14 15:26:40	debug		System	Debug: **ReadConfigData, stat value for last_update_host was WINDOWSS	0	WINDOWSS
2025-05-14 15:26:40	debug		System	Debug: **ReadConfigData, stat value for encryption_hash was 99CCFC0D033729754B6BB4832FE786A1	0	WINDOWSS
========================================
multiotp 5.9.9.1
Your script is running from C:\multiotp\
2025-05-14 15:26:40	debug		System	Debug: **ReadConfigData, stat value for anonymous_stat_last_update was 1747127736	0	WINDOWSS
2025-05-14 15:26:40	debug		System	Debug: **ReadConfigData, stat value for create_host was WINDOWSS	0	WINDOWSS
2025-05-14 15:26:40	debug		System	Debug: **ReadConfigData, stat value for create_time was 1747126430	0	WINDOWSS
2025-05-14 15:26:40	debug		System	Debug: **ReadConfigData, stat value for last_update was 1747127736	0	WINDOWSS
2025-05-14 15:26:40	debug		System	Debug: **ReadConfigData, stat value for last_update_host was WINDOWSS	0	WINDOWSS
2025-05-14 15:26:40	debug		System	Debug: **ReadConfigData, stat value for encryption_hash was 99CCFC0D033729754B6BB4832FE786A1	0	WINDOWSS
2025-05-14 15:26:40	debug		System	Debug: **ReadConfigData, stat value for anonymous_stat_last_update was 1747127736	0	WINDOWSS
2025-05-14 15:26:40	debug		System	Debug: **ReadConfigData, stat value for create_host was WINDOWSS	0	WINDOWSS
2025-05-14 15:26:40	debug		System	Debug: **ReadConfigData, stat value for create_time was 1747126430	0	WINDOWSS
2025-05-14 15:26:40	debug		System	Debug: **ReadConfigData, stat value for last_update was 1747127736	0	WINDOWSS
2025-05-14 15:26:40	debug		System	Debug: **ReadConfigData, stat value for last_update_host was WINDOWSS	0	WINDOWSS
2025-05-14 15:26:40	debug		System	Debug: **ReadConfigData, stat value for encryption_hash was 99CCFC0D033729754B6BB4832FE786A1	0	WINDOWSS
========================================
multiotp 5.9.9.1
Your script is running from C:\multiotp\
2025-05-14 15:26:41	debug		System	Debug: **ReadConfigData, stat value for anonymous_stat_last_update was 1747127736	0	WINDOWSS
2025-05-14 15:26:41	debug		System	Debug: **ReadConfigData, stat value for create_host was WINDOWSS	0	WINDOWSS
2025-05-14 15:26:41	debug		System	Debug: **ReadConfigData, stat value for create_time was 1747126430	0	WINDOWSS
2025-05-14 15:26:41	debug		System	Debug: **ReadConfigData, stat value for last_update was 1747127736	0	WINDOWSS
2025-05-14 15:26:41	debug		System	Debug: **ReadConfigData, stat value for last_update_host was WINDOWSS	0	WINDOWSS
2025-05-14 15:26:41	debug		System	Debug: **ReadConfigData, stat value for encryption_hash was 99CCFC0D033729754B6BB4832FE786A1	0	WINDOWSS
2025-05-14 15:26:41	debug		System	Debug: **ReadConfigData, stat value for anonymous_stat_last_update was 1747127736	0	WINDOWSS
2025-05-14 15:26:41	debug		System	Debug: **ReadConfigData, stat value for create_host was WINDOWSS	0	WINDOWSS
2025-05-14 15:26:41	debug		System	Debug: **ReadConfigData, stat value for create_time was 1747126430	0	WINDOWSS
2025-05-14 15:26:41	debug		System	Debug: **ReadConfigData, stat value for last_update was 1747127736	0	WINDOWSS
2025-05-14 15:26:41	debug		System	Debug: **ReadConfigData, stat value for last_update_host was WINDOWSS	0	WINDOWSS
2025-05-14 15:26:41	debug		System	Debug: **ReadConfigData, stat value for encryption_hash was 99CCFC0D033729754B6BB4832FE786A1	0	WINDOWSS
========================================
multiotp 5.9.9.1
Your script is running from C:\multiotp\
2025-05-14 15:26:43	debug		System	Debug: **ReadConfigData, stat value for anonymous_stat_last_update was 1747127736	0	WINDOWSS
2025-05-14 15:26:43	debug		System	Debug: **ReadConfigData, stat value for create_host was WINDOWSS	0	WINDOWSS
2025-05-14 15:26:43	debug		System	Debug: **ReadConfigData, stat value for create_time was 1747126430	0	WINDOWSS
2025-05-14 15:26:43	debug		System	Debug: **ReadConfigData, stat value for last_update was 1747127736	0	WINDOWSS
2025-05-14 15:26:43	debug		System	Debug: **ReadConfigData, stat value for last_update_host was WINDOWSS	0	WINDOWSS
2025-05-14 15:26:43	debug		System	Debug: **ReadConfigData, stat value for encryption_hash was 99CCFC0D033729754B6BB4832FE786A1	0	WINDOWSS
2025-05-14 15:26:43	debug		System	Debug: **ReadConfigData, stat value for anonymous_stat_last_update was 1747127736	0	WINDOWSS
2025-05-14 15:26:43	debug		System	Debug: **ReadConfigData, stat value for create_host was WINDOWSS	0	WINDOWSS
2025-05-14 15:26:43	debug		System	Debug: **ReadConfigData, stat value for create_time was 1747126430	0	WINDOWSS
2025-05-14 15:26:43	debug		System	Debug: **ReadConfigData, stat value for last_update was 1747127736	0	WINDOWSS
2025-05-14 15:26:43	debug		System	Debug: **ReadConfigData, stat value for last_update_host was WINDOWSS	0	WINDOWSS
2025-05-14 15:26:43	debug		System	Debug: **ReadConfigData, stat value for encryption_hash was 99CCFC0D033729754B6BB4832FE786A1	0	WINDOWSS
========================================
multiotp 5.9.9.1
Your script is running from C:\multiotp\
2025-05-14 15:26:44	debug		System	Debug: **ReadConfigData, stat value for anonymous_stat_last_update was 1747127736	0	WINDOWSS
2025-05-14 15:26:44	debug		System	Debug: **ReadConfigData, stat value for create_host was WINDOWSS	0	WINDOWSS
2025-05-14 15:26:44	debug		System	Debug: **ReadConfigData, stat value for create_time was 1747126430	0	WINDOWSS
2025-05-14 15:26:44	debug		System	Debug: **ReadConfigData, stat value for last_update was 1747127736	0	WINDOWSS
2025-05-14 15:26:44	debug		System	Debug: **ReadConfigData, stat value for last_update_host was WINDOWSS	0	WINDOWSS
2025-05-14 15:26:44	debug		System	Debug: **ReadConfigData, stat value for encryption_hash was 99CCFC0D033729754B6BB4832FE786A1	0	WINDOWSS
2025-05-14 15:26:44	debug		System	Debug: **ReadConfigData, stat value for anonymous_stat_last_update was 1747127736	0	WINDOWSS
2025-05-14 15:26:44	debug		System	Debug: **ReadConfigData, stat value for create_host was WINDOWSS	0	WINDOWSS
2025-05-14 15:26:44	debug		System	Debug: **ReadConfigData, stat value for create_time was 1747126430	0	WINDOWSS
2025-05-14 15:26:44	debug		System	Debug: **ReadConfigData, stat value for last_update was 1747127736	0	WINDOWSS
2025-05-14 15:26:44	debug		System	Debug: **ReadConfigData, stat value for last_update_host was WINDOWSS	0	WINDOWSS
2025-05-14 15:26:44	debug		System	Debug: **ReadConfigData, stat value for encryption_hash was 99CCFC0D033729754B6BB4832FE786A1	0	WINDOWSS
========================================
multiotp 5.9.9.1
Your script is running from C:\multiotp\
2025-05-14 15:27:56	debug		System	Debug: **ReadConfigData, stat value for anonymous_stat_last_update was 1747127736	0	WINDOWSS
2025-05-14 15:27:56	debug		System	Debug: **ReadConfigData, stat value for create_host was WINDOWSS	0	WINDOWSS
2025-05-14 15:27:56	debug		System	Debug: **ReadConfigData, stat value for create_time was 1747126430	0	WINDOWSS
2025-05-14 15:27:56	debug		System	Debug: **ReadConfigData, stat value for last_update was 1747127736	0	WINDOWSS
2025-05-14 15:27:56	debug		System	Debug: **ReadConfigData, stat value for last_update_host was WINDOWSS	0	WINDOWSS
2025-05-14 15:27:56	debug		System	Debug: **ReadConfigData, stat value for encryption_hash was 99CCFC0D033729754B6BB4832FE786A1	0	WINDOWSS
2025-05-14 15:27:56	debug		System	Debug: **ReadConfigData, stat value for anonymous_stat_last_update was 1747127736	0	WINDOWSS
2025-05-14 15:27:56	debug		System	Debug: **ReadConfigData, stat value for create_host was WINDOWSS	0	WINDOWSS
2025-05-14 15:27:56	debug		System	Debug: **ReadConfigData, stat value for create_time was 1747126430	0	WINDOWSS
2025-05-14 15:27:56	debug		System	Debug: **ReadConfigData, stat value for last_update was 1747127736	0	WINDOWSS
2025-05-14 15:27:56	debug		System	Debug: **ReadConfigData, stat value for last_update_host was WINDOWSS	0	WINDOWSS
2025-05-14 15:27:56	debug		System	Debug: **ReadConfigData, stat value for encryption_hash was 99CCFC0D033729754B6BB4832FE786A1	0	WINDOWSS
2025-05-14 15:27:56	debug		CredentialProviderRequest	Info: *Value for IsCredentialProviderRequest:	0	WINDOWSS
2025-05-14 15:27:56	debug		Server-Client	Info: *CheckUserExists server request for Administrator with challenge MOSH575ca79016d44412c7725636b88afedb	0	WINDOWSS
2025-05-14 15:27:57	debug		Server-Client	Info: *CheckUserExists intermediate error code: 22	0	WINDOWSS
2025-05-14 15:27:57	debug		Server-Client	Info: *Server secret used for command CheckUserExists with error code result 22: secretOTP	0	WINDOWSS
========================================
multiotp 5.9.9.1
Your script is running from C:\multiotp\
2025-05-14 15:27:57	debug		System	Debug: **ReadConfigData, stat value for anonymous_stat_last_update was 1747127736	0	WINDOWSS
2025-05-14 15:27:57	debug		System	Debug: **ReadConfigData, stat value for create_host was WINDOWSS	0	WINDOWSS
2025-05-14 15:27:57	debug		System	Debug: **ReadConfigData, stat value for create_time was 1747126430	0	WINDOWSS
2025-05-14 15:27:57	debug		System	Debug: **ReadConfigData, stat value for last_update was 1747127736	0	WINDOWSS
2025-05-14 15:27:57	debug		System	Debug: **ReadConfigData, stat value for last_update_host was WINDOWSS	0	WINDOWSS
2025-05-14 15:27:57	debug		System	Debug: **ReadConfigData, stat value for encryption_hash was 99CCFC0D033729754B6BB4832FE786A1	0	WINDOWSS
2025-05-14 15:27:57	debug		System	Debug: **ReadConfigData, stat value for anonymous_stat_last_update was 1747127736	0	WINDOWSS
2025-05-14 15:27:57	debug		System	Debug: **ReadConfigData, stat value for create_host was WINDOWSS	0	WINDOWSS
2025-05-14 15:27:57	debug		System	Debug: **ReadConfigData, stat value for create_time was 1747126430	0	WINDOWSS
2025-05-14 15:27:57	debug		System	Debug: **ReadConfigData, stat value for last_update was 1747127736	0	WINDOWSS
2025-05-14 15:27:57	debug		System	Debug: **ReadConfigData, stat value for last_update_host was WINDOWSS	0	WINDOWSS
2025-05-14 15:27:57	debug		System	Debug: **ReadConfigData, stat value for encryption_hash was 99CCFC0D033729754B6BB4832FE786A1	0	WINDOWSS
2025-05-14 15:27:57	debug		CredentialProviderRequest	Info: *Value for IsCredentialProviderRequest:	0	WINDOWSS
2025-05-14 15:27:57	debug		Server-Client	Info: *ReadUserData server request for Administrator	0	WINDOWSS
2025-05-14 15:27:57	debug		Server-Client	Info: *Server secret used for command ReadUserData with error code result 19: secretOTP	0	WINDOWSS
========================================
multiotp 5.9.9.1
Your script is running from C:\multiotp\
2025-05-14 15:27:57	debug		System	Debug: **ReadConfigData, stat value for anonymous_stat_last_update was 1747127736	0	WINDOWSS
2025-05-14 15:27:57	debug		System	Debug: **ReadConfigData, stat value for create_host was WINDOWSS	0	WINDOWSS
2025-05-14 15:27:57	debug		System	Debug: **ReadConfigData, stat value for create_time was 1747126430	0	WINDOWSS
2025-05-14 15:27:57	debug		System	Debug: **ReadConfigData, stat value for last_update was 1747127736	0	WINDOWSS
2025-05-14 15:27:57	debug		System	Debug: **ReadConfigData, stat value for last_update_host was WINDOWSS	0	WINDOWSS
2025-05-14 15:27:57	debug		System	Debug: **ReadConfigData, stat value for encryption_hash was 99CCFC0D033729754B6BB4832FE786A1	0	WINDOWSS
2025-05-14 15:27:57	debug		System	Debug: **ReadConfigData, stat value for anonymous_stat_last_update was 1747127736	0	WINDOWSS
2025-05-14 15:27:57	debug		System	Debug: **ReadConfigData, stat value for create_host was WINDOWSS	0	WINDOWSS
2025-05-14 15:27:57	debug		System	Debug: **ReadConfigData, stat value for create_time was 1747126430	0	WINDOWSS
2025-05-14 15:27:57	debug		System	Debug: **ReadConfigData, stat value for last_update was 1747127736	0	WINDOWSS
2025-05-14 15:27:57	debug		System	Debug: **ReadConfigData, stat value for last_update_host was WINDOWSS	0	WINDOWSS
2025-05-14 15:27:57	debug		System	Debug: **ReadConfigData, stat value for encryption_hash was 99CCFC0D033729754B6BB4832FE786A1	0	WINDOWSS
2025-05-14 15:27:57	debug		CredentialProviderRequest	Info: *Value for IsCredentialProviderRequest:	0	WINDOWSS
2025-05-14 15:27:57	debug		Server-Client	Info: *ReadUserData server request for administrator	0	WINDOWSS
2025-05-14 15:27:57	debug		Server-Client	Info: *Server secret used for command ReadUserData with error code result 19: secretOTP	0	WINDOWSS
========================================
multiotp 5.9.9.1
Your script is running from C:\multiotp\
2025-05-14 15:27:57	debug		System	Debug: **ReadConfigData, stat value for anonymous_stat_last_update was 1747127736	0	WINDOWSS
2025-05-14 15:27:57	debug		System	Debug: **ReadConfigData, stat value for create_host was WINDOWSS	0	WINDOWSS
2025-05-14 15:27:57	debug		System	Debug: **ReadConfigData, stat value for create_time was 1747126430	0	WINDOWSS
2025-05-14 15:27:57	debug		System	Debug: **ReadConfigData, stat value for last_update was 1747127736	0	WINDOWSS
2025-05-14 15:27:57	debug		System	Debug: **ReadConfigData, stat value for last_update_host was WINDOWSS	0	WINDOWSS
2025-05-14 15:27:57	debug		System	Debug: **ReadConfigData, stat value for encryption_hash was 99CCFC0D033729754B6BB4832FE786A1	0	WINDOWSS
2025-05-14 15:27:57	debug		System	Debug: **ReadConfigData, stat value for anonymous_stat_last_update was 1747127736	0	WINDOWSS
2025-05-14 15:27:57	debug		System	Debug: **ReadConfigData, stat value for create_host was WINDOWSS	0	WINDOWSS
2025-05-14 15:27:57	debug		System	Debug: **ReadConfigData, stat value for create_time was 1747126430	0	WINDOWSS
2025-05-14 15:27:57	debug		System	Debug: **ReadConfigData, stat value for last_update was 1747127736	0	WINDOWSS
2025-05-14 15:27:57	debug		System	Debug: **ReadConfigData, stat value for last_update_host was WINDOWSS	0	WINDOWSS
2025-05-14 15:27:57	debug		System	Debug: **ReadConfigData, stat value for encryption_hash was 99CCFC0D033729754B6BB4832FE786A1	0	WINDOWSS
2025-05-14 15:27:57	debug		CredentialProviderRequest	Info: *Value for IsCredentialProviderRequest: 1	0	WINDOWSS
2025-05-14 15:27:57	debug		Server-Client	Info: *CheckUserToken server request.	0	WINDOWSS
2025-05-14 15:27:57	notice	administrator	User	OK: User administrator successfully logged in (using Credential Provider) with TOTP token	0	WINDOWSS
2025-05-14 15:27:57	debug		Server-Client	Info: *Cache level is set to 1	0	WINDOWSS
2025-05-14 15:27:57	debug		Server-Client	Info: *Server secret used for command CheckUserToken with error code result 0: secretOTP	0	WINDOWSS
========================================
multiotp 5.9.9.1
Your script is running from C:\multiOTP\.\
2025-05-14 15:34:35	debug		System	Debug: **ReadConfigData, stat value for anonymous_stat_last_update was 1747127736	0	WINDOWSS
2025-05-14 15:34:35	debug		System	Debug: **ReadConfigData, stat value for create_host was WINDOWSS	0	WINDOWSS
2025-05-14 15:34:35	debug		System	Debug: **ReadConfigData, stat value for create_time was 1747126430	0	WINDOWSS
2025-05-14 15:34:35	debug		System	Debug: **ReadConfigData, stat value for last_update was 1747127736	0	WINDOWSS
2025-05-14 15:34:35	debug		System	Debug: **ReadConfigData, stat value for last_update_host was WINDOWSS	0	WINDOWSS
2025-05-14 15:34:35	debug		System	Debug: **ReadConfigData, stat value for encryption_hash was 99CCFC0D033729754B6BB4832FE786A1	0	WINDOWSS
2025-05-14 15:34:35	debug		System	Debug: **ReadConfigData, stat value for anonymous_stat_last_update was 1747127736	0	WINDOWSS
2025-05-14 15:34:35	debug		System	Debug: **ReadConfigData, stat value for create_host was WINDOWSS	0	WINDOWSS
2025-05-14 15:34:35	debug		System	Debug: **ReadConfigData, stat value for create_time was 1747126430	0	WINDOWSS
2025-05-14 15:34:35	debug		System	Debug: **ReadConfigData, stat value for last_update was 1747127736	0	WINDOWSS
2025-05-14 15:34:35	debug		System	Debug: **ReadConfigData, stat value for last_update_host was WINDOWSS	0	WINDOWSS
2025-05-14 15:34:35	debug		System	Debug: **ReadConfigData, stat value for encryption_hash was 99CCFC0D033729754B6BB4832FE786A1	0	WINDOWSS
2025-05-14 15:34:35	debug		LDAP	Debug: *AD/LDAP synchronization started at 15:34:35 / Memory used: 14.6MB / Peak: 27.2MB	0	WINDOWSS
2025-05-14 15:34:35	info		LDAP	Info: AD/LDAP synchronization started	0	WINDOWSS
2025-05-14 15:34:35	debug		System	Debug: *LDAP cache folder value: C:\Users\Administrator\AppData\Local\Temp\.ldap_cache/	0	WINDOWSS
2025-05-14 15:34:35	info		LDAP	Info: No update for the 5 LDAP synced users, based on 5 LDAP entries (processed in 00:00:00)	0	WINDOWSS
2025-05-14 15:34:35	debug		Debug	Debug: *19 INFO: Requested operation successfully done	0	WINDOWSS
========================================
multiotp 5.9.9.1
Your script is running from C:\multiOTP\.\
2025-05-14 15:35:10	debug		System	Debug: **ReadConfigData, stat value for anonymous_stat_last_update was 1747127736	0	WINDOWSS
2025-05-14 15:35:10	debug		System	Debug: **ReadConfigData, stat value for create_host was WINDOWSS	0	WINDOWSS
2025-05-14 15:35:10	debug		System	Debug: **ReadConfigData, stat value for create_time was 1747126430	0	WINDOWSS
2025-05-14 15:35:10	debug		System	Debug: **ReadConfigData, stat value for last_update was 1747127736	0	WINDOWSS
2025-05-14 15:35:10	debug		System	Debug: **ReadConfigData, stat value for last_update_host was WINDOWSS	0	WINDOWSS
2025-05-14 15:35:10	debug		System	Debug: **ReadConfigData, stat value for encryption_hash was 99CCFC0D033729754B6BB4832FE786A1	0	WINDOWSS
2025-05-14 15:35:10	debug		System	Debug: **ReadConfigData, stat value for anonymous_stat_last_update was 1747127736	0	WINDOWSS
2025-05-14 15:35:10	debug		System	Debug: **ReadConfigData, stat value for create_host was WINDOWSS	0	WINDOWSS
2025-05-14 15:35:10	debug		System	Debug: **ReadConfigData, stat value for create_time was 1747126430	0	WINDOWSS
2025-05-14 15:35:10	debug		System	Debug: **ReadConfigData, stat value for last_update was 1747127736	0	WINDOWSS
2025-05-14 15:35:10	debug		System	Debug: **ReadConfigData, stat value for last_update_host was WINDOWSS	0	WINDOWSS
2025-05-14 15:35:10	debug		System	Debug: **ReadConfigData, stat value for encryption_hash was 99CCFC0D033729754B6BB4832FE786A1	0	WINDOWSS
2025-05-14 15:35:10	debug		LDAP	Debug: *AD/LDAP synchronization started at 15:35:10 / Memory used: 14.6MB / Peak: 27.2MB	0	WINDOWSS
2025-05-14 15:35:10	info		LDAP	Info: AD/LDAP synchronization started	0	WINDOWSS
2025-05-14 15:35:10	debug		System	Debug: *LDAP cache folder value: C:\Users\Administrator\AppData\Local\Temp\.ldap_cache/	0	WINDOWSS
2025-05-14 15:35:10	info		LDAP	Info: No update for the 5 LDAP synced users, based on 5 LDAP entries (processed in 00:00:00)	0	WINDOWSS
2025-05-14 15:35:10	debug		Debug	Debug: *19 INFO: Requested operation successfully done	0	WINDOWSS
========================================
multiotp 5.9.9.1
Your script is running from C:\multiOTP\.\
2025-05-14 15:36:49	debug		System	Debug: **ReadConfigData, stat value for anonymous_stat_last_update was 1747127736	0	WINDOWSS
2025-05-14 15:36:49	debug		System	Debug: **ReadConfigData, stat value for create_host was WINDOWSS	0	WINDOWSS
2025-05-14 15:36:49	debug		System	Debug: **ReadConfigData, stat value for create_time was 1747126430	0	WINDOWSS
2025-05-14 15:36:49	debug		System	Debug: **ReadConfigData, stat value for last_update was 1747127736	0	WINDOWSS
2025-05-14 15:36:49	debug		System	Debug: **ReadConfigData, stat value for last_update_host was WINDOWSS	0	WINDOWSS
2025-05-14 15:36:49	debug		System	Debug: **ReadConfigData, stat value for encryption_hash was 99CCFC0D033729754B6BB4832FE786A1	0	WINDOWSS
2025-05-14 15:36:49	debug		System	Debug: **ReadConfigData, stat value for anonymous_stat_last_update was 1747127736	0	WINDOWSS
2025-05-14 15:36:49	debug		System	Debug: **ReadConfigData, stat value for create_host was WINDOWSS	0	WINDOWSS
2025-05-14 15:36:49	debug		System	Debug: **ReadConfigData, stat value for create_time was 1747126430	0	WINDOWSS
2025-05-14 15:36:49	debug		System	Debug: **ReadConfigData, stat value for last_update was 1747127736	0	WINDOWSS
2025-05-14 15:36:50	debug		System	Debug: **ReadConfigData, stat value for last_update_host was WINDOWSS	0	WINDOWSS
2025-05-14 15:36:50	debug		System	Debug: **ReadConfigData, stat value for encryption_hash was 99CCFC0D033729754B6BB4832FE786A1	0	WINDOWSS
2025-05-14 15:36:50	debug		LDAP	Debug: *AD/LDAP synchronization started at 15:36:50 / Memory used: 14.6MB / Peak: 27.2MB	0	WINDOWSS
2025-05-14 15:36:50	info		LDAP	Info: AD/LDAP synchronization started	0	WINDOWSS
2025-05-14 15:36:50	debug		System	Debug: *LDAP cache folder value: C:\Users\Administrator\AppData\Local\Temp\.ldap_cache/	0	WINDOWSS
2025-05-14 15:36:50	debug		System	Info: *File created: C:\multiOTP\.\users\usuariotest.db	1	WINDOWSS
2025-05-14 15:36:50	info		System	Info: User usuariotest automatically created	1	WINDOWSS
2025-05-14 15:36:50	info		LDAP	Info: 1 user created, based on 6 LDAP entries (processed in 00:00:00)	0	WINDOWSS
2025-05-14 15:36:50	debug		Debug	Debug: *19 INFO: Requested operation successfully done	0	WINDOWSS
========================================
multiotp 5.9.9.1
Your script is running from C:\multiotp\
2025-05-14 15:38:12	debug		System	Debug: **ReadConfigData, stat value for anonymous_stat_last_update was 1747127736	0	WINDOWSS
2025-05-14 15:38:12	debug		System	Debug: **ReadConfigData, stat value for create_host was WINDOWSS	0	WINDOWSS
2025-05-14 15:38:12	debug		System	Debug: **ReadConfigData, stat value for create_time was 1747126430	0	WINDOWSS
2025-05-14 15:38:12	debug		System	Debug: **ReadConfigData, stat value for last_update was 1747127736	0	WINDOWSS
2025-05-14 15:38:12	debug		System	Debug: **ReadConfigData, stat value for last_update_host was WINDOWSS	0	WINDOWSS
2025-05-14 15:38:12	debug		System	Debug: **ReadConfigData, stat value for encryption_hash was 99CCFC0D033729754B6BB4832FE786A1	0	WINDOWSS
2025-05-14 15:38:12	debug		System	Debug: **ReadConfigData, stat value for anonymous_stat_last_update was 1747127736	0	WINDOWSS
2025-05-14 15:38:12	debug		System	Debug: **ReadConfigData, stat value for create_host was WINDOWSS	0	WINDOWSS
2025-05-14 15:38:12	debug		System	Debug: **ReadConfigData, stat value for create_time was 1747126430	0	WINDOWSS
2025-05-14 15:38:12	debug		System	Debug: **ReadConfigData, stat value for last_update was 1747127736	0	WINDOWSS
2025-05-14 15:38:12	debug		System	Debug: **ReadConfigData, stat value for last_update_host was WINDOWSS	0	WINDOWSS
2025-05-14 15:38:12	debug		System	Debug: **ReadConfigData, stat value for encryption_hash was 99CCFC0D033729754B6BB4832FE786A1	0	WINDOWSS
========================================
multiotp 5.9.9.1
Your script is running from C:\multiotp\
2025-05-14 15:38:12	debug		System	Debug: **ReadConfigData, stat value for anonymous_stat_last_update was 1747127736	0	WINDOWSS
2025-05-14 15:38:12	debug		System	Debug: **ReadConfigData, stat value for create_host was WINDOWSS	0	WINDOWSS
2025-05-14 15:38:12	debug		System	Debug: **ReadConfigData, stat value for create_time was 1747126430	0	WINDOWSS
2025-05-14 15:38:12	debug		System	Debug: **ReadConfigData, stat value for last_update was 1747127736	0	WINDOWSS
2025-05-14 15:38:12	debug		System	Debug: **ReadConfigData, stat value for last_update_host was WINDOWSS	0	WINDOWSS
2025-05-14 15:38:12	debug		System	Debug: **ReadConfigData, stat value for encryption_hash was 99CCFC0D033729754B6BB4832FE786A1	0	WINDOWSS
2025-05-14 15:38:12	debug		System	Debug: **ReadConfigData, stat value for anonymous_stat_last_update was 1747127736	0	WINDOWSS
2025-05-14 15:38:12	debug		System	Debug: **ReadConfigData, stat value for create_host was WINDOWSS	0	WINDOWSS
2025-05-14 15:38:12	debug		System	Debug: **ReadConfigData, stat value for create_time was 1747126430	0	WINDOWSS
2025-05-14 15:38:12	debug		System	Debug: **ReadConfigData, stat value for last_update was 1747127736	0	WINDOWSS
2025-05-14 15:38:12	debug		System	Debug: **ReadConfigData, stat value for last_update_host was WINDOWSS	0	WINDOWSS
2025-05-14 15:38:12	debug		System	Debug: **ReadConfigData, stat value for encryption_hash was 99CCFC0D033729754B6BB4832FE786A1	0	WINDOWSS
========================================
multiotp 5.9.9.1
Your script is running from C:\multiotp\
2025-05-14 15:38:12	debug		System	Debug: **ReadConfigData, stat value for anonymous_stat_last_update was 1747127736	0	WINDOWSS
2025-05-14 15:38:12	debug		System	Debug: **ReadConfigData, stat value for create_host was WINDOWSS	0	WINDOWSS
2025-05-14 15:38:12	debug		System	Debug: **ReadConfigData, stat value for create_time was 1747126430	0	WINDOWSS
2025-05-14 15:38:12	debug		System	Debug: **ReadConfigData, stat value for last_update was 1747127736	0	WINDOWSS
2025-05-14 15:38:12	debug		System	Debug: **ReadConfigData, stat value for last_update_host was WINDOWSS	0	WINDOWSS
2025-05-14 15:38:12	debug		System	Debug: **ReadConfigData, stat value for encryption_hash was 99CCFC0D033729754B6BB4832FE786A1	0	WINDOWSS
2025-05-14 15:38:12	debug		System	Debug: **ReadConfigData, stat value for anonymous_stat_last_update was 1747127736	0	WINDOWSS
2025-05-14 15:38:12	debug		System	Debug: **ReadConfigData, stat value for create_host was WINDOWSS	0	WINDOWSS
2025-05-14 15:38:12	debug		System	Debug: **ReadConfigData, stat value for create_time was 1747126430	0	WINDOWSS
2025-05-14 15:38:12	debug		System	Debug: **ReadConfigData, stat value for last_update was 1747127736	0	WINDOWSS
2025-05-14 15:38:12	debug		System	Debug: **ReadConfigData, stat value for last_update_host was WINDOWSS	0	WINDOWSS
2025-05-14 15:38:12	debug		System	Debug: **ReadConfigData, stat value for encryption_hash was 99CCFC0D033729754B6BB4832FE786A1	0	WINDOWSS
========================================
multiotp 5.9.9.1
Your script is running from C:\multiotp\
2025-05-14 15:38:12	debug		System	Debug: **ReadConfigData, stat value for anonymous_stat_last_update was 1747127736	0	WINDOWSS
2025-05-14 15:38:12	debug		System	Debug: **ReadConfigData, stat value for create_host was WINDOWSS	0	WINDOWSS
2025-05-14 15:38:12	debug		System	Debug: **ReadConfigData, stat value for create_time was 1747126430	0	WINDOWSS
2025-05-14 15:38:12	debug		System	Debug: **ReadConfigData, stat value for last_update was 1747127736	0	WINDOWSS
2025-05-14 15:38:12	debug		System	Debug: **ReadConfigData, stat value for last_update_host was WINDOWSS	0	WINDOWSS
2025-05-14 15:38:12	debug		System	Debug: **ReadConfigData, stat value for encryption_hash was 99CCFC0D033729754B6BB4832FE786A1	0	WINDOWSS
2025-05-14 15:38:12	debug		System	Debug: **ReadConfigData, stat value for anonymous_stat_last_update was 1747127736	0	WINDOWSS
2025-05-14 15:38:12	debug		System	Debug: **ReadConfigData, stat value for create_host was WINDOWSS	0	WINDOWSS
2025-05-14 15:38:12	debug		System	Debug: **ReadConfigData, stat value for create_time was 1747126430	0	WINDOWSS
2025-05-14 15:38:12	debug		System	Debug: **ReadConfigData, stat value for last_update was 1747127736	0	WINDOWSS
2025-05-14 15:38:12	debug		System	Debug: **ReadConfigData, stat value for last_update_host was WINDOWSS	0	WINDOWSS
2025-05-14 15:38:12	debug		System	Debug: **ReadConfigData, stat value for encryption_hash was 99CCFC0D033729754B6BB4832FE786A1	0	WINDOWSS
========================================
multiotp 5.9.9.1
Your script is running from C:\multiotp\
2025-05-14 15:38:12	debug		System	Debug: **ReadConfigData, stat value for anonymous_stat_last_update was 1747127736	0	WINDOWSS
2025-05-14 15:38:12	debug		System	Debug: **ReadConfigData, stat value for create_host was WINDOWSS	0	WINDOWSS
2025-05-14 15:38:12	debug		System	Debug: **ReadConfigData, stat value for create_time was 1747126430	0	WINDOWSS
2025-05-14 15:38:12	debug		System	Debug: **ReadConfigData, stat value for last_update was 1747127736	0	WINDOWSS
2025-05-14 15:38:12	debug		System	Debug: **ReadConfigData, stat value for last_update_host was WINDOWSS	0	WINDOWSS
2025-05-14 15:38:12	debug		System	Debug: **ReadConfigData, stat value for encryption_hash was 99CCFC0D033729754B6BB4832FE786A1	0	WINDOWSS
2025-05-14 15:38:12	debug		System	Debug: **ReadConfigData, stat value for anonymous_stat_last_update was 1747127736	0	WINDOWSS
2025-05-14 15:38:12	debug		System	Debug: **ReadConfigData, stat value for create_host was WINDOWSS	0	WINDOWSS
2025-05-14 15:38:12	debug		System	Debug: **ReadConfigData, stat value for create_time was 1747126430	0	WINDOWSS
2025-05-14 15:38:12	debug		System	Debug: **ReadConfigData, stat value for last_update was 1747127736	0	WINDOWSS
2025-05-14 15:38:12	debug		System	Debug: **ReadConfigData, stat value for last_update_host was WINDOWSS	0	WINDOWSS
2025-05-14 15:38:12	debug		System	Debug: **ReadConfigData, stat value for encryption_hash was 99CCFC0D033729754B6BB4832FE786A1	0	WINDOWSS
========================================
multiotp 5.9.9.1
Your script is running from C:\multiotp\
2025-05-14 15:38:12	debug		System	Debug: **ReadConfigData, stat value for anonymous_stat_last_update was 1747127736	0	WINDOWSS
2025-05-14 15:38:12	debug		System	Debug: **ReadConfigData, stat value for create_host was WINDOWSS	0	WINDOWSS
2025-05-14 15:38:12	debug		System	Debug: **ReadConfigData, stat value for create_time was 1747126430	0	WINDOWSS
2025-05-14 15:38:12	debug		System	Debug: **ReadConfigData, stat value for last_update was 1747127736	0	WINDOWSS
2025-05-14 15:38:12	debug		System	Debug: **ReadConfigData, stat value for last_update_host was WINDOWSS	0	WINDOWSS
2025-05-14 15:38:12	debug		System	Debug: **ReadConfigData, stat value for encryption_hash was 99CCFC0D033729754B6BB4832FE786A1	0	WINDOWSS
2025-05-14 15:38:12	debug		System	Debug: **ReadConfigData, stat value for anonymous_stat_last_update was 1747127736	0	WINDOWSS
2025-05-14 15:38:12	debug		System	Debug: **ReadConfigData, stat value for create_host was WINDOWSS	0	WINDOWSS
2025-05-14 15:38:12	debug		System	Debug: **ReadConfigData, stat value for create_time was 1747126430	0	WINDOWSS
2025-05-14 15:38:12	debug		System	Debug: **ReadConfigData, stat value for last_update was 1747127736	0	WINDOWSS
2025-05-14 15:38:12	debug		System	Debug: **ReadConfigData, stat value for last_update_host was WINDOWSS	0	WINDOWSS
2025-05-14 15:38:12	debug		System	Debug: **ReadConfigData, stat value for encryption_hash was 99CCFC0D033729754B6BB4832FE786A1	0	WINDOWSS
========================================
multiotp 5.9.9.1
Your script is running from C:\multiotp\
2025-05-14 15:38:12	debug		System	Debug: **ReadConfigData, stat value for anonymous_stat_last_update was 1747127736	0	WINDOWSS
2025-05-14 15:38:12	debug		System	Debug: **ReadConfigData, stat value for create_host was WINDOWSS	0	WINDOWSS
2025-05-14 15:38:12	debug		System	Debug: **ReadConfigData, stat value for create_time was 1747126430	0	WINDOWSS
2025-05-14 15:38:12	debug		System	Debug: **ReadConfigData, stat value for last_update was 1747127736	0	WINDOWSS
2025-05-14 15:38:12	debug		System	Debug: **ReadConfigData, stat value for last_update_host was WINDOWSS	0	WINDOWSS
2025-05-14 15:38:12	debug		System	Debug: **ReadConfigData, stat value for encryption_hash was 99CCFC0D033729754B6BB4832FE786A1	0	WINDOWSS
2025-05-14 15:38:12	debug		System	Debug: **ReadConfigData, stat value for anonymous_stat_last_update was 1747127736	0	WINDOWSS
2025-05-14 15:38:12	debug		System	Debug: **ReadConfigData, stat value for create_host was WINDOWSS	0	WINDOWSS
2025-05-14 15:38:12	debug		System	Debug: **ReadConfigData, stat value for create_time was 1747126430	0	WINDOWSS
2025-05-14 15:38:12	debug		System	Debug: **ReadConfigData, stat value for last_update was 1747127736	0	WINDOWSS
2025-05-14 15:38:12	debug		System	Debug: **ReadConfigData, stat value for last_update_host was WINDOWSS	0	WINDOWSS
2025-05-14 15:38:12	debug		System	Debug: **ReadConfigData, stat value for encryption_hash was 99CCFC0D033729754B6BB4832FE786A1	0	WINDOWSS
========================================
multiotp 5.9.9.1
Your script is running from C:\multiotp\
2025-05-14 15:38:14	debug		System	Debug: **ReadConfigData, stat value for anonymous_stat_last_update was 1747127736	0	WINDOWSS
2025-05-14 15:38:14	debug		System	Debug: **ReadConfigData, stat value for create_host was WINDOWSS	0	WINDOWSS
2025-05-14 15:38:14	debug		System	Debug: **ReadConfigData, stat value for create_time was 1747126430	0	WINDOWSS
2025-05-14 15:38:14	debug		System	Debug: **ReadConfigData, stat value for last_update was 1747127736	0	WINDOWSS
2025-05-14 15:38:14	debug		System	Debug: **ReadConfigData, stat value for last_update_host was WINDOWSS	0	WINDOWSS
2025-05-14 15:38:14	debug		System	Debug: **ReadConfigData, stat value for encryption_hash was 99CCFC0D033729754B6BB4832FE786A1	0	WINDOWSS
2025-05-14 15:38:14	debug		System	Debug: **ReadConfigData, stat value for anonymous_stat_last_update was 1747127736	0	WINDOWSS
2025-05-14 15:38:14	debug		System	Debug: **ReadConfigData, stat value for create_host was WINDOWSS	0	WINDOWSS
2025-05-14 15:38:14	debug		System	Debug: **ReadConfigData, stat value for create_time was 1747126430	0	WINDOWSS
2025-05-14 15:38:14	debug		System	Debug: **ReadConfigData, stat value for last_update was 1747127736	0	WINDOWSS
2025-05-14 15:38:14	debug		System	Debug: **ReadConfigData, stat value for last_update_host was WINDOWSS	0	WINDOWSS
2025-05-14 15:38:14	debug		System	Debug: **ReadConfigData, stat value for encryption_hash was 99CCFC0D033729754B6BB4832FE786A1	0	WINDOWSS
========================================
multiotp 5.9.9.1
Your script is running from C:\multiotp\
2025-05-14 15:38:15	debug		System	Debug: **ReadConfigData, stat value for anonymous_stat_last_update was 1747127736	0	WINDOWSS
2025-05-14 15:38:15	debug		System	Debug: **ReadConfigData, stat value for create_host was WINDOWSS	0	WINDOWSS
2025-05-14 15:38:15	debug		System	Debug: **ReadConfigData, stat value for create_time was 1747126430	0	WINDOWSS
2025-05-14 15:38:15	debug		System	Debug: **ReadConfigData, stat value for last_update was 1747127736	0	WINDOWSS
2025-05-14 15:38:15	debug		System	Debug: **ReadConfigData, stat value for last_update_host was WINDOWSS	0	WINDOWSS
2025-05-14 15:38:15	debug		System	Debug: **ReadConfigData, stat value for encryption_hash was 99CCFC0D033729754B6BB4832FE786A1	0	WINDOWSS
2025-05-14 15:38:15	debug		System	Debug: **ReadConfigData, stat value for anonymous_stat_last_update was 1747127736	0	WINDOWSS
2025-05-14 15:38:15	debug		System	Debug: **ReadConfigData, stat value for create_host was WINDOWSS	0	WINDOWSS
2025-05-14 15:38:15	debug		System	Debug: **ReadConfigData, stat value for create_time was 1747126430	0	WINDOWSS
2025-05-14 15:38:15	debug		System	Debug: **ReadConfigData, stat value for last_update was 1747127736	0	WINDOWSS
2025-05-14 15:38:15	debug		System	Debug: **ReadConfigData, stat value for last_update_host was WINDOWSS	0	WINDOWSS
2025-05-14 15:38:15	debug		System	Debug: **ReadConfigData, stat value for encryption_hash was 99CCFC0D033729754B6BB4832FE786A1	0	WINDOWSS
========================================
multiotp 5.9.9.1
Your script is running from C:\multiotp\
2025-05-14 15:38:28	debug		System	Debug: **ReadConfigData, stat value for anonymous_stat_last_update was 1747127736	0	WINDOWSS
2025-05-14 15:38:28	debug		System	Debug: **ReadConfigData, stat value for create_host was WINDOWSS	0	WINDOWSS
2025-05-14 15:38:28	debug		System	Debug: **ReadConfigData, stat value for create_time was 1747126430	0	WINDOWSS
2025-05-14 15:38:28	debug		System	Debug: **ReadConfigData, stat value for last_update was 1747127736	0	WINDOWSS
2025-05-14 15:38:28	debug		System	Debug: **ReadConfigData, stat value for last_update_host was WINDOWSS	0	WINDOWSS
2025-05-14 15:38:28	debug		System	Debug: **ReadConfigData, stat value for encryption_hash was 99CCFC0D033729754B6BB4832FE786A1	0	WINDOWSS
2025-05-14 15:38:28	debug		System	Debug: **ReadConfigData, stat value for anonymous_stat_last_update was 1747127736	0	WINDOWSS
2025-05-14 15:38:28	debug		System	Debug: **ReadConfigData, stat value for create_host was WINDOWSS	0	WINDOWSS
2025-05-14 15:38:28	debug		System	Debug: **ReadConfigData, stat value for create_time was 1747126430	0	WINDOWSS
2025-05-14 15:38:28	debug		System	Debug: **ReadConfigData, stat value for last_update was 1747127736	0	WINDOWSS
2025-05-14 15:38:28	debug		System	Debug: **ReadConfigData, stat value for last_update_host was WINDOWSS	0	WINDOWSS
2025-05-14 15:38:28	debug		System	Debug: **ReadConfigData, stat value for encryption_hash was 99CCFC0D033729754B6BB4832FE786A1	0	WINDOWSS
2025-05-14 15:38:28	debug		CredentialProviderRequest	Info: *Value for IsCredentialProviderRequest:	0	WINDOWSS
2025-05-14 15:38:28	debug		Server-Client	Info: *CheckUserExists server request for usuariotest with challenge MOSHf0030e6b8d3a392c4e9028f8cefc83b3	0	WINDOWSS
2025-05-14 15:38:28	debug		Server-Client	Info: *CheckUserExists intermediate error code: 22	0	WINDOWSS
2025-05-14 15:38:28	debug		Server-Client	Info: *Server secret used for command CheckUserExists with error code result 22: secretOTP	0	WINDOWSS
========================================
multiotp 5.9.9.1
Your script is running from C:\multiotp\
2025-05-14 15:38:28	debug		System	Debug: **ReadConfigData, stat value for anonymous_stat_last_update was 1747127736	0	WINDOWSS
2025-05-14 15:38:28	debug		System	Debug: **ReadConfigData, stat value for create_host was WINDOWSS	0	WINDOWSS
2025-05-14 15:38:28	debug		System	Debug: **ReadConfigData, stat value for create_time was 1747126430	0	WINDOWSS
2025-05-14 15:38:28	debug		System	Debug: **ReadConfigData, stat value for last_update was 1747127736	0	WINDOWSS
2025-05-14 15:38:28	debug		System	Debug: **ReadConfigData, stat value for last_update_host was WINDOWSS	0	WINDOWSS
2025-05-14 15:38:28	debug		System	Debug: **ReadConfigData, stat value for encryption_hash was 99CCFC0D033729754B6BB4832FE786A1	0	WINDOWSS
2025-05-14 15:38:28	debug		System	Debug: **ReadConfigData, stat value for anonymous_stat_last_update was 1747127736	0	WINDOWSS
2025-05-14 15:38:28	debug		System	Debug: **ReadConfigData, stat value for create_host was WINDOWSS	0	WINDOWSS
2025-05-14 15:38:28	debug		System	Debug: **ReadConfigData, stat value for create_time was 1747126430	0	WINDOWSS
2025-05-14 15:38:28	debug		System	Debug: **ReadConfigData, stat value for last_update was 1747127736	0	WINDOWSS
2025-05-14 15:38:28	debug		System	Debug: **ReadConfigData, stat value for last_update_host was WINDOWSS	0	WINDOWSS
2025-05-14 15:38:28	debug		System	Debug: **ReadConfigData, stat value for encryption_hash was 99CCFC0D033729754B6BB4832FE786A1	0	WINDOWSS
2025-05-14 15:38:28	debug		CredentialProviderRequest	Info: *Value for IsCredentialProviderRequest:	0	WINDOWSS
2025-05-14 15:38:28	debug		Server-Client	Info: *ReadUserData server request for usuariotest	0	WINDOWSS
2025-05-14 15:38:28	debug		Server-Client	Info: *Server secret used for command ReadUserData with error code result 19: secretOTP	0	WINDOWSS
========================================
multiotp 5.9.9.1
Your script is running from C:\multiotp\
2025-05-14 15:38:28	debug		System	Debug: **ReadConfigData, stat value for anonymous_stat_last_update was 1747127736	0	WINDOWSS
2025-05-14 15:38:28	debug		System	Debug: **ReadConfigData, stat value for create_host was WINDOWSS	0	WINDOWSS
2025-05-14 15:38:28	debug		System	Debug: **ReadConfigData, stat value for create_time was 1747126430	0	WINDOWSS
2025-05-14 15:38:28	debug		System	Debug: **ReadConfigData, stat value for last_update was 1747127736	0	WINDOWSS
2025-05-14 15:38:28	debug		System	Debug: **ReadConfigData, stat value for last_update_host was WINDOWSS	0	WINDOWSS
2025-05-14 15:38:28	debug		System	Debug: **ReadConfigData, stat value for encryption_hash was 99CCFC0D033729754B6BB4832FE786A1	0	WINDOWSS
2025-05-14 15:38:28	debug		System	Debug: **ReadConfigData, stat value for anonymous_stat_last_update was 1747127736	0	WINDOWSS
2025-05-14 15:38:28	debug		System	Debug: **ReadConfigData, stat value for create_host was WINDOWSS	0	WINDOWSS
2025-05-14 15:38:28	debug		System	Debug: **ReadConfigData, stat value for create_time was 1747126430	0	WINDOWSS
2025-05-14 15:38:28	debug		System	Debug: **ReadConfigData, stat value for last_update was 1747127736	0	WINDOWSS
2025-05-14 15:38:28	debug		System	Debug: **ReadConfigData, stat value for last_update_host was WINDOWSS	0	WINDOWSS
2025-05-14 15:38:28	debug		System	Debug: **ReadConfigData, stat value for encryption_hash was 99CCFC0D033729754B6BB4832FE786A1	0	WINDOWSS
2025-05-14 15:38:28	debug		CredentialProviderRequest	Info: *Value for IsCredentialProviderRequest:	0	WINDOWSS
2025-05-14 15:38:28	debug		Server-Client	Info: *ReadUserData server request for usuariotest	0	WINDOWSS
2025-05-14 15:38:28	debug		Server-Client	Info: *Server secret used for command ReadUserData with error code result 19: secretOTP	0	WINDOWSS
========================================
multiotp 5.9.9.1
Your script is running from C:\multiotp\
2025-05-14 15:38:28	debug		System	Debug: **ReadConfigData, stat value for anonymous_stat_last_update was 1747127736	0	WINDOWSS
2025-05-14 15:38:28	debug		System	Debug: **ReadConfigData, stat value for create_host was WINDOWSS	0	WINDOWSS
2025-05-14 15:38:28	debug		System	Debug: **ReadConfigData, stat value for create_time was 1747126430	0	WINDOWSS
2025-05-14 15:38:28	debug		System	Debug: **ReadConfigData, stat value for last_update was 1747127736	0	WINDOWSS
2025-05-14 15:38:28	debug		System	Debug: **ReadConfigData, stat value for last_update_host was WINDOWSS	0	WINDOWSS
2025-05-14 15:38:28	debug		System	Debug: **ReadConfigData, stat value for encryption_hash was 99CCFC0D033729754B6BB4832FE786A1	0	WINDOWSS
2025-05-14 15:38:28	debug		System	Debug: **ReadConfigData, stat value for anonymous_stat_last_update was 1747127736	0	WINDOWSS
2025-05-14 15:38:28	debug		System	Debug: **ReadConfigData, stat value for create_host was WINDOWSS	0	WINDOWSS
2025-05-14 15:38:28	debug		System	Debug: **ReadConfigData, stat value for create_time was 1747126430	0	WINDOWSS
2025-05-14 15:38:28	debug		System	Debug: **ReadConfigData, stat value for last_update was 1747127736	0	WINDOWSS
2025-05-14 15:38:28	debug		System	Debug: **ReadConfigData, stat value for last_update_host was WINDOWSS	0	WINDOWSS
2025-05-14 15:38:28	debug		System	Debug: **ReadConfigData, stat value for encryption_hash was 99CCFC0D033729754B6BB4832FE786A1	0	WINDOWSS
2025-05-14 15:38:28	debug		CredentialProviderRequest	Info: *Value for IsCredentialProviderRequest: 1	0	WINDOWSS
2025-05-14 15:38:28	debug		Server-Client	Info: *CheckUserToken server request.	0	WINDOWSS
2025-05-14 15:38:28	notice	usuariotest	User	OK: User usuariotest successfully logged in (using Credential Provider) with TOTP token	0	WINDOWSS
2025-05-14 15:38:28	debug		Server-Client	Info: *Cache level is set to 1	0	WINDOWSS
2025-05-14 15:38:28	debug		Server-Client	Info: *Server secret used for command CheckUserToken with error code result 0: secretOTP	0	WINDOWSS
========================================
multiotp 5.9.9.1
Your script is running from C:\multiotp\
2025-05-14 15:38:37	debug		System	Debug: **ReadConfigData, stat value for anonymous_stat_last_update was 1747127736	0	WINDOWSS
2025-05-14 15:38:37	debug		System	Debug: **ReadConfigData, stat value for create_host was WINDOWSS	0	WINDOWSS
2025-05-14 15:38:37	debug		System	Debug: **ReadConfigData, stat value for create_time was 1747126430	0	WINDOWSS
2025-05-14 15:38:37	debug		System	Debug: **ReadConfigData, stat value for last_update was 1747127736	0	WINDOWSS
2025-05-14 15:38:37	debug		System	Debug: **ReadConfigData, stat value for last_update_host was WINDOWSS	0	WINDOWSS
2025-05-14 15:38:37	debug		System	Debug: **ReadConfigData, stat value for encryption_hash was 99CCFC0D033729754B6BB4832FE786A1	0	WINDOWSS
2025-05-14 15:38:37	debug		System	Debug: **ReadConfigData, stat value for anonymous_stat_last_update was 1747127736	0	WINDOWSS
2025-05-14 15:38:37	debug		System	Debug: **ReadConfigData, stat value for create_host was WINDOWSS	0	WINDOWSS
2025-05-14 15:38:37	debug		System	Debug: **ReadConfigData, stat value for create_time was 1747126430	0	WINDOWSS
2025-05-14 15:38:37	debug		System	Debug: **ReadConfigData, stat value for last_update was 1747127736	0	WINDOWSS
2025-05-14 15:38:37	debug		System	Debug: **ReadConfigData, stat value for last_update_host was WINDOWSS	0	WINDOWSS
2025-05-14 15:38:37	debug		System	Debug: **ReadConfigData, stat value for encryption_hash was 99CCFC0D033729754B6BB4832FE786A1	0	WINDOWSS
2025-05-14 15:38:37	debug		CredentialProviderRequest	Info: *Value for IsCredentialProviderRequest:	0	WINDOWSS
2025-05-14 15:38:37	debug		Server-Client	Info: *CheckUserExists server request for usuariotest with challenge MOSH29f84f07d3876b6ac6dec7daf5830c7d	0	WINDOWSS
2025-05-14 15:38:37	debug		Server-Client	Info: *CheckUserExists intermediate error code: 22	0	WINDOWSS
2025-05-14 15:38:37	debug		Server-Client	Info: *Server secret used for command CheckUserExists with error code result 22: secretOTP	0	WINDOWSS
========================================
multiotp 5.9.9.1
Your script is running from C:\multiotp\
2025-05-14 15:38:38	debug		System	Debug: **ReadConfigData, stat value for anonymous_stat_last_update was 1747127736	0	WINDOWSS
2025-05-14 15:38:38	debug		System	Debug: **ReadConfigData, stat value for create_host was WINDOWSS	0	WINDOWSS
2025-05-14 15:38:38	debug		System	Debug: **ReadConfigData, stat value for create_time was 1747126430	0	WINDOWSS
2025-05-14 15:38:38	debug		System	Debug: **ReadConfigData, stat value for last_update was 1747127736	0	WINDOWSS
2025-05-14 15:38:38	debug		System	Debug: **ReadConfigData, stat value for last_update_host was WINDOWSS	0	WINDOWSS
2025-05-14 15:38:38	debug		System	Debug: **ReadConfigData, stat value for encryption_hash was 99CCFC0D033729754B6BB4832FE786A1	0	WINDOWSS
2025-05-14 15:38:38	debug		System	Debug: **ReadConfigData, stat value for anonymous_stat_last_update was 1747127736	0	WINDOWSS
2025-05-14 15:38:38	debug		System	Debug: **ReadConfigData, stat value for create_host was WINDOWSS	0	WINDOWSS
2025-05-14 15:38:38	debug		System	Debug: **ReadConfigData, stat value for create_time was 1747126430	0	WINDOWSS
2025-05-14 15:38:38	debug		System	Debug: **ReadConfigData, stat value for last_update was 1747127736	0	WINDOWSS
2025-05-14 15:38:38	debug		System	Debug: **ReadConfigData, stat value for last_update_host was WINDOWSS	0	WINDOWSS
2025-05-14 15:38:38	debug		System	Debug: **ReadConfigData, stat value for encryption_hash was 99CCFC0D033729754B6BB4832FE786A1	0	WINDOWSS
2025-05-14 15:38:38	debug		CredentialProviderRequest	Info: *Value for IsCredentialProviderRequest:	0	WINDOWSS
2025-05-14 15:38:38	debug		Server-Client	Info: *ReadUserData server request for usuariotest	0	WINDOWSS
2025-05-14 15:38:38	debug		Server-Client	Info: *Server secret used for command ReadUserData with error code result 19: secretOTP	0	WINDOWSS
========================================
multiotp 5.9.9.1
Your script is running from C:\multiotp\
2025-05-14 15:38:38	debug		System	Debug: **ReadConfigData, stat value for anonymous_stat_last_update was 1747127736	0	WINDOWSS
2025-05-14 15:38:38	debug		System	Debug: **ReadConfigData, stat value for create_host was WINDOWSS	0	WINDOWSS
2025-05-14 15:38:38	debug		System	Debug: **ReadConfigData, stat value for create_time was 1747126430	0	WINDOWSS
2025-05-14 15:38:38	debug		System	Debug: **ReadConfigData, stat value for last_update was 1747127736	0	WINDOWSS
2025-05-14 15:38:38	debug		System	Debug: **ReadConfigData, stat value for last_update_host was WINDOWSS	0	WINDOWSS
2025-05-14 15:38:38	debug		System	Debug: **ReadConfigData, stat value for encryption_hash was 99CCFC0D033729754B6BB4832FE786A1	0	WINDOWSS
2025-05-14 15:38:38	debug		System	Debug: **ReadConfigData, stat value for anonymous_stat_last_update was 1747127736	0	WINDOWSS
2025-05-14 15:38:38	debug		System	Debug: **ReadConfigData, stat value for create_host was WINDOWSS	0	WINDOWSS
2025-05-14 15:38:38	debug		System	Debug: **ReadConfigData, stat value for create_time was 1747126430	0	WINDOWSS
2025-05-14 15:38:38	debug		System	Debug: **ReadConfigData, stat value for last_update was 1747127736	0	WINDOWSS
2025-05-14 15:38:38	debug		System	Debug: **ReadConfigData, stat value for last_update_host was WINDOWSS	0	WINDOWSS
2025-05-14 15:38:38	debug		System	Debug: **ReadConfigData, stat value for encryption_hash was 99CCFC0D033729754B6BB4832FE786A1	0	WINDOWSS
2025-05-14 15:38:38	debug		CredentialProviderRequest	Info: *Value for IsCredentialProviderRequest:	0	WINDOWSS
2025-05-14 15:38:38	debug		Server-Client	Info: *ReadUserData server request for usuariotest	0	WINDOWSS
2025-05-14 15:38:38	debug		Server-Client	Info: *Server secret used for command ReadUserData with error code result 19: secretOTP	0	WINDOWSS
========================================
multiotp 5.9.9.1
Your script is running from C:\multiotp\
2025-05-14 15:38:38	debug		System	Debug: **ReadConfigData, stat value for anonymous_stat_last_update was 1747127736	0	WINDOWSS
2025-05-14 15:38:38	debug		System	Debug: **ReadConfigData, stat value for create_host was WINDOWSS	0	WINDOWSS
2025-05-14 15:38:38	debug		System	Debug: **ReadConfigData, stat value for create_time was 1747126430	0	WINDOWSS
2025-05-14 15:38:38	debug		System	Debug: **ReadConfigData, stat value for last_update was 1747127736	0	WINDOWSS
2025-05-14 15:38:38	debug		System	Debug: **ReadConfigData, stat value for last_update_host was WINDOWSS	0	WINDOWSS
2025-05-14 15:38:38	debug		System	Debug: **ReadConfigData, stat value for encryption_hash was 99CCFC0D033729754B6BB4832FE786A1	0	WINDOWSS
2025-05-14 15:38:38	debug		System	Debug: **ReadConfigData, stat value for anonymous_stat_last_update was 1747127736	0	WINDOWSS
2025-05-14 15:38:38	debug		System	Debug: **ReadConfigData, stat value for create_host was WINDOWSS	0	WINDOWSS
2025-05-14 15:38:38	debug		System	Debug: **ReadConfigData, stat value for create_time was 1747126430	0	WINDOWSS
2025-05-14 15:38:38	debug		System	Debug: **ReadConfigData, stat value for last_update was 1747127736	0	WINDOWSS
2025-05-14 15:38:38	debug		System	Debug: **ReadConfigData, stat value for last_update_host was WINDOWSS	0	WINDOWSS
2025-05-14 15:38:38	debug		System	Debug: **ReadConfigData, stat value for encryption_hash was 99CCFC0D033729754B6BB4832FE786A1	0	WINDOWSS
2025-05-14 15:38:38	debug		CredentialProviderRequest	Info: *Value for IsCredentialProviderRequest: 1	0	WINDOWSS
2025-05-14 15:38:38	debug		Server-Client	Info: *CheckUserToken server request.	0	WINDOWSS
2025-05-14 15:38:38	notice	usuariotest	User	OK: User usuariotest successfully logged in (using Credential Provider) with TOTP token	0	WINDOWSS
2025-05-14 15:38:38	debug		Server-Client	Info: *Cache level is set to 1	0	WINDOWSS
2025-05-14 15:38:38	debug		Server-Client	Info: *Server secret used for command CheckUserToken with error code result 0: secretOTP	0	WINDOWSS
========================================
multiotp 5.9.9.1
Your script is running from C:\multiotp\
2025-05-14 15:38:46	debug		System	Debug: **ReadConfigData, stat value for anonymous_stat_last_update was 1747127736	0	WINDOWSS
2025-05-14 15:38:46	debug		System	Debug: **ReadConfigData, stat value for create_host was WINDOWSS	0	WINDOWSS
2025-05-14 15:38:46	debug		System	Debug: **ReadConfigData, stat value for create_time was 1747126430	0	WINDOWSS
2025-05-14 15:38:46	debug		System	Debug: **ReadConfigData, stat value for last_update was 1747127736	0	WINDOWSS
2025-05-14 15:38:46	debug		System	Debug: **ReadConfigData, stat value for last_update_host was WINDOWSS	0	WINDOWSS
2025-05-14 15:38:46	debug		System	Debug: **ReadConfigData, stat value for encryption_hash was 99CCFC0D033729754B6BB4832FE786A1	0	WINDOWSS
2025-05-14 15:38:46	debug		System	Debug: **ReadConfigData, stat value for anonymous_stat_last_update was 1747127736	0	WINDOWSS
2025-05-14 15:38:46	debug		System	Debug: **ReadConfigData, stat value for create_host was WINDOWSS	0	WINDOWSS
2025-05-14 15:38:46	debug		System	Debug: **ReadConfigData, stat value for create_time was 1747126430	0	WINDOWSS
2025-05-14 15:38:46	debug		System	Debug: **ReadConfigData, stat value for last_update was 1747127736	0	WINDOWSS
2025-05-14 15:38:46	debug		System	Debug: **ReadConfigData, stat value for last_update_host was WINDOWSS	0	WINDOWSS
2025-05-14 15:38:46	debug		System	Debug: **ReadConfigData, stat value for encryption_hash was 99CCFC0D033729754B6BB4832FE786A1	0	WINDOWSS
2025-05-14 15:38:46	debug		CredentialProviderRequest	Info: *Value for IsCredentialProviderRequest:	0	WINDOWSS
2025-05-14 15:38:46	debug		Server-Client	Info: *CheckUserExists server request for usuariotest with challenge MOSH9d8453ca622e80cb3f16485d9c86c86a	0	WINDOWSS
2025-05-14 15:38:46	debug		Server-Client	Info: *CheckUserExists intermediate error code: 22	0	WINDOWSS
2025-05-14 15:38:46	debug		Server-Client	Info: *Server secret used for command CheckUserExists with error code result 22: secretOTP	0	WINDOWSS
========================================
multiotp 5.9.9.1
Your script is running from C:\multiotp\
2025-05-14 15:38:46	debug		System	Debug: **ReadConfigData, stat value for anonymous_stat_last_update was 1747127736	0	WINDOWSS
2025-05-14 15:38:46	debug		System	Debug: **ReadConfigData, stat value for create_host was WINDOWSS	0	WINDOWSS
2025-05-14 15:38:46	debug		System	Debug: **ReadConfigData, stat value for create_time was 1747126430	0	WINDOWSS
2025-05-14 15:38:46	debug		System	Debug: **ReadConfigData, stat value for last_update was 1747127736	0	WINDOWSS
2025-05-14 15:38:46	debug		System	Debug: **ReadConfigData, stat value for last_update_host was WINDOWSS	0	WINDOWSS
2025-05-14 15:38:46	debug		System	Debug: **ReadConfigData, stat value for encryption_hash was 99CCFC0D033729754B6BB4832FE786A1	0	WINDOWSS
2025-05-14 15:38:46	debug		System	Debug: **ReadConfigData, stat value for anonymous_stat_last_update was 1747127736	0	WINDOWSS
2025-05-14 15:38:46	debug		System	Debug: **ReadConfigData, stat value for create_host was WINDOWSS	0	WINDOWSS
2025-05-14 15:38:46	debug		System	Debug: **ReadConfigData, stat value for create_time was 1747126430	0	WINDOWSS
2025-05-14 15:38:46	debug		System	Debug: **ReadConfigData, stat value for last_update was 1747127736	0	WINDOWSS
2025-05-14 15:38:46	debug		System	Debug: **ReadConfigData, stat value for last_update_host was WINDOWSS	0	WINDOWSS
2025-05-14 15:38:46	debug		System	Debug: **ReadConfigData, stat value for encryption_hash was 99CCFC0D033729754B6BB4832FE786A1	0	WINDOWSS
2025-05-14 15:38:46	debug		CredentialProviderRequest	Info: *Value for IsCredentialProviderRequest:	0	WINDOWSS
2025-05-14 15:38:46	debug		Server-Client	Info: *ReadUserData server request for usuariotest	0	WINDOWSS
2025-05-14 15:38:46	debug		Server-Client	Info: *Server secret used for command ReadUserData with error code result 19: secretOTP	0	WINDOWSS
========================================
multiotp 5.9.9.1
Your script is running from C:\multiotp\
2025-05-14 15:38:46	debug		System	Debug: **ReadConfigData, stat value for anonymous_stat_last_update was 1747127736	0	WINDOWSS
2025-05-14 15:38:46	debug		System	Debug: **ReadConfigData, stat value for create_host was WINDOWSS	0	WINDOWSS
2025-05-14 15:38:46	debug		System	Debug: **ReadConfigData, stat value for create_time was 1747126430	0	WINDOWSS
2025-05-14 15:38:46	debug		System	Debug: **ReadConfigData, stat value for last_update was 1747127736	0	WINDOWSS
2025-05-14 15:38:46	debug		System	Debug: **ReadConfigData, stat value for last_update_host was WINDOWSS	0	WINDOWSS
2025-05-14 15:38:46	debug		System	Debug: **ReadConfigData, stat value for encryption_hash was 99CCFC0D033729754B6BB4832FE786A1	0	WINDOWSS
2025-05-14 15:38:46	debug		System	Debug: **ReadConfigData, stat value for anonymous_stat_last_update was 1747127736	0	WINDOWSS
2025-05-14 15:38:46	debug		System	Debug: **ReadConfigData, stat value for create_host was WINDOWSS	0	WINDOWSS
2025-05-14 15:38:46	debug		System	Debug: **ReadConfigData, stat value for create_time was 1747126430	0	WINDOWSS
2025-05-14 15:38:46	debug		System	Debug: **ReadConfigData, stat value for last_update was 1747127736	0	WINDOWSS
2025-05-14 15:38:46	debug		System	Debug: **ReadConfigData, stat value for last_update_host was WINDOWSS	0	WINDOWSS
2025-05-14 15:38:46	debug		System	Debug: **ReadConfigData, stat value for encryption_hash was 99CCFC0D033729754B6BB4832FE786A1	0	WINDOWSS
2025-05-14 15:38:46	debug		CredentialProviderRequest	Info: *Value for IsCredentialProviderRequest:	0	WINDOWSS
2025-05-14 15:38:46	debug		Server-Client	Info: *ReadUserData server request for usuariotest	0	WINDOWSS
2025-05-14 15:38:46	debug		Server-Client	Info: *Server secret used for command ReadUserData with error code result 19: secretOTP	0	WINDOWSS
========================================
multiotp 5.9.9.1
Your script is running from C:\multiotp\
2025-05-14 15:38:47	debug		System	Debug: **ReadConfigData, stat value for anonymous_stat_last_update was 1747127736	0	WINDOWSS
2025-05-14 15:38:47	debug		System	Debug: **ReadConfigData, stat value for create_host was WINDOWSS	0	WINDOWSS
2025-05-14 15:38:47	debug		System	Debug: **ReadConfigData, stat value for create_time was 1747126430	0	WINDOWSS
2025-05-14 15:38:47	debug		System	Debug: **ReadConfigData, stat value for last_update was 1747127736	0	WINDOWSS
2025-05-14 15:38:47	debug		System	Debug: **ReadConfigData, stat value for last_update_host was WINDOWSS	0	WINDOWSS
2025-05-14 15:38:47	debug		System	Debug: **ReadConfigData, stat value for encryption_hash was 99CCFC0D033729754B6BB4832FE786A1	0	WINDOWSS
2025-05-14 15:38:47	debug		System	Debug: **ReadConfigData, stat value for anonymous_stat_last_update was 1747127736	0	WINDOWSS
2025-05-14 15:38:47	debug		System	Debug: **ReadConfigData, stat value for create_host was WINDOWSS	0	WINDOWSS
2025-05-14 15:38:47	debug		System	Debug: **ReadConfigData, stat value for create_time was 1747126430	0	WINDOWSS
2025-05-14 15:38:47	debug		System	Debug: **ReadConfigData, stat value for last_update was 1747127736	0	WINDOWSS
2025-05-14 15:38:47	debug		System	Debug: **ReadConfigData, stat value for last_update_host was WINDOWSS	0	WINDOWSS
2025-05-14 15:38:47	debug		System	Debug: **ReadConfigData, stat value for encryption_hash was 99CCFC0D033729754B6BB4832FE786A1	0	WINDOWSS
2025-05-14 15:38:47	debug		CredentialProviderRequest	Info: *Value for IsCredentialProviderRequest: 1	0	WINDOWSS
2025-05-14 15:38:47	debug		Server-Client	Info: *CheckUserToken server request.	0	WINDOWSS
2025-05-14 15:38:47	warning	usuariotest	User	Error: token of user usuariotest already used	0	WINDOWSS
2025-05-14 15:38:47	debug		Server-Client	Info: *Server secret used for command CheckUserToken with error code result 26: secretOTP	0	WINDOWSS
========================================
multiotp 5.9.9.1
Your script is running from C:\multiOTP\.\
2025-05-14 17:20:24	debug		System	Debug: **ReadConfigData, stat value for anonymous_stat_last_update was 1747127736	0	WINDOWSS
2025-05-14 17:20:24	debug		System	Debug: **ReadConfigData, stat value for create_host was WINDOWSS	0	WINDOWSS
2025-05-14 17:20:24	debug		System	Debug: **ReadConfigData, stat value for create_time was 1747126430	0	WINDOWSS
2025-05-14 17:20:24	debug		System	Debug: **ReadConfigData, stat value for last_update was 1747127736	0	WINDOWSS
2025-05-14 17:20:24	debug		System	Debug: **ReadConfigData, stat value for last_update_host was WINDOWSS	0	WINDOWSS
2025-05-14 17:20:24	debug		System	Debug: **ReadConfigData, stat value for encryption_hash was 99CCFC0D033729754B6BB4832FE786A1	0	WINDOWSS
2025-05-14 17:20:24	debug		System	Debug: **ReadConfigData, stat value for anonymous_stat_last_update was 1747127736	0	WINDOWSS
2025-05-14 17:20:24	debug		System	Debug: **ReadConfigData, stat value for create_host was WINDOWSS	0	WINDOWSS
2025-05-14 17:20:24	debug		System	Debug: **ReadConfigData, stat value for create_time was 1747126430	0	WINDOWSS
2025-05-14 17:20:24	debug		System	Debug: **ReadConfigData, stat value for last_update was 1747127736	0	WINDOWSS
2025-05-14 17:20:24	debug		System	Debug: **ReadConfigData, stat value for last_update_host was WINDOWSS	0	WINDOWSS
2025-05-14 17:20:24	debug		System	Debug: **ReadConfigData, stat value for encryption_hash was 99CCFC0D033729754B6BB4832FE786A1	0	WINDOWSS
2025-05-14 17:20:24	debug		LDAP	Debug: *AD/LDAP synchronization started at 17:20:24 / Memory used: 14.6MB / Peak: 27.2MB	0	WINDOWSS
2025-05-14 17:20:24	info		LDAP	Info: AD/LDAP synchronization started	0	WINDOWSS
2025-05-14 17:20:24	debug		System	Debug: *LDAP cache folder value: C:\Users\Administrator\AppData\Local\Temp\.ldap_cache/	0	WINDOWSS
2025-05-14 17:20:24	info		LDAP	Info: No update for the 6 LDAP synced users, based on 6 LDAP entries (processed in 00:00:00)	0	WINDOWSS
2025-05-14 17:20:24	debug		Debug	Debug: *19 INFO: Requested operation successfully done	0	WINDOWSS
========================================
multiotp 5.9.9.1
Your script is running from C:\multiotp\
2025-05-14 17:22:19	debug		System	Debug: **ReadConfigData, stat value for anonymous_stat_last_update was 1747127736	0	WINDOWSS
2025-05-14 17:22:19	debug		System	Debug: **ReadConfigData, stat value for create_host was WINDOWSS	0	WINDOWSS
2025-05-14 17:22:19	debug		System	Debug: **ReadConfigData, stat value for create_time was 1747126430	0	WINDOWSS
2025-05-14 17:22:19	debug		System	Debug: **ReadConfigData, stat value for last_update was 1747127736	0	WINDOWSS
2025-05-14 17:22:19	debug		System	Debug: **ReadConfigData, stat value for last_update_host was WINDOWSS	0	WINDOWSS
2025-05-14 17:22:19	debug		System	Debug: **ReadConfigData, stat value for encryption_hash was 99CCFC0D033729754B6BB4832FE786A1	0	WINDOWSS
2025-05-14 17:22:19	debug		System	Debug: **ReadConfigData, stat value for anonymous_stat_last_update was 1747127736	0	WINDOWSS
2025-05-14 17:22:19	debug		System	Debug: **ReadConfigData, stat value for create_host was WINDOWSS	0	WINDOWSS
2025-05-14 17:22:19	debug		System	Debug: **ReadConfigData, stat value for create_time was 1747126430	0	WINDOWSS
2025-05-14 17:22:19	debug		System	Debug: **ReadConfigData, stat value for last_update was 1747127736	0	WINDOWSS
2025-05-14 17:22:19	debug		System	Debug: **ReadConfigData, stat value for last_update_host was WINDOWSS	0	WINDOWSS
2025-05-14 17:22:19	debug		System	Debug: **ReadConfigData, stat value for encryption_hash was 99CCFC0D033729754B6BB4832FE786A1	0	WINDOWSS
2025-05-14 17:22:19	debug		CredentialProviderRequest	Info: *Value for IsCredentialProviderRequest:	0	WINDOWSS
2025-05-14 17:22:19	debug		Server-Client	Info: *CheckUserExists server request for usuariotest with challenge MOSH7baea1fc1accdfd55ed005e4c6ecf06e	0	WINDOWSS
2025-05-14 17:22:19	debug		Server-Client	Info: *CheckUserExists intermediate error code: 22	0	WINDOWSS
2025-05-14 17:22:19	debug		Server-Client	Info: *Server secret used for command CheckUserExists with error code result 22: secretOTP	0	WINDOWSS
========================================
multiotp 5.9.9.1
Your script is running from C:\multiotp\
2025-05-14 17:22:19	debug		System	Debug: **ReadConfigData, stat value for anonymous_stat_last_update was 1747127736	0	WINDOWSS
2025-05-14 17:22:19	debug		System	Debug: **ReadConfigData, stat value for create_host was WINDOWSS	0	WINDOWSS
2025-05-14 17:22:19	debug		System	Debug: **ReadConfigData, stat value for create_time was 1747126430	0	WINDOWSS
2025-05-14 17:22:19	debug		System	Debug: **ReadConfigData, stat value for last_update was 1747127736	0	WINDOWSS
2025-05-14 17:22:19	debug		System	Debug: **ReadConfigData, stat value for last_update_host was WINDOWSS	0	WINDOWSS
2025-05-14 17:22:19	debug		System	Debug: **ReadConfigData, stat value for encryption_hash was 99CCFC0D033729754B6BB4832FE786A1	0	WINDOWSS
2025-05-14 17:22:19	debug		System	Debug: **ReadConfigData, stat value for anonymous_stat_last_update was 1747127736	0	WINDOWSS
2025-05-14 17:22:19	debug		System	Debug: **ReadConfigData, stat value for create_host was WINDOWSS	0	WINDOWSS
2025-05-14 17:22:19	debug		System	Debug: **ReadConfigData, stat value for create_time was 1747126430	0	WINDOWSS
2025-05-14 17:22:19	debug		System	Debug: **ReadConfigData, stat value for last_update was 1747127736	0	WINDOWSS
2025-05-14 17:22:19	debug		System	Debug: **ReadConfigData, stat value for last_update_host was WINDOWSS	0	WINDOWSS
2025-05-14 17:22:19	debug		System	Debug: **ReadConfigData, stat value for encryption_hash was 99CCFC0D033729754B6BB4832FE786A1	0	WINDOWSS
2025-05-14 17:22:19	debug		CredentialProviderRequest	Info: *Value for IsCredentialProviderRequest:	0	WINDOWSS
2025-05-14 17:22:19	debug		Server-Client	Info: *ReadUserData server request for usuariotest	0	WINDOWSS
2025-05-14 17:22:19	debug		Server-Client	Info: *Server secret used for command ReadUserData with error code result 19: secretOTP	0	WINDOWSS
========================================
multiotp 5.9.9.1
Your script is running from C:\multiotp\
2025-05-14 17:22:19	debug		System	Debug: **ReadConfigData, stat value for anonymous_stat_last_update was 1747127736	0	WINDOWSS
2025-05-14 17:22:20	debug		System	Debug: **ReadConfigData, stat value for create_host was WINDOWSS	0	WINDOWSS
2025-05-14 17:22:20	debug		System	Debug: **ReadConfigData, stat value for create_time was 1747126430	0	WINDOWSS
2025-05-14 17:22:20	debug		System	Debug: **ReadConfigData, stat value for last_update was 1747127736	0	WINDOWSS
2025-05-14 17:22:20	debug		System	Debug: **ReadConfigData, stat value for last_update_host was WINDOWSS	0	WINDOWSS
2025-05-14 17:22:20	debug		System	Debug: **ReadConfigData, stat value for encryption_hash was 99CCFC0D033729754B6BB4832FE786A1	0	WINDOWSS
2025-05-14 17:22:20	debug		System	Debug: **ReadConfigData, stat value for anonymous_stat_last_update was 1747127736	0	WINDOWSS
2025-05-14 17:22:20	debug		System	Debug: **ReadConfigData, stat value for create_host was WINDOWSS	0	WINDOWSS
2025-05-14 17:22:20	debug		System	Debug: **ReadConfigData, stat value for create_time was 1747126430	0	WINDOWSS
2025-05-14 17:22:20	debug		System	Debug: **ReadConfigData, stat value for last_update was 1747127736	0	WINDOWSS
2025-05-14 17:22:20	debug		System	Debug: **ReadConfigData, stat value for last_update_host was WINDOWSS	0	WINDOWSS
2025-05-14 17:22:20	debug		System	Debug: **ReadConfigData, stat value for encryption_hash was 99CCFC0D033729754B6BB4832FE786A1	0	WINDOWSS
2025-05-14 17:22:20	debug		CredentialProviderRequest	Info: *Value for IsCredentialProviderRequest:	0	WINDOWSS
2025-05-14 17:22:20	debug		Server-Client	Info: *ReadUserData server request for usuariotest	0	WINDOWSS
2025-05-14 17:22:20	debug		Server-Client	Info: *Server secret used for command ReadUserData with error code result 19: secretOTP	0	WINDOWSS
========================================
multiotp 5.9.9.1
Your script is running from C:\multiotp\
2025-05-14 17:22:20	debug		System	Debug: **ReadConfigData, stat value for anonymous_stat_last_update was 1747127736	0	WINDOWSS
2025-05-14 17:22:20	debug		System	Debug: **ReadConfigData, stat value for create_host was WINDOWSS	0	WINDOWSS
2025-05-14 17:22:20	debug		System	Debug: **ReadConfigData, stat value for create_time was 1747126430	0	WINDOWSS
2025-05-14 17:22:20	debug		System	Debug: **ReadConfigData, stat value for last_update was 1747127736	0	WINDOWSS
2025-05-14 17:22:20	debug		System	Debug: **ReadConfigData, stat value for last_update_host was WINDOWSS	0	WINDOWSS
2025-05-14 17:22:20	debug		System	Debug: **ReadConfigData, stat value for encryption_hash was 99CCFC0D033729754B6BB4832FE786A1	0	WINDOWSS
2025-05-14 17:22:20	debug		System	Debug: **ReadConfigData, stat value for anonymous_stat_last_update was 1747127736	0	WINDOWSS
2025-05-14 17:22:20	debug		System	Debug: **ReadConfigData, stat value for create_host was WINDOWSS	0	WINDOWSS
2025-05-14 17:22:20	debug		System	Debug: **ReadConfigData, stat value for create_time was 1747126430	0	WINDOWSS
2025-05-14 17:22:20	debug		System	Debug: **ReadConfigData, stat value for last_update was 1747127736	0	WINDOWSS
2025-05-14 17:22:20	debug		System	Debug: **ReadConfigData, stat value for last_update_host was WINDOWSS	0	WINDOWSS
2025-05-14 17:22:20	debug		System	Debug: **ReadConfigData, stat value for encryption_hash was 99CCFC0D033729754B6BB4832FE786A1	0	WINDOWSS
2025-05-14 17:22:20	debug		CredentialProviderRequest	Info: *Value for IsCredentialProviderRequest: 1	0	WINDOWSS
2025-05-14 17:22:20	debug		Server-Client	Info: *CheckUserToken server request.	0	WINDOWSS
2025-05-14 17:22:20	notice	usuariotest	User	OK: User usuariotest successfully logged in (using Credential Provider) with TOTP token	0	WINDOWSS
2025-05-14 17:22:20	debug		Server-Client	Info: *Cache level is set to 1	0	WINDOWSS
2025-05-14 17:22:20	debug		Server-Client	Info: *Server secret used for command CheckUserToken with error code result 0: secretOTP	0	WINDOWSS
========================================
multiotp 5.9.9.1
Your script is running from C:\multiotp\
2025-05-14 17:22:50	debug		System	Debug: **ReadConfigData, stat value for anonymous_stat_last_update was 1747127736	0	WINDOWSS
2025-05-14 17:22:50	debug		System	Debug: **ReadConfigData, stat value for create_host was WINDOWSS	0	WINDOWSS
2025-05-14 17:22:50	debug		System	Debug: **ReadConfigData, stat value for create_time was 1747126430	0	WINDOWSS
2025-05-14 17:22:50	debug		System	Debug: **ReadConfigData, stat value for last_update was 1747127736	0	WINDOWSS
2025-05-14 17:22:50	debug		System	Debug: **ReadConfigData, stat value for last_update_host was WINDOWSS	0	WINDOWSS
2025-05-14 17:22:50	debug		System	Debug: **ReadConfigData, stat value for encryption_hash was 99CCFC0D033729754B6BB4832FE786A1	0	WINDOWSS
2025-05-14 17:22:50	debug		System	Debug: **ReadConfigData, stat value for anonymous_stat_last_update was 1747127736	0	WINDOWSS
2025-05-14 17:22:50	debug		System	Debug: **ReadConfigData, stat value for create_host was WINDOWSS	0	WINDOWSS
2025-05-14 17:22:50	debug		System	Debug: **ReadConfigData, stat value for create_time was 1747126430	0	WINDOWSS
2025-05-14 17:22:50	debug		System	Debug: **ReadConfigData, stat value for last_update was 1747127736	0	WINDOWSS
2025-05-14 17:22:50	debug		System	Debug: **ReadConfigData, stat value for last_update_host was WINDOWSS	0	WINDOWSS
2025-05-14 17:22:50	debug		System	Debug: **ReadConfigData, stat value for encryption_hash was 99CCFC0D033729754B6BB4832FE786A1	0	WINDOWSS
2025-05-14 17:22:50	debug		CredentialProviderRequest	Info: *Value for IsCredentialProviderRequest:	0	WINDOWSS
2025-05-14 17:22:50	debug		Server-Client	Info: *CheckUserExists server request for usuariotest with challenge MOSHca47cc800c3536520aab5f2f68846177	0	WINDOWSS
2025-05-14 17:22:50	debug		Server-Client	Info: *CheckUserExists intermediate error code: 22	0	WINDOWSS
2025-05-14 17:22:50	debug		Server-Client	Info: *Server secret used for command CheckUserExists with error code result 22: secretOTP	0	WINDOWSS
========================================
multiotp 5.9.9.1
Your script is running from C:\multiotp\
2025-05-14 17:22:50	debug		System	Debug: **ReadConfigData, stat value for anonymous_stat_last_update was 1747127736	0	WINDOWSS
2025-05-14 17:22:50	debug		System	Debug: **ReadConfigData, stat value for create_host was WINDOWSS	0	WINDOWSS
2025-05-14 17:22:50	debug		System	Debug: **ReadConfigData, stat value for create_time was 1747126430	0	WINDOWSS
2025-05-14 17:22:50	debug		System	Debug: **ReadConfigData, stat value for last_update was 1747127736	0	WINDOWSS
2025-05-14 17:22:50	debug		System	Debug: **ReadConfigData, stat value for last_update_host was WINDOWSS	0	WINDOWSS
2025-05-14 17:22:50	debug		System	Debug: **ReadConfigData, stat value for encryption_hash was 99CCFC0D033729754B6BB4832FE786A1	0	WINDOWSS
2025-05-14 17:22:50	debug		System	Debug: **ReadConfigData, stat value for anonymous_stat_last_update was 1747127736	0	WINDOWSS
2025-05-14 17:22:50	debug		System	Debug: **ReadConfigData, stat value for create_host was WINDOWSS	0	WINDOWSS
2025-05-14 17:22:50	debug		System	Debug: **ReadConfigData, stat value for create_time was 1747126430	0	WINDOWSS
2025-05-14 17:22:50	debug		System	Debug: **ReadConfigData, stat value for last_update was 1747127736	0	WINDOWSS
2025-05-14 17:22:50	debug		System	Debug: **ReadConfigData, stat value for last_update_host was WINDOWSS	0	WINDOWSS
2025-05-14 17:22:50	debug		System	Debug: **ReadConfigData, stat value for encryption_hash was 99CCFC0D033729754B6BB4832FE786A1	0	WINDOWSS
2025-05-14 17:22:50	debug		CredentialProviderRequest	Info: *Value for IsCredentialProviderRequest:	0	WINDOWSS
2025-05-14 17:22:50	debug		Server-Client	Info: *ReadUserData server request for usuariotest	0	WINDOWSS
2025-05-14 17:22:50	debug		Server-Client	Info: *Server secret used for command ReadUserData with error code result 19: secretOTP	0	WINDOWSS
========================================
multiotp 5.9.9.1
Your script is running from C:\multiotp\
2025-05-14 17:22:50	debug		System	Debug: **ReadConfigData, stat value for anonymous_stat_last_update was 1747127736	0	WINDOWSS
2025-05-14 17:22:50	debug		System	Debug: **ReadConfigData, stat value for create_host was WINDOWSS	0	WINDOWSS
2025-05-14 17:22:50	debug		System	Debug: **ReadConfigData, stat value for create_time was 1747126430	0	WINDOWSS
2025-05-14 17:22:50	debug		System	Debug: **ReadConfigData, stat value for last_update was 1747127736	0	WINDOWSS
2025-05-14 17:22:50	debug		System	Debug: **ReadConfigData, stat value for last_update_host was WINDOWSS	0	WINDOWSS
2025-05-14 17:22:50	debug		System	Debug: **ReadConfigData, stat value for encryption_hash was 99CCFC0D033729754B6BB4832FE786A1	0	WINDOWSS
2025-05-14 17:22:50	debug		System	Debug: **ReadConfigData, stat value for anonymous_stat_last_update was 1747127736	0	WINDOWSS
2025-05-14 17:22:50	debug		System	Debug: **ReadConfigData, stat value for create_host was WINDOWSS	0	WINDOWSS
2025-05-14 17:22:50	debug		System	Debug: **ReadConfigData, stat value for create_time was 1747126430	0	WINDOWSS
2025-05-14 17:22:50	debug		System	Debug: **ReadConfigData, stat value for last_update was 1747127736	0	WINDOWSS
2025-05-14 17:22:50	debug		System	Debug: **ReadConfigData, stat value for last_update_host was WINDOWSS	0	WINDOWSS
2025-05-14 17:22:50	debug		System	Debug: **ReadConfigData, stat value for encryption_hash was 99CCFC0D033729754B6BB4832FE786A1	0	WINDOWSS
2025-05-14 17:22:50	debug		CredentialProviderRequest	Info: *Value for IsCredentialProviderRequest:	0	WINDOWSS
2025-05-14 17:22:50	debug		Server-Client	Info: *ReadUserData server request for usuariotest	0	WINDOWSS
2025-05-14 17:22:50	debug		Server-Client	Info: *Server secret used for command ReadUserData with error code result 19: secretOTP	0	WINDOWSS
========================================
multiotp 5.9.9.1
Your script is running from C:\multiotp\
2025-05-14 17:22:51	debug		System	Debug: **ReadConfigData, stat value for anonymous_stat_last_update was 1747127736	0	WINDOWSS
2025-05-14 17:22:51	debug		System	Debug: **ReadConfigData, stat value for create_host was WINDOWSS	0	WINDOWSS
2025-05-14 17:22:51	debug		System	Debug: **ReadConfigData, stat value for create_time was 1747126430	0	WINDOWSS
2025-05-14 17:22:51	debug		System	Debug: **ReadConfigData, stat value for last_update was 1747127736	0	WINDOWSS
2025-05-14 17:22:51	debug		System	Debug: **ReadConfigData, stat value for last_update_host was WINDOWSS	0	WINDOWSS
2025-05-14 17:22:51	debug		System	Debug: **ReadConfigData, stat value for encryption_hash was 99CCFC0D033729754B6BB4832FE786A1	0	WINDOWSS
2025-05-14 17:22:51	debug		System	Debug: **ReadConfigData, stat value for anonymous_stat_last_update was 1747127736	0	WINDOWSS
2025-05-14 17:22:51	debug		System	Debug: **ReadConfigData, stat value for create_host was WINDOWSS	0	WINDOWSS
2025-05-14 17:22:51	debug		System	Debug: **ReadConfigData, stat value for create_time was 1747126430	0	WINDOWSS
2025-05-14 17:22:51	debug		System	Debug: **ReadConfigData, stat value for last_update was 1747127736	0	WINDOWSS
2025-05-14 17:22:51	debug		System	Debug: **ReadConfigData, stat value for last_update_host was WINDOWSS	0	WINDOWSS
2025-05-14 17:22:51	debug		System	Debug: **ReadConfigData, stat value for encryption_hash was 99CCFC0D033729754B6BB4832FE786A1	0	WINDOWSS
2025-05-14 17:22:51	debug		CredentialProviderRequest	Info: *Value for IsCredentialProviderRequest: 1	0	WINDOWSS
2025-05-14 17:22:51	debug		Server-Client	Info: *CheckUserToken server request.	0	WINDOWSS
2025-05-14 17:22:51	warning	usuariotest	User	Error: token of user usuariotest already used	0	WINDOWSS
2025-05-14 17:22:51	debug		Server-Client	Info: *Server secret used for command CheckUserToken with error code result 26: secretOTP	0	WINDOWSS
========================================
multiotp 5.9.9.1
Your script is running from C:\multiOTP\.\
2025-05-14 17:26:58	debug		System	Debug: **ReadConfigData, stat value for anonymous_stat_last_update was 1747127736	0	WINDOWSS
2025-05-14 17:26:58	debug		System	Debug: **ReadConfigData, stat value for create_host was WINDOWSS	0	WINDOWSS
2025-05-14 17:26:58	debug		System	Debug: **ReadConfigData, stat value for create_time was 1747126430	0	WINDOWSS
2025-05-14 17:26:58	debug		System	Debug: **ReadConfigData, stat value for last_update was 1747127736	0	WINDOWSS
2025-05-14 17:26:58	debug		System	Debug: **ReadConfigData, stat value for last_update_host was WINDOWSS	0	WINDOWSS
2025-05-14 17:26:58	debug		System	Debug: **ReadConfigData, stat value for encryption_hash was 99CCFC0D033729754B6BB4832FE786A1	0	WINDOWSS
2025-05-14 17:26:58	debug		System	Debug: **ReadConfigData, stat value for anonymous_stat_last_update was 1747127736	0	WINDOWSS
2025-05-14 17:26:58	debug		System	Debug: **ReadConfigData, stat value for create_host was WINDOWSS	0	WINDOWSS
2025-05-14 17:26:58	debug		System	Debug: **ReadConfigData, stat value for create_time was 1747126430	0	WINDOWSS
2025-05-14 17:26:58	debug		System	Debug: **ReadConfigData, stat value for last_update was 1747127736	0	WINDOWSS
2025-05-14 17:26:58	debug		System	Debug: **ReadConfigData, stat value for last_update_host was WINDOWSS	0	WINDOWSS
2025-05-14 17:26:58	debug		System	Debug: **ReadConfigData, stat value for encryption_hash was 99CCFC0D033729754B6BB4832FE786A1	0	WINDOWSS
2025-05-14 17:26:58	debug		LDAP	Debug: *AD/LDAP synchronization started at 17:26:58 / Memory used: 14.6MB / Peak: 27.2MB	0	WINDOWSS
2025-05-14 17:26:58	info		LDAP	Info: AD/LDAP synchronization started	0	WINDOWSS
2025-05-14 17:26:58	debug		System	Debug: *LDAP cache folder value: C:\Users\Administrator\AppData\Local\Temp\.ldap_cache/	0	WINDOWSS
2025-05-14 17:26:58	debug		System	Info: *File created: C:\multiOTP\.\users\usuariotest2.db	1	WINDOWSS
2025-05-14 17:26:58	info		System	Info: User usuariotest2 automatically created	1	WINDOWSS
2025-05-14 17:26:58	info		LDAP	Info: 1 user created, based on 7 LDAP entries (processed in 00:00:00)	0	WINDOWSS
2025-05-14 17:26:58	debug		Debug	Debug: *19 INFO: Requested operation successfully done	0	WINDOWSS
========================================
multiotp 5.9.9.1
Your script is running from C:\multiotp\
2025-05-14 17:27:16	debug		System	Debug: **ReadConfigData, stat value for anonymous_stat_last_update was 1747127736	0	WINDOWSS
2025-05-14 17:27:16	debug		System	Debug: **ReadConfigData, stat value for create_host was WINDOWSS	0	WINDOWSS
2025-05-14 17:27:22	debug		System	Debug: **ReadConfigData, stat value for create_time was 1747126430	0	WINDOWSS
2025-05-14 17:27:22	debug		System	Debug: **ReadConfigData, stat value for last_update was 1747127736	0	WINDOWSS
2025-05-14 17:27:22	debug		System	Debug: **ReadConfigData, stat value for last_update_host was WINDOWSS	0	WINDOWSS
2025-05-14 17:27:22	debug		System	Debug: **ReadConfigData, stat value for encryption_hash was 99CCFC0D033729754B6BB4832FE786A1	0	WINDOWSS
2025-05-14 17:27:22	debug		System	Debug: **ReadConfigData, stat value for anonymous_stat_last_update was 1747127736	0	WINDOWSS
2025-05-14 17:27:22	debug		System	Debug: **ReadConfigData, stat value for create_host was WINDOWSS	0	WINDOWSS
2025-05-14 17:27:22	debug		System	Debug: **ReadConfigData, stat value for create_time was 1747126430	0	WINDOWSS
2025-05-14 17:27:22	debug		System	Debug: **ReadConfigData, stat value for last_update was 1747127736	0	WINDOWSS
2025-05-14 17:27:22	debug		System	Debug: **ReadConfigData, stat value for last_update_host was WINDOWSS	0	WINDOWSS
2025-05-14 17:27:22	debug		System	Debug: **ReadConfigData, stat value for encryption_hash was 99CCFC0D033729754B6BB4832FE786A1	0	WINDOWSS
========================================
multiotp 5.9.9.1
Your script is running from C:\multiotp\
2025-05-14 17:27:22	debug		System	Debug: **ReadConfigData, stat value for anonymous_stat_last_update was 1747127736	0	WINDOWSS
2025-05-14 17:27:22	debug		System	Debug: **ReadConfigData, stat value for create_host was WINDOWSS	0	WINDOWSS
2025-05-14 17:27:22	debug		System	Debug: **ReadConfigData, stat value for create_time was 1747126430	0	WINDOWSS
2025-05-14 17:27:22	debug		System	Debug: **ReadConfigData, stat value for last_update was 1747127736	0	WINDOWSS
2025-05-14 17:27:22	debug		System	Debug: **ReadConfigData, stat value for last_update_host was WINDOWSS	0	WINDOWSS
2025-05-14 17:27:22	debug		System	Debug: **ReadConfigData, stat value for encryption_hash was 99CCFC0D033729754B6BB4832FE786A1	0	WINDOWSS
2025-05-14 17:27:22	debug		System	Debug: **ReadConfigData, stat value for anonymous_stat_last_update was 1747127736	0	WINDOWSS
2025-05-14 17:27:22	debug		System	Debug: **ReadConfigData, stat value for create_host was WINDOWSS	0	WINDOWSS
2025-05-14 17:27:22	debug		System	Debug: **ReadConfigData, stat value for create_time was 1747126430	0	WINDOWSS
2025-05-14 17:27:22	debug		System	Debug: **ReadConfigData, stat value for last_update was 1747127736	0	WINDOWSS
2025-05-14 17:27:22	debug		System	Debug: **ReadConfigData, stat value for last_update_host was WINDOWSS	0	WINDOWSS
2025-05-14 17:27:22	debug		System	Debug: **ReadConfigData, stat value for encryption_hash was 99CCFC0D033729754B6BB4832FE786A1	0	WINDOWSS
========================================
multiotp 5.9.9.1
Your script is running from C:\multiotp\
2025-05-14 17:27:22	debug		System	Debug: **ReadConfigData, stat value for anonymous_stat_last_update was 1747127736	0	WINDOWSS
2025-05-14 17:27:22	debug		System	Debug: **ReadConfigData, stat value for create_host was WINDOWSS	0	WINDOWSS
2025-05-14 17:27:22	debug		System	Debug: **ReadConfigData, stat value for create_time was 1747126430	0	WINDOWSS
2025-05-14 17:27:22	debug		System	Debug: **ReadConfigData, stat value for last_update was 1747127736	0	WINDOWSS
2025-05-14 17:27:22	debug		System	Debug: **ReadConfigData, stat value for last_update_host was WINDOWSS	0	WINDOWSS
2025-05-14 17:27:22	debug		System	Debug: **ReadConfigData, stat value for encryption_hash was 99CCFC0D033729754B6BB4832FE786A1	0	WINDOWSS
2025-05-14 17:27:22	debug		System	Debug: **ReadConfigData, stat value for anonymous_stat_last_update was 1747127736	0	WINDOWSS
2025-05-14 17:27:22	debug		System	Debug: **ReadConfigData, stat value for create_host was WINDOWSS	0	WINDOWSS
2025-05-14 17:27:22	debug		System	Debug: **ReadConfigData, stat value for create_time was 1747126430	0	WINDOWSS
2025-05-14 17:27:22	debug		System	Debug: **ReadConfigData, stat value for last_update was 1747127736	0	WINDOWSS
2025-05-14 17:27:22	debug		System	Debug: **ReadConfigData, stat value for last_update_host was WINDOWSS	0	WINDOWSS
2025-05-14 17:27:22	debug		System	Debug: **ReadConfigData, stat value for encryption_hash was 99CCFC0D033729754B6BB4832FE786A1	0	WINDOWSS
========================================
multiotp 5.9.9.1
Your script is running from C:\multiotp\
2025-05-14 17:27:22	debug		System	Debug: **ReadConfigData, stat value for anonymous_stat_last_update was 1747127736	0	WINDOWSS
2025-05-14 17:27:22	debug		System	Debug: **ReadConfigData, stat value for create_host was WINDOWSS	0	WINDOWSS
2025-05-14 17:27:22	debug		System	Debug: **ReadConfigData, stat value for create_time was 1747126430	0	WINDOWSS
2025-05-14 17:27:22	debug		System	Debug: **ReadConfigData, stat value for last_update was 1747127736	0	WINDOWSS
2025-05-14 17:27:22	debug		System	Debug: **ReadConfigData, stat value for last_update_host was WINDOWSS	0	WINDOWSS
2025-05-14 17:27:22	debug		System	Debug: **ReadConfigData, stat value for encryption_hash was 99CCFC0D033729754B6BB4832FE786A1	0	WINDOWSS
2025-05-14 17:27:22	debug		System	Debug: **ReadConfigData, stat value for anonymous_stat_last_update was 1747127736	0	WINDOWSS
2025-05-14 17:27:22	debug		System	Debug: **ReadConfigData, stat value for create_host was WINDOWSS	0	WINDOWSS
2025-05-14 17:27:22	debug		System	Debug: **ReadConfigData, stat value for create_time was 1747126430	0	WINDOWSS
2025-05-14 17:27:22	debug		System	Debug: **ReadConfigData, stat value for last_update was 1747127736	0	WINDOWSS
2025-05-14 17:27:22	debug		System	Debug: **ReadConfigData, stat value for last_update_host was WINDOWSS	0	WINDOWSS
2025-05-14 17:27:22	debug		System	Debug: **ReadConfigData, stat value for encryption_hash was 99CCFC0D033729754B6BB4832FE786A1	0	WINDOWSS
========================================
multiotp 5.9.9.1
Your script is running from C:\multiotp\
2025-05-14 17:27:22	debug		System	Debug: **ReadConfigData, stat value for anonymous_stat_last_update was 1747127736	0	WINDOWSS
2025-05-14 17:27:22	debug		System	Debug: **ReadConfigData, stat value for create_host was WINDOWSS	0	WINDOWSS
2025-05-14 17:27:22	debug		System	Debug: **ReadConfigData, stat value for create_time was 1747126430	0	WINDOWSS
2025-05-14 17:27:22	debug		System	Debug: **ReadConfigData, stat value for last_update was 1747127736	0	WINDOWSS
2025-05-14 17:27:22	debug		System	Debug: **ReadConfigData, stat value for last_update_host was WINDOWSS	0	WINDOWSS
2025-05-14 17:27:22	debug		System	Debug: **ReadConfigData, stat value for encryption_hash was 99CCFC0D033729754B6BB4832FE786A1	0	WINDOWSS
2025-05-14 17:27:22	debug		System	Debug: **ReadConfigData, stat value for anonymous_stat_last_update was 1747127736	0	WINDOWSS
2025-05-14 17:27:22	debug		System	Debug: **ReadConfigData, stat value for create_host was WINDOWSS	0	WINDOWSS
2025-05-14 17:27:22	debug		System	Debug: **ReadConfigData, stat value for create_time was 1747126430	0	WINDOWSS
2025-05-14 17:27:22	debug		System	Debug: **ReadConfigData, stat value for last_update was 1747127736	0	WINDOWSS
2025-05-14 17:27:22	debug		System	Debug: **ReadConfigData, stat value for last_update_host was WINDOWSS	0	WINDOWSS
2025-05-14 17:27:22	debug		System	Debug: **ReadConfigData, stat value for encryption_hash was 99CCFC0D033729754B6BB4832FE786A1	0	WINDOWSS
========================================
multiotp 5.9.9.1
Your script is running from C:\multiotp\
2025-05-14 17:27:22	debug		System	Debug: **ReadConfigData, stat value for anonymous_stat_last_update was 1747127736	0	WINDOWSS
2025-05-14 17:27:22	debug		System	Debug: **ReadConfigData, stat value for create_host was WINDOWSS	0	WINDOWSS
2025-05-14 17:27:22	debug		System	Debug: **ReadConfigData, stat value for create_time was 1747126430	0	WINDOWSS
2025-05-14 17:27:22	debug		System	Debug: **ReadConfigData, stat value for last_update was 1747127736	0	WINDOWSS
2025-05-14 17:27:22	debug		System	Debug: **ReadConfigData, stat value for last_update_host was WINDOWSS	0	WINDOWSS
2025-05-14 17:27:22	debug		System	Debug: **ReadConfigData, stat value for encryption_hash was 99CCFC0D033729754B6BB4832FE786A1	0	WINDOWSS
2025-05-14 17:27:22	debug		System	Debug: **ReadConfigData, stat value for anonymous_stat_last_update was 1747127736	0	WINDOWSS
2025-05-14 17:27:22	debug		System	Debug: **ReadConfigData, stat value for create_host was WINDOWSS	0	WINDOWSS
2025-05-14 17:27:22	debug		System	Debug: **ReadConfigData, stat value for create_time was 1747126430	0	WINDOWSS
2025-05-14 17:27:22	debug		System	Debug: **ReadConfigData, stat value for last_update was 1747127736	0	WINDOWSS
2025-05-14 17:27:22	debug		System	Debug: **ReadConfigData, stat value for last_update_host was WINDOWSS	0	WINDOWSS
2025-05-14 17:27:22	debug		System	Debug: **ReadConfigData, stat value for encryption_hash was 99CCFC0D033729754B6BB4832FE786A1	0	WINDOWSS
========================================
multiotp 5.9.9.1
Your script is running from C:\multiotp\
2025-05-14 17:27:22	debug		System	Debug: **ReadConfigData, stat value for anonymous_stat_last_update was 1747127736	0	WINDOWSS
2025-05-14 17:27:22	debug		System	Debug: **ReadConfigData, stat value for create_host was WINDOWSS	0	WINDOWSS
2025-05-14 17:27:22	debug		System	Debug: **ReadConfigData, stat value for create_time was 1747126430	0	WINDOWSS
2025-05-14 17:27:22	debug		System	Debug: **ReadConfigData, stat value for last_update was 1747127736	0	WINDOWSS
2025-05-14 17:27:22	debug		System	Debug: **ReadConfigData, stat value for last_update_host was WINDOWSS	0	WINDOWSS
2025-05-14 17:27:22	debug		System	Debug: **ReadConfigData, stat value for encryption_hash was 99CCFC0D033729754B6BB4832FE786A1	0	WINDOWSS
2025-05-14 17:27:22	debug		System	Debug: **ReadConfigData, stat value for anonymous_stat_last_update was 1747127736	0	WINDOWSS
2025-05-14 17:27:22	debug		System	Debug: **ReadConfigData, stat value for create_host was WINDOWSS	0	WINDOWSS
2025-05-14 17:27:22	debug		System	Debug: **ReadConfigData, stat value for create_time was 1747126430	0	WINDOWSS
2025-05-14 17:27:22	debug		System	Debug: **ReadConfigData, stat value for last_update was 1747127736	0	WINDOWSS
2025-05-14 17:27:22	debug		System	Debug: **ReadConfigData, stat value for last_update_host was WINDOWSS	0	WINDOWSS
2025-05-14 17:27:22	debug		System	Debug: **ReadConfigData, stat value for encryption_hash was 99CCFC0D033729754B6BB4832FE786A1	0	WINDOWSS
========================================
multiotp 5.9.9.1
Your script is running from C:\multiotp\
2025-05-14 17:27:24	debug		System	Debug: **ReadConfigData, stat value for anonymous_stat_last_update was 1747127736	0	WINDOWSS
2025-05-14 17:27:24	debug		System	Debug: **ReadConfigData, stat value for create_host was WINDOWSS	0	WINDOWSS
2025-05-14 17:27:24	debug		System	Debug: **ReadConfigData, stat value for create_time was 1747126430	0	WINDOWSS
2025-05-14 17:27:24	debug		System	Debug: **ReadConfigData, stat value for last_update was 1747127736	0	WINDOWSS
2025-05-14 17:27:24	debug		System	Debug: **ReadConfigData, stat value for last_update_host was WINDOWSS	0	WINDOWSS
2025-05-14 17:27:24	debug		System	Debug: **ReadConfigData, stat value for encryption_hash was 99CCFC0D033729754B6BB4832FE786A1	0	WINDOWSS
2025-05-14 17:27:24	debug		System	Debug: **ReadConfigData, stat value for anonymous_stat_last_update was 1747127736	0	WINDOWSS
2025-05-14 17:27:24	debug		System	Debug: **ReadConfigData, stat value for create_host was WINDOWSS	0	WINDOWSS
2025-05-14 17:27:24	debug		System	Debug: **ReadConfigData, stat value for create_time was 1747126430	0	WINDOWSS
2025-05-14 17:27:24	debug		System	Debug: **ReadConfigData, stat value for last_update was 1747127736	0	WINDOWSS
2025-05-14 17:27:24	debug		System	Debug: **ReadConfigData, stat value for last_update_host was WINDOWSS	0	WINDOWSS
2025-05-14 17:27:24	debug		System	Debug: **ReadConfigData, stat value for encryption_hash was 99CCFC0D033729754B6BB4832FE786A1	0	WINDOWSS
========================================
multiotp 5.9.9.1
Your script is running from C:\multiotp\
2025-05-14 17:27:25	debug		System	Debug: **ReadConfigData, stat value for anonymous_stat_last_update was 1747127736	0	WINDOWSS
2025-05-14 17:27:25	debug		System	Debug: **ReadConfigData, stat value for create_host was WINDOWSS	0	WINDOWSS
2025-05-14 17:27:25	debug		System	Debug: **ReadConfigData, stat value for create_time was 1747126430	0	WINDOWSS
2025-05-14 17:27:25	debug		System	Debug: **ReadConfigData, stat value for last_update was 1747127736	0	WINDOWSS
2025-05-14 17:27:25	debug		System	Debug: **ReadConfigData, stat value for last_update_host was WINDOWSS	0	WINDOWSS
2025-05-14 17:27:25	debug		System	Debug: **ReadConfigData, stat value for encryption_hash was 99CCFC0D033729754B6BB4832FE786A1	0	WINDOWSS
2025-05-14 17:27:25	debug		System	Debug: **ReadConfigData, stat value for anonymous_stat_last_update was 1747127736	0	WINDOWSS
2025-05-14 17:27:25	debug		System	Debug: **ReadConfigData, stat value for create_host was WINDOWSS	0	WINDOWSS
2025-05-14 17:27:25	debug		System	Debug: **ReadConfigData, stat value for create_time was 1747126430	0	WINDOWSS
2025-05-14 17:27:25	debug		System	Debug: **ReadConfigData, stat value for last_update was 1747127736	0	WINDOWSS
2025-05-14 17:27:25	debug		System	Debug: **ReadConfigData, stat value for last_update_host was WINDOWSS	0	WINDOWSS
2025-05-14 17:27:25	debug		System	Debug: **ReadConfigData, stat value for encryption_hash was 99CCFC0D033729754B6BB4832FE786A1	0	WINDOWSS
========================================
multiotp 5.9.9.1
Your script is running from C:\multiotp\
2025-05-14 17:27:37	debug		System	Debug: **ReadConfigData, stat value for anonymous_stat_last_update was 1747127736	0	WINDOWSS
2025-05-14 17:27:37	debug		System	Debug: **ReadConfigData, stat value for create_host was WINDOWSS	0	WINDOWSS
2025-05-14 17:27:37	debug		System	Debug: **ReadConfigData, stat value for create_time was 1747126430	0	WINDOWSS
2025-05-14 17:27:37	debug		System	Debug: **ReadConfigData, stat value for last_update was 1747127736	0	WINDOWSS
2025-05-14 17:27:37	debug		System	Debug: **ReadConfigData, stat value for last_update_host was WINDOWSS	0	WINDOWSS
2025-05-14 17:27:37	debug		System	Debug: **ReadConfigData, stat value for encryption_hash was 99CCFC0D033729754B6BB4832FE786A1	0	WINDOWSS
2025-05-14 17:27:37	debug		System	Debug: **ReadConfigData, stat value for anonymous_stat_last_update was 1747127736	0	WINDOWSS
2025-05-14 17:27:37	debug		System	Debug: **ReadConfigData, stat value for create_host was WINDOWSS	0	WINDOWSS
2025-05-14 17:27:37	debug		System	Debug: **ReadConfigData, stat value for create_time was 1747126430	0	WINDOWSS
2025-05-14 17:27:37	debug		System	Debug: **ReadConfigData, stat value for last_update was 1747127736	0	WINDOWSS
2025-05-14 17:27:37	debug		System	Debug: **ReadConfigData, stat value for last_update_host was WINDOWSS	0	WINDOWSS
2025-05-14 17:27:37	debug		System	Debug: **ReadConfigData, stat value for encryption_hash was 99CCFC0D033729754B6BB4832FE786A1	0	WINDOWSS
2025-05-14 17:27:37	debug		CredentialProviderRequest	Info: *Value for IsCredentialProviderRequest:	0	WINDOWSS
2025-05-14 17:27:37	debug		Server-Client	Info: *CheckUserExists server request for usuariotest2 with challenge MOSHcd36935b33d7c6b21708db744f7fd6c0	0	WINDOWSS
2025-05-14 17:27:37	debug		Server-Client	Info: *CheckUserExists intermediate error code: 22	0	WINDOWSS
2025-05-14 17:27:37	debug		Server-Client	Info: *Server secret used for command CheckUserExists with error code result 22: secretOTP	0	WINDOWSS
========================================
multiotp 5.9.9.1
Your script is running from C:\multiotp\
2025-05-14 17:27:37	debug		System	Debug: **ReadConfigData, stat value for anonymous_stat_last_update was 1747127736	0	WINDOWSS
2025-05-14 17:27:37	debug		System	Debug: **ReadConfigData, stat value for create_host was WINDOWSS	0	WINDOWSS
2025-05-14 17:27:37	debug		System	Debug: **ReadConfigData, stat value for create_time was 1747126430	0	WINDOWSS
2025-05-14 17:27:37	debug		System	Debug: **ReadConfigData, stat value for last_update was 1747127736	0	WINDOWSS
2025-05-14 17:27:37	debug		System	Debug: **ReadConfigData, stat value for last_update_host was WINDOWSS	0	WINDOWSS
2025-05-14 17:27:37	debug		System	Debug: **ReadConfigData, stat value for encryption_hash was 99CCFC0D033729754B6BB4832FE786A1	0	WINDOWSS
2025-05-14 17:27:37	debug		System	Debug: **ReadConfigData, stat value for anonymous_stat_last_update was 1747127736	0	WINDOWSS
2025-05-14 17:27:37	debug		System	Debug: **ReadConfigData, stat value for create_host was WINDOWSS	0	WINDOWSS
2025-05-14 17:27:37	debug		System	Debug: **ReadConfigData, stat value for create_time was 1747126430	0	WINDOWSS
2025-05-14 17:27:37	debug		System	Debug: **ReadConfigData, stat value for last_update was 1747127736	0	WINDOWSS
2025-05-14 17:27:37	debug		System	Debug: **ReadConfigData, stat value for last_update_host was WINDOWSS	0	WINDOWSS
2025-05-14 17:27:37	debug		System	Debug: **ReadConfigData, stat value for encryption_hash was 99CCFC0D033729754B6BB4832FE786A1	0	WINDOWSS
2025-05-14 17:27:37	debug		CredentialProviderRequest	Info: *Value for IsCredentialProviderRequest:	0	WINDOWSS
2025-05-14 17:27:37	debug		Server-Client	Info: *ReadUserData server request for usuariotest2	0	WINDOWSS
2025-05-14 17:27:37	debug		Server-Client	Info: *Server secret used for command ReadUserData with error code result 19: secretOTP	0	WINDOWSS
========================================
multiotp 5.9.9.1
Your script is running from C:\multiotp\
2025-05-14 17:27:37	debug		System	Debug: **ReadConfigData, stat value for anonymous_stat_last_update was 1747127736	0	WINDOWSS
2025-05-14 17:27:37	debug		System	Debug: **ReadConfigData, stat value for create_host was WINDOWSS	0	WINDOWSS
2025-05-14 17:27:37	debug		System	Debug: **ReadConfigData, stat value for create_time was 1747126430	0	WINDOWSS
2025-05-14 17:27:37	debug		System	Debug: **ReadConfigData, stat value for last_update was 1747127736	0	WINDOWSS
2025-05-14 17:27:37	debug		System	Debug: **ReadConfigData, stat value for last_update_host was WINDOWSS	0	WINDOWSS
2025-05-14 17:27:37	debug		System	Debug: **ReadConfigData, stat value for encryption_hash was 99CCFC0D033729754B6BB4832FE786A1	0	WINDOWSS
2025-05-14 17:27:37	debug		System	Debug: **ReadConfigData, stat value for anonymous_stat_last_update was 1747127736	0	WINDOWSS
2025-05-14 17:27:37	debug		System	Debug: **ReadConfigData, stat value for create_host was WINDOWSS	0	WINDOWSS
2025-05-14 17:27:37	debug		System	Debug: **ReadConfigData, stat value for create_time was 1747126430	0	WINDOWSS
2025-05-14 17:27:37	debug		System	Debug: **ReadConfigData, stat value for last_update was 1747127736	0	WINDOWSS
2025-05-14 17:27:37	debug		System	Debug: **ReadConfigData, stat value for last_update_host was WINDOWSS	0	WINDOWSS
2025-05-14 17:27:37	debug		System	Debug: **ReadConfigData, stat value for encryption_hash was 99CCFC0D033729754B6BB4832FE786A1	0	WINDOWSS
2025-05-14 17:27:37	debug		CredentialProviderRequest	Info: *Value for IsCredentialProviderRequest:	0	WINDOWSS
2025-05-14 17:27:37	debug		Server-Client	Info: *ReadUserData server request for usuariotest2	0	WINDOWSS
2025-05-14 17:27:37	debug		Server-Client	Info: *Server secret used for command ReadUserData with error code result 19: secretOTP	0	WINDOWSS
========================================
multiotp 5.9.9.1
Your script is running from C:\multiotp\
2025-05-14 17:27:37	debug		System	Debug: **ReadConfigData, stat value for anonymous_stat_last_update was 1747127736	0	WINDOWSS
2025-05-14 17:27:37	debug		System	Debug: **ReadConfigData, stat value for create_host was WINDOWSS	0	WINDOWSS
2025-05-14 17:27:37	debug		System	Debug: **ReadConfigData, stat value for create_time was 1747126430	0	WINDOWSS
2025-05-14 17:27:37	debug		System	Debug: **ReadConfigData, stat value for last_update was 1747127736	0	WINDOWSS
2025-05-14 17:27:37	debug		System	Debug: **ReadConfigData, stat value for last_update_host was WINDOWSS	0	WINDOWSS
2025-05-14 17:27:37	debug		System	Debug: **ReadConfigData, stat value for encryption_hash was 99CCFC0D033729754B6BB4832FE786A1	0	WINDOWSS
2025-05-14 17:27:37	debug		System	Debug: **ReadConfigData, stat value for anonymous_stat_last_update was 1747127736	0	WINDOWSS
2025-05-14 17:27:37	debug		System	Debug: **ReadConfigData, stat value for create_host was WINDOWSS	0	WINDOWSS
2025-05-14 17:27:37	debug		System	Debug: **ReadConfigData, stat value for create_time was 1747126430	0	WINDOWSS
2025-05-14 17:27:37	debug		System	Debug: **ReadConfigData, stat value for last_update was 1747127736	0	WINDOWSS
2025-05-14 17:27:37	debug		System	Debug: **ReadConfigData, stat value for last_update_host was WINDOWSS	0	WINDOWSS
2025-05-14 17:27:37	debug		System	Debug: **ReadConfigData, stat value for encryption_hash was 99CCFC0D033729754B6BB4832FE786A1	0	WINDOWSS
2025-05-14 17:27:37	debug		CredentialProviderRequest	Info: *Value for IsCredentialProviderRequest: 1	0	WINDOWSS
2025-05-14 17:27:37	debug		Server-Client	Info: *CheckUserToken server request.	0	WINDOWSS
2025-05-14 17:27:37	notice	usuariotest2	User	OK: User usuariotest2 successfully logged in (using Credential Provider) with TOTP token	0	WINDOWSS
2025-05-14 17:27:37	debug		Server-Client	Info: *Cache level is set to 1	0	WINDOWSS
2025-05-14 17:27:37	debug		Server-Client	Info: *Server secret used for command CheckUserToken with error code result 0: secretOTP	0	WINDOWSS
========================================
multiotp 5.9.9.1
Your script is running from C:\multiotp\
2025-05-14 23:04:43	debug		System	Debug: **ReadConfigData, stat value for anonymous_stat_last_update was 1747127736	0	WINDOWSS
2025-05-14 23:04:43	debug		System	Debug: **ReadConfigData, stat value for create_host was WINDOWSS	0	WINDOWSS
2025-05-14 23:04:43	debug		System	Debug: **ReadConfigData, stat value for create_time was 1747126430	0	WINDOWSS
2025-05-14 23:04:43	debug		System	Debug: **ReadConfigData, stat value for last_update was 1747127736	0	WINDOWSS
2025-05-14 23:04:43	debug		System	Debug: **ReadConfigData, stat value for last_update_host was WINDOWSS	0	WINDOWSS
2025-05-14 23:04:43	debug		System	Debug: **ReadConfigData, stat value for encryption_hash was 99CCFC0D033729754B6BB4832FE786A1	0	WINDOWSS
2025-05-14 23:04:43	debug		System	Debug: **ReadConfigData, stat value for anonymous_stat_last_update was 1747127736	0	WINDOWSS
2025-05-14 23:04:43	debug		System	Debug: **ReadConfigData, stat value for create_host was WINDOWSS	0	WINDOWSS
2025-05-14 23:04:43	debug		System	Debug: **ReadConfigData, stat value for create_time was 1747126430	0	WINDOWSS
2025-05-14 23:04:43	debug		System	Debug: **ReadConfigData, stat value for last_update was 1747127736	0	WINDOWSS
2025-05-14 23:04:43	debug		System	Debug: **ReadConfigData, stat value for last_update_host was WINDOWSS	0	WINDOWSS
2025-05-14 23:04:43	debug		System	Debug: **ReadConfigData, stat value for encryption_hash was 99CCFC0D033729754B6BB4832FE786A1	0	WINDOWSS
2025-05-14 23:04:43	debug		CredentialProviderRequest	Info: *Value for IsCredentialProviderRequest:	0	WINDOWSS
2025-05-14 23:04:43	debug		Server-Client	Info: *CheckUserExists server request for grupouno with challenge MOSH0fea4de10da140bab7933d9f33b93603	0	WINDOWSS
2025-05-14 23:04:43	debug		Server-Client	Info: *CheckUserExists intermediate error code: 22	0	WINDOWSS
2025-05-14 23:04:43	debug		Server-Client	Info: *Server secret used for command CheckUserExists with error code result 22: secretOTP	0	WINDOWSS
========================================
multiotp 5.9.9.1
Your script is running from C:\multiotp\
2025-05-14 23:04:43	debug		System	Debug: **ReadConfigData, stat value for anonymous_stat_last_update was 1747127736	0	WINDOWSS
2025-05-14 23:04:43	debug		System	Debug: **ReadConfigData, stat value for create_host was WINDOWSS	0	WINDOWSS
2025-05-14 23:04:43	debug		System	Debug: **ReadConfigData, stat value for create_time was 1747126430	0	WINDOWSS
2025-05-14 23:04:43	debug		System	Debug: **ReadConfigData, stat value for last_update was 1747127736	0	WINDOWSS
2025-05-14 23:04:43	debug		System	Debug: **ReadConfigData, stat value for last_update_host was WINDOWSS	0	WINDOWSS
2025-05-14 23:04:43	debug		System	Debug: **ReadConfigData, stat value for encryption_hash was 99CCFC0D033729754B6BB4832FE786A1	0	WINDOWSS
2025-05-14 23:04:43	debug		System	Debug: **ReadConfigData, stat value for anonymous_stat_last_update was 1747127736	0	WINDOWSS
2025-05-14 23:04:43	debug		System	Debug: **ReadConfigData, stat value for create_host was WINDOWSS	0	WINDOWSS
2025-05-14 23:04:43	debug		System	Debug: **ReadConfigData, stat value for create_time was 1747126430	0	WINDOWSS
2025-05-14 23:04:43	debug		System	Debug: **ReadConfigData, stat value for last_update was 1747127736	0	WINDOWSS
2025-05-14 23:04:43	debug		System	Debug: **ReadConfigData, stat value for last_update_host was WINDOWSS	0	WINDOWSS
2025-05-14 23:04:43	debug		System	Debug: **ReadConfigData, stat value for encryption_hash was 99CCFC0D033729754B6BB4832FE786A1	0	WINDOWSS
2025-05-14 23:04:43	debug		CredentialProviderRequest	Info: *Value for IsCredentialProviderRequest:	0	WINDOWSS
2025-05-14 23:04:43	debug		Server-Client	Info: *ReadUserData server request for grupouno	0	WINDOWSS
2025-05-14 23:04:43	debug		Server-Client	Info: *Server secret used for command ReadUserData with error code result 19: secretOTP	0	WINDOWSS
========================================
multiotp 5.9.9.1
Your script is running from C:\multiotp\
2025-05-14 23:04:43	debug		System	Debug: **ReadConfigData, stat value for anonymous_stat_last_update was 1747127736	0	WINDOWSS
2025-05-14 23:04:43	debug		System	Debug: **ReadConfigData, stat value for create_host was WINDOWSS	0	WINDOWSS
2025-05-14 23:04:43	debug		System	Debug: **ReadConfigData, stat value for create_time was 1747126430	0	WINDOWSS
2025-05-14 23:04:43	debug		System	Debug: **ReadConfigData, stat value for last_update was 1747127736	0	WINDOWSS
2025-05-14 23:04:43	debug		System	Debug: **ReadConfigData, stat value for last_update_host was WINDOWSS	0	WINDOWSS
2025-05-14 23:04:43	debug		System	Debug: **ReadConfigData, stat value for encryption_hash was 99CCFC0D033729754B6BB4832FE786A1	0	WINDOWSS
2025-05-14 23:04:43	debug		System	Debug: **ReadConfigData, stat value for anonymous_stat_last_update was 1747127736	0	WINDOWSS
2025-05-14 23:04:43	debug		System	Debug: **ReadConfigData, stat value for create_host was WINDOWSS	0	WINDOWSS
2025-05-14 23:04:43	debug		System	Debug: **ReadConfigData, stat value for create_time was 1747126430	0	WINDOWSS
2025-05-14 23:04:43	debug		System	Debug: **ReadConfigData, stat value for last_update was 1747127736	0	WINDOWSS
2025-05-14 23:04:43	debug		System	Debug: **ReadConfigData, stat value for last_update_host was WINDOWSS	0	WINDOWSS
2025-05-14 23:04:43	debug		System	Debug: **ReadConfigData, stat value for encryption_hash was 99CCFC0D033729754B6BB4832FE786A1	0	WINDOWSS
2025-05-14 23:04:43	debug		CredentialProviderRequest	Info: *Value for IsCredentialProviderRequest:	0	WINDOWSS
2025-05-14 23:04:43	debug		Server-Client	Info: *ReadUserData server request for grupouno	0	WINDOWSS
2025-05-14 23:04:43	debug		Server-Client	Info: *Server secret used for command ReadUserData with error code result 19: secretOTP	0	WINDOWSS
========================================
multiotp 5.9.9.1
Your script is running from C:\multiotp\
2025-05-14 23:04:44	debug		System	Debug: **ReadConfigData, stat value for anonymous_stat_last_update was 1747127736	0	WINDOWSS
2025-05-14 23:04:44	debug		System	Debug: **ReadConfigData, stat value for create_host was WINDOWSS	0	WINDOWSS
2025-05-14 23:04:44	debug		System	Debug: **ReadConfigData, stat value for create_time was 1747126430	0	WINDOWSS
2025-05-14 23:04:44	debug		System	Debug: **ReadConfigData, stat value for last_update was 1747127736	0	WINDOWSS
2025-05-14 23:04:44	debug		System	Debug: **ReadConfigData, stat value for last_update_host was WINDOWSS	0	WINDOWSS
2025-05-14 23:04:44	debug		System	Debug: **ReadConfigData, stat value for encryption_hash was 99CCFC0D033729754B6BB4832FE786A1	0	WINDOWSS
2025-05-14 23:04:44	debug		System	Debug: **ReadConfigData, stat value for anonymous_stat_last_update was 1747127736	0	WINDOWSS
2025-05-14 23:04:44	debug		System	Debug: **ReadConfigData, stat value for create_host was WINDOWSS	0	WINDOWSS
2025-05-14 23:04:44	debug		System	Debug: **ReadConfigData, stat value for create_time was 1747126430	0	WINDOWSS
2025-05-14 23:04:44	debug		System	Debug: **ReadConfigData, stat value for last_update was 1747127736	0	WINDOWSS
2025-05-14 23:04:44	debug		System	Debug: **ReadConfigData, stat value for last_update_host was WINDOWSS	0	WINDOWSS
2025-05-14 23:04:44	debug		System	Debug: **ReadConfigData, stat value for encryption_hash was 99CCFC0D033729754B6BB4832FE786A1	0	WINDOWSS
2025-05-14 23:04:44	debug		CredentialProviderRequest	Info: *Value for IsCredentialProviderRequest: 1	0	WINDOWSS
2025-05-14 23:04:44	debug		Server-Client	Info: *CheckUserToken server request.	0	WINDOWSS
2025-05-14 23:04:44	notice	grupouno	User	OK: User grupouno successfully logged in (using Credential Provider) with TOTP token	0	WINDOWSS
2025-05-14 23:04:44	debug		Server-Client	Info: *Cache level is set to 1	0	WINDOWSS
2025-05-14 23:04:44	debug		Server-Client	Info: *Server secret used for command CheckUserToken with error code result 0: secretOTP	0	WINDOWSS
========================================
multiotp 5.9.9.1
Your script is running from C:\multiotp\
2025-05-14 23:04:57	debug		System	Debug: **ReadConfigData, stat value for anonymous_stat_last_update was 1747127736	0	WINDOWSS
2025-05-14 23:04:57	debug		System	Debug: **ReadConfigData, stat value for create_host was WINDOWSS	0	WINDOWSS
2025-05-14 23:04:57	debug		System	Debug: **ReadConfigData, stat value for create_time was 1747126430	0	WINDOWSS
2025-05-14 23:04:57	debug		System	Debug: **ReadConfigData, stat value for last_update was 1747127736	0	WINDOWSS
2025-05-14 23:04:57	debug		System	Debug: **ReadConfigData, stat value for last_update_host was WINDOWSS	0	WINDOWSS
2025-05-14 23:04:57	debug		System	Debug: **ReadConfigData, stat value for encryption_hash was 99CCFC0D033729754B6BB4832FE786A1	0	WINDOWSS
2025-05-14 23:04:57	debug		System	Debug: **ReadConfigData, stat value for anonymous_stat_last_update was 1747127736	0	WINDOWSS
2025-05-14 23:04:57	debug		System	Debug: **ReadConfigData, stat value for create_host was WINDOWSS	0	WINDOWSS
2025-05-14 23:04:57	debug		System	Debug: **ReadConfigData, stat value for create_time was 1747126430	0	WINDOWSS
2025-05-14 23:04:57	debug		System	Debug: **ReadConfigData, stat value for last_update was 1747127736	0	WINDOWSS
2025-05-14 23:04:57	debug		System	Debug: **ReadConfigData, stat value for last_update_host was WINDOWSS	0	WINDOWSS
2025-05-14 23:04:57	debug		System	Debug: **ReadConfigData, stat value for encryption_hash was 99CCFC0D033729754B6BB4832FE786A1	0	WINDOWSS
2025-05-14 23:04:57	debug		CredentialProviderRequest	Info: *Value for IsCredentialProviderRequest:	0	WINDOWSS
2025-05-14 23:04:57	debug		Server-Client	Info: *CheckUserExists server request for grupouno with challenge MOSHe9e1b19b66345d5617f87de3cab4b869	0	WINDOWSS
2025-05-14 23:04:57	debug		Server-Client	Info: *CheckUserExists intermediate error code: 22	0	WINDOWSS
2025-05-14 23:04:57	debug		Server-Client	Info: *Server secret used for command CheckUserExists with error code result 22: secretOTP	0	WINDOWSS
========================================
multiotp 5.9.9.1
Your script is running from C:\multiotp\
2025-05-14 23:04:58	debug		System	Debug: **ReadConfigData, stat value for anonymous_stat_last_update was 1747127736	0	WINDOWSS
2025-05-14 23:04:58	debug		System	Debug: **ReadConfigData, stat value for create_host was WINDOWSS	0	WINDOWSS
2025-05-14 23:04:58	debug		System	Debug: **ReadConfigData, stat value for create_time was 1747126430	0	WINDOWSS
2025-05-14 23:04:58	debug		System	Debug: **ReadConfigData, stat value for last_update was 1747127736	0	WINDOWSS
2025-05-14 23:04:58	debug		System	Debug: **ReadConfigData, stat value for last_update_host was WINDOWSS	0	WINDOWSS
2025-05-14 23:04:58	debug		System	Debug: **ReadConfigData, stat value for encryption_hash was 99CCFC0D033729754B6BB4832FE786A1	0	WINDOWSS
2025-05-14 23:04:58	debug		System	Debug: **ReadConfigData, stat value for anonymous_stat_last_update was 1747127736	0	WINDOWSS
2025-05-14 23:04:58	debug		System	Debug: **ReadConfigData, stat value for create_host was WINDOWSS	0	WINDOWSS
2025-05-14 23:04:58	debug		System	Debug: **ReadConfigData, stat value for create_time was 1747126430	0	WINDOWSS
2025-05-14 23:04:58	debug		System	Debug: **ReadConfigData, stat value for last_update was 1747127736	0	WINDOWSS
2025-05-14 23:04:58	debug		System	Debug: **ReadConfigData, stat value for last_update_host was WINDOWSS	0	WINDOWSS
2025-05-14 23:04:58	debug		System	Debug: **ReadConfigData, stat value for encryption_hash was 99CCFC0D033729754B6BB4832FE786A1	0	WINDOWSS
2025-05-14 23:04:58	debug		CredentialProviderRequest	Info: *Value for IsCredentialProviderRequest:	0	WINDOWSS
2025-05-14 23:04:58	debug		Server-Client	Info: *ReadUserData server request for grupouno	0	WINDOWSS
2025-05-14 23:04:58	debug		Server-Client	Info: *Server secret used for command ReadUserData with error code result 19: secretOTP	0	WINDOWSS
========================================
multiotp 5.9.9.1
Your script is running from C:\multiotp\
2025-05-14 23:04:58	debug		System	Debug: **ReadConfigData, stat value for anonymous_stat_last_update was 1747127736	0	WINDOWSS
2025-05-14 23:04:58	debug		System	Debug: **ReadConfigData, stat value for create_host was WINDOWSS	0	WINDOWSS
2025-05-14 23:04:58	debug		System	Debug: **ReadConfigData, stat value for create_time was 1747126430	0	WINDOWSS
2025-05-14 23:04:58	debug		System	Debug: **ReadConfigData, stat value for last_update was 1747127736	0	WINDOWSS
2025-05-14 23:04:58	debug		System	Debug: **ReadConfigData, stat value for last_update_host was WINDOWSS	0	WINDOWSS
2025-05-14 23:04:58	debug		System	Debug: **ReadConfigData, stat value for encryption_hash was 99CCFC0D033729754B6BB4832FE786A1	0	WINDOWSS
2025-05-14 23:04:58	debug		System	Debug: **ReadConfigData, stat value for anonymous_stat_last_update was 1747127736	0	WINDOWSS
2025-05-14 23:04:58	debug		System	Debug: **ReadConfigData, stat value for create_host was WINDOWSS	0	WINDOWSS
2025-05-14 23:04:58	debug		System	Debug: **ReadConfigData, stat value for create_time was 1747126430	0	WINDOWSS
2025-05-14 23:04:58	debug		System	Debug: **ReadConfigData, stat value for last_update was 1747127736	0	WINDOWSS
2025-05-14 23:04:58	debug		System	Debug: **ReadConfigData, stat value for last_update_host was WINDOWSS	0	WINDOWSS
2025-05-14 23:04:58	debug		System	Debug: **ReadConfigData, stat value for encryption_hash was 99CCFC0D033729754B6BB4832FE786A1	0	WINDOWSS
2025-05-14 23:04:58	debug		CredentialProviderRequest	Info: *Value for IsCredentialProviderRequest:	0	WINDOWSS
2025-05-14 23:04:58	debug		Server-Client	Info: *ReadUserData server request for grupouno	0	WINDOWSS
2025-05-14 23:04:58	debug		Server-Client	Info: *Server secret used for command ReadUserData with error code result 19: secretOTP	0	WINDOWSS
========================================
multiotp 5.9.9.1
Your script is running from C:\multiotp\
2025-05-14 23:04:58	debug		System	Debug: **ReadConfigData, stat value for anonymous_stat_last_update was 1747127736	0	WINDOWSS
2025-05-14 23:04:58	debug		System	Debug: **ReadConfigData, stat value for create_host was WINDOWSS	0	WINDOWSS
2025-05-14 23:04:58	debug		System	Debug: **ReadConfigData, stat value for create_time was 1747126430	0	WINDOWSS
2025-05-14 23:04:58	debug		System	Debug: **ReadConfigData, stat value for last_update was 1747127736	0	WINDOWSS
2025-05-14 23:04:58	debug		System	Debug: **ReadConfigData, stat value for last_update_host was WINDOWSS	0	WINDOWSS
2025-05-14 23:04:58	debug		System	Debug: **ReadConfigData, stat value for encryption_hash was 99CCFC0D033729754B6BB4832FE786A1	0	WINDOWSS
2025-05-14 23:04:58	debug		System	Debug: **ReadConfigData, stat value for anonymous_stat_last_update was 1747127736	0	WINDOWSS
2025-05-14 23:04:58	debug		System	Debug: **ReadConfigData, stat value for create_host was WINDOWSS	0	WINDOWSS
2025-05-14 23:04:58	debug		System	Debug: **ReadConfigData, stat value for create_time was 1747126430	0	WINDOWSS
2025-05-14 23:04:58	debug		System	Debug: **ReadConfigData, stat value for last_update was 1747127736	0	WINDOWSS
2025-05-14 23:04:58	debug		System	Debug: **ReadConfigData, stat value for last_update_host was WINDOWSS	0	WINDOWSS
2025-05-14 23:04:58	debug		System	Debug: **ReadConfigData, stat value for encryption_hash was 99CCFC0D033729754B6BB4832FE786A1	0	WINDOWSS
2025-05-14 23:04:58	debug		CredentialProviderRequest	Info: *Value for IsCredentialProviderRequest: 1	0	WINDOWSS
2025-05-14 23:04:58	debug		Server-Client	Info: *CheckUserToken server request.	0	WINDOWSS
2025-05-14 23:04:58	warning	grupouno	User	Error: token of user grupouno already used	0	WINDOWSS
2025-05-14 23:04:58	debug		Server-Client	Info: *Server secret used for command CheckUserToken with error code result 26: secretOTP	0	WINDOWSS
========================================
multiotp 5.9.9.1
Your script is running from C:\multiotp\
2025-05-14 23:07:01	debug		System	Debug: **ReadConfigData, stat value for anonymous_stat_last_update was 1747127736	0	WINDOWSS
2025-05-14 23:07:01	debug		System	Debug: **ReadConfigData, stat value for create_host was WINDOWSS	0	WINDOWSS
2025-05-14 23:07:01	debug		System	Debug: **ReadConfigData, stat value for create_time was 1747126430	0	WINDOWSS
2025-05-14 23:07:01	debug		System	Debug: **ReadConfigData, stat value for last_update was 1747127736	0	WINDOWSS
2025-05-14 23:07:01	debug		System	Debug: **ReadConfigData, stat value for last_update_host was WINDOWSS	0	WINDOWSS
2025-05-14 23:07:01	debug		System	Debug: **ReadConfigData, stat value for encryption_hash was 99CCFC0D033729754B6BB4832FE786A1	0	WINDOWSS
2025-05-14 23:07:01	debug		System	Debug: **ReadConfigData, stat value for anonymous_stat_last_update was 1747127736	0	WINDOWSS
2025-05-14 23:07:01	debug		System	Debug: **ReadConfigData, stat value for create_host was WINDOWSS	0	WINDOWSS
2025-05-14 23:07:01	debug		System	Debug: **ReadConfigData, stat value for create_time was 1747126430	0	WINDOWSS
2025-05-14 23:07:01	debug		System	Debug: **ReadConfigData, stat value for last_update was 1747127736	0	WINDOWSS
2025-05-14 23:07:01	debug		System	Debug: **ReadConfigData, stat value for last_update_host was WINDOWSS	0	WINDOWSS
2025-05-14 23:07:01	debug		System	Debug: **ReadConfigData, stat value for encryption_hash was 99CCFC0D033729754B6BB4832FE786A1	0	WINDOWSS
2025-05-14 23:07:01	debug		CredentialProviderRequest	Info: *Value for IsCredentialProviderRequest:	0	WINDOWSS
2025-05-14 23:07:01	debug		Server-Client	Info: *CheckUserExists server request for usuariotest2 with challenge MOSH4929d7190843bcb2d24331f3330ecfce	0	WINDOWSS
2025-05-14 23:07:01	debug		Server-Client	Info: *CheckUserExists intermediate error code: 22	0	WINDOWSS
2025-05-14 23:07:01	debug		Server-Client	Info: *Server secret used for command CheckUserExists with error code result 22: secretOTP	0	WINDOWSS
========================================
multiotp 5.9.9.1
Your script is running from C:\multiotp\
2025-05-14 23:07:02	debug		System	Debug: **ReadConfigData, stat value for anonymous_stat_last_update was 1747127736	0	WINDOWSS
2025-05-14 23:07:02	debug		System	Debug: **ReadConfigData, stat value for create_host was WINDOWSS	0	WINDOWSS
2025-05-14 23:07:02	debug		System	Debug: **ReadConfigData, stat value for create_time was 1747126430	0	WINDOWSS
2025-05-14 23:07:02	debug		System	Debug: **ReadConfigData, stat value for last_update was 1747127736	0	WINDOWSS
2025-05-14 23:07:02	debug		System	Debug: **ReadConfigData, stat value for last_update_host was WINDOWSS	0	WINDOWSS
2025-05-14 23:07:02	debug		System	Debug: **ReadConfigData, stat value for encryption_hash was 99CCFC0D033729754B6BB4832FE786A1	0	WINDOWSS
2025-05-14 23:07:02	debug		System	Debug: **ReadConfigData, stat value for anonymous_stat_last_update was 1747127736	0	WINDOWSS
2025-05-14 23:07:02	debug		System	Debug: **ReadConfigData, stat value for create_host was WINDOWSS	0	WINDOWSS
2025-05-14 23:07:02	debug		System	Debug: **ReadConfigData, stat value for create_time was 1747126430	0	WINDOWSS
2025-05-14 23:07:02	debug		System	Debug: **ReadConfigData, stat value for last_update was 1747127736	0	WINDOWSS
2025-05-14 23:07:02	debug		System	Debug: **ReadConfigData, stat value for last_update_host was WINDOWSS	0	WINDOWSS
2025-05-14 23:07:02	debug		System	Debug: **ReadConfigData, stat value for encryption_hash was 99CCFC0D033729754B6BB4832FE786A1	0	WINDOWSS
2025-05-14 23:07:02	debug		CredentialProviderRequest	Info: *Value for IsCredentialProviderRequest:	0	WINDOWSS
2025-05-14 23:07:02	debug		Server-Client	Info: *ReadUserData server request for usuariotest2	0	WINDOWSS
2025-05-14 23:07:02	debug		Server-Client	Info: *Server secret used for command ReadUserData with error code result 19: secretOTP	0	WINDOWSS
========================================
multiotp 5.9.9.1
Your script is running from C:\multiotp\
2025-05-14 23:07:02	debug		System	Debug: **ReadConfigData, stat value for anonymous_stat_last_update was 1747127736	0	WINDOWSS
2025-05-14 23:07:02	debug		System	Debug: **ReadConfigData, stat value for create_host was WINDOWSS	0	WINDOWSS
2025-05-14 23:07:02	debug		System	Debug: **ReadConfigData, stat value for create_time was 1747126430	0	WINDOWSS
2025-05-14 23:07:02	debug		System	Debug: **ReadConfigData, stat value for last_update was 1747127736	0	WINDOWSS
2025-05-14 23:07:02	debug		System	Debug: **ReadConfigData, stat value for last_update_host was WINDOWSS	0	WINDOWSS
2025-05-14 23:07:02	debug		System	Debug: **ReadConfigData, stat value for encryption_hash was 99CCFC0D033729754B6BB4832FE786A1	0	WINDOWSS
2025-05-14 23:07:02	debug		System	Debug: **ReadConfigData, stat value for anonymous_stat_last_update was 1747127736	0	WINDOWSS
2025-05-14 23:07:02	debug		System	Debug: **ReadConfigData, stat value for create_host was WINDOWSS	0	WINDOWSS
2025-05-14 23:07:02	debug		System	Debug: **ReadConfigData, stat value for create_time was 1747126430	0	WINDOWSS
2025-05-14 23:07:02	debug		System	Debug: **ReadConfigData, stat value for last_update was 1747127736	0	WINDOWSS
2025-05-14 23:07:02	debug		System	Debug: **ReadConfigData, stat value for last_update_host was WINDOWSS	0	WINDOWSS
2025-05-14 23:07:02	debug		System	Debug: **ReadConfigData, stat value for encryption_hash was 99CCFC0D033729754B6BB4832FE786A1	0	WINDOWSS
2025-05-14 23:07:02	debug		CredentialProviderRequest	Info: *Value for IsCredentialProviderRequest:	0	WINDOWSS
2025-05-14 23:07:02	debug		Server-Client	Info: *ReadUserData server request for usuariotest2	0	WINDOWSS
2025-05-14 23:07:02	debug		Server-Client	Info: *Server secret used for command ReadUserData with error code result 19: secretOTP	0	WINDOWSS
========================================
multiotp 5.9.9.1
Your script is running from C:\multiotp\
2025-05-14 23:07:02	debug		System	Debug: **ReadConfigData, stat value for anonymous_stat_last_update was 1747127736	0	WINDOWSS
2025-05-14 23:07:02	debug		System	Debug: **ReadConfigData, stat value for create_host was WINDOWSS	0	WINDOWSS
2025-05-14 23:07:02	debug		System	Debug: **ReadConfigData, stat value for create_time was 1747126430	0	WINDOWSS
2025-05-14 23:07:02	debug		System	Debug: **ReadConfigData, stat value for last_update was 1747127736	0	WINDOWSS
2025-05-14 23:07:02	debug		System	Debug: **ReadConfigData, stat value for last_update_host was WINDOWSS	0	WINDOWSS
2025-05-14 23:07:02	debug		System	Debug: **ReadConfigData, stat value for encryption_hash was 99CCFC0D033729754B6BB4832FE786A1	0	WINDOWSS
2025-05-14 23:07:02	debug		System	Debug: **ReadConfigData, stat value for anonymous_stat_last_update was 1747127736	0	WINDOWSS
2025-05-14 23:07:02	debug		System	Debug: **ReadConfigData, stat value for create_host was WINDOWSS	0	WINDOWSS
2025-05-14 23:07:02	debug		System	Debug: **ReadConfigData, stat value for create_time was 1747126430	0	WINDOWSS
2025-05-14 23:07:02	debug		System	Debug: **ReadConfigData, stat value for last_update was 1747127736	0	WINDOWSS
2025-05-14 23:07:02	debug		System	Debug: **ReadConfigData, stat value for last_update_host was WINDOWSS	0	WINDOWSS
2025-05-14 23:07:02	debug		System	Debug: **ReadConfigData, stat value for encryption_hash was 99CCFC0D033729754B6BB4832FE786A1	0	WINDOWSS
2025-05-14 23:07:02	debug		CredentialProviderRequest	Info: *Value for IsCredentialProviderRequest: 1	0	WINDOWSS
2025-05-14 23:07:02	debug		Server-Client	Info: *CheckUserToken server request.	0	WINDOWSS
2025-05-14 23:07:02	notice	usuariotest2	User	OK: User usuariotest2 successfully logged in (using Credential Provider) with TOTP token	0	WINDOWSS
2025-05-14 23:07:02	debug		Server-Client	Info: *Cache level is set to 1	0	WINDOWSS
2025-05-14 23:07:02	debug		Server-Client	Info: *Server secret used for command CheckUserToken with error code result 0: secretOTP	0	WINDOWSS
========================================
multiotp 5.9.9.1
Your script is running from C:\multiotp\
2025-05-14 23:08:59	debug		System	Debug: **ReadConfigData, stat value for anonymous_stat_last_update was 1747127736	0	WINDOWSS
2025-05-14 23:08:59	debug		System	Debug: **ReadConfigData, stat value for create_host was WINDOWSS	0	WINDOWSS
2025-05-14 23:08:59	debug		System	Debug: **ReadConfigData, stat value for create_time was 1747126430	0	WINDOWSS
2025-05-14 23:08:59	debug		System	Debug: **ReadConfigData, stat value for last_update was 1747127736	0	WINDOWSS
2025-05-14 23:08:59	debug		System	Debug: **ReadConfigData, stat value for last_update_host was WINDOWSS	0	WINDOWSS
2025-05-14 23:08:59	debug		System	Debug: **ReadConfigData, stat value for encryption_hash was 99CCFC0D033729754B6BB4832FE786A1	0	WINDOWSS
2025-05-14 23:08:59	debug		System	Debug: **ReadConfigData, stat value for anonymous_stat_last_update was 1747127736	0	WINDOWSS
2025-05-14 23:08:59	debug		System	Debug: **ReadConfigData, stat value for create_host was WINDOWSS	0	WINDOWSS
2025-05-14 23:08:59	debug		System	Debug: **ReadConfigData, stat value for create_time was 1747126430	0	WINDOWSS
2025-05-14 23:08:59	debug		System	Debug: **ReadConfigData, stat value for last_update was 1747127736	0	WINDOWSS
2025-05-14 23:08:59	debug		System	Debug: **ReadConfigData, stat value for last_update_host was WINDOWSS	0	WINDOWSS
2025-05-14 23:08:59	debug		System	Debug: **ReadConfigData, stat value for encryption_hash was 99CCFC0D033729754B6BB4832FE786A1	0	WINDOWSS
========================================
multiotp 5.9.9.1
Your script is running from C:\multiotp\
2025-05-14 23:08:59	debug		System	Debug: **ReadConfigData, stat value for anonymous_stat_last_update was 1747127736	0	WINDOWSS
2025-05-14 23:08:59	debug		System	Debug: **ReadConfigData, stat value for create_host was WINDOWSS	0	WINDOWSS
2025-05-14 23:08:59	debug		System	Debug: **ReadConfigData, stat value for create_time was 1747126430	0	WINDOWSS
2025-05-14 23:08:59	debug		System	Debug: **ReadConfigData, stat value for last_update was 1747127736	0	WINDOWSS
2025-05-14 23:08:59	debug		System	Debug: **ReadConfigData, stat value for last_update_host was WINDOWSS	0	WINDOWSS
2025-05-14 23:08:59	debug		System	Debug: **ReadConfigData, stat value for encryption_hash was 99CCFC0D033729754B6BB4832FE786A1	0	WINDOWSS
2025-05-14 23:08:59	debug		System	Debug: **ReadConfigData, stat value for anonymous_stat_last_update was 1747127736	0	WINDOWSS
2025-05-14 23:08:59	debug		System	Debug: **ReadConfigData, stat value for create_host was WINDOWSS	0	WINDOWSS
2025-05-14 23:08:59	debug		System	Debug: **ReadConfigData, stat value for create_time was 1747126430	0	WINDOWSS
2025-05-14 23:08:59	debug		System	Debug: **ReadConfigData, stat value for last_update was 1747127736	0	WINDOWSS
2025-05-14 23:08:59	debug		System	Debug: **ReadConfigData, stat value for last_update_host was WINDOWSS	0	WINDOWSS
2025-05-14 23:08:59	debug		System	Debug: **ReadConfigData, stat value for encryption_hash was 99CCFC0D033729754B6BB4832FE786A1	0	WINDOWSS
========================================
multiotp 5.9.9.1
Your script is running from C:\multiotp\
2025-05-14 23:09:00	debug		System	Debug: **ReadConfigData, stat value for anonymous_stat_last_update was 1747127736	0	WINDOWSS
2025-05-14 23:09:00	debug		System	Debug: **ReadConfigData, stat value for create_host was WINDOWSS	0	WINDOWSS
2025-05-14 23:09:00	debug		System	Debug: **ReadConfigData, stat value for create_time was 1747126430	0	WINDOWSS
2025-05-14 23:09:00	debug		System	Debug: **ReadConfigData, stat value for last_update was 1747127736	0	WINDOWSS
2025-05-14 23:09:00	debug		System	Debug: **ReadConfigData, stat value for last_update_host was WINDOWSS	0	WINDOWSS
2025-05-14 23:09:00	debug		System	Debug: **ReadConfigData, stat value for encryption_hash was 99CCFC0D033729754B6BB4832FE786A1	0	WINDOWSS
2025-05-14 23:09:00	debug		System	Debug: **ReadConfigData, stat value for anonymous_stat_last_update was 1747127736	0	WINDOWSS
2025-05-14 23:09:00	debug		System	Debug: **ReadConfigData, stat value for create_host was WINDOWSS	0	WINDOWSS
2025-05-14 23:09:00	debug		System	Debug: **ReadConfigData, stat value for create_time was 1747126430	0	WINDOWSS
2025-05-14 23:09:00	debug		System	Debug: **ReadConfigData, stat value for last_update was 1747127736	0	WINDOWSS
2025-05-14 23:09:00	debug		System	Debug: **ReadConfigData, stat value for last_update_host was WINDOWSS	0	WINDOWSS
2025-05-14 23:09:00	debug		System	Debug: **ReadConfigData, stat value for encryption_hash was 99CCFC0D033729754B6BB4832FE786A1	0	WINDOWSS
========================================
multiotp 5.9.9.1
Your script is running from C:\multiotp\
2025-05-14 23:09:00	debug		System	Debug: **ReadConfigData, stat value for anonymous_stat_last_update was 1747127736	0	WINDOWSS
2025-05-14 23:09:00	debug		System	Debug: **ReadConfigData, stat value for create_host was WINDOWSS	0	WINDOWSS
2025-05-14 23:09:00	debug		System	Debug: **ReadConfigData, stat value for create_time was 1747126430	0	WINDOWSS
2025-05-14 23:09:00	debug		System	Debug: **ReadConfigData, stat value for last_update was 1747127736	0	WINDOWSS
2025-05-14 23:09:00	debug		System	Debug: **ReadConfigData, stat value for last_update_host was WINDOWSS	0	WINDOWSS
2025-05-14 23:09:00	debug		System	Debug: **ReadConfigData, stat value for encryption_hash was 99CCFC0D033729754B6BB4832FE786A1	0	WINDOWSS
2025-05-14 23:09:00	debug		System	Debug: **ReadConfigData, stat value for anonymous_stat_last_update was 1747127736	0	WINDOWSS
2025-05-14 23:09:00	debug		System	Debug: **ReadConfigData, stat value for create_host was WINDOWSS	0	WINDOWSS
2025-05-14 23:09:00	debug		System	Debug: **ReadConfigData, stat value for create_time was 1747126430	0	WINDOWSS
2025-05-14 23:09:00	debug		System	Debug: **ReadConfigData, stat value for last_update was 1747127736	0	WINDOWSS
2025-05-14 23:09:00	debug		System	Debug: **ReadConfigData, stat value for last_update_host was WINDOWSS	0	WINDOWSS
2025-05-14 23:09:00	debug		System	Debug: **ReadConfigData, stat value for encryption_hash was 99CCFC0D033729754B6BB4832FE786A1	0	WINDOWSS
========================================
multiotp 5.9.9.1
Your script is running from C:\multiotp\
2025-05-14 23:09:00	debug		System	Debug: **ReadConfigData, stat value for anonymous_stat_last_update was 1747127736	0	WINDOWSS
2025-05-14 23:09:00	debug		System	Debug: **ReadConfigData, stat value for create_host was WINDOWSS	0	WINDOWSS
2025-05-14 23:09:00	debug		System	Debug: **ReadConfigData, stat value for create_time was 1747126430	0	WINDOWSS
2025-05-14 23:09:00	debug		System	Debug: **ReadConfigData, stat value for last_update was 1747127736	0	WINDOWSS
2025-05-14 23:09:00	debug		System	Debug: **ReadConfigData, stat value for last_update_host was WINDOWSS	0	WINDOWSS
2025-05-14 23:09:00	debug		System	Debug: **ReadConfigData, stat value for encryption_hash was 99CCFC0D033729754B6BB4832FE786A1	0	WINDOWSS
2025-05-14 23:09:00	debug		System	Debug: **ReadConfigData, stat value for anonymous_stat_last_update was 1747127736	0	WINDOWSS
2025-05-14 23:09:00	debug		System	Debug: **ReadConfigData, stat value for create_host was WINDOWSS	0	WINDOWSS
2025-05-14 23:09:00	debug		System	Debug: **ReadConfigData, stat value for create_time was 1747126430	0	WINDOWSS
2025-05-14 23:09:00	debug		System	Debug: **ReadConfigData, stat value for last_update was 1747127736	0	WINDOWSS
2025-05-14 23:09:00	debug		System	Debug: **ReadConfigData, stat value for last_update_host was WINDOWSS	0	WINDOWSS
2025-05-14 23:09:00	debug		System	Debug: **ReadConfigData, stat value for encryption_hash was 99CCFC0D033729754B6BB4832FE786A1	0	WINDOWSS
========================================
multiotp 5.9.9.1
Your script is running from C:\multiotp\
2025-05-14 23:09:00	debug		System	Debug: **ReadConfigData, stat value for anonymous_stat_last_update was 1747127736	0	WINDOWSS
2025-05-14 23:09:00	debug		System	Debug: **ReadConfigData, stat value for create_host was WINDOWSS	0	WINDOWSS
2025-05-14 23:09:00	debug		System	Debug: **ReadConfigData, stat value for create_time was 1747126430	0	WINDOWSS
2025-05-14 23:09:00	debug		System	Debug: **ReadConfigData, stat value for last_update was 1747127736	0	WINDOWSS
2025-05-14 23:09:00	debug		System	Debug: **ReadConfigData, stat value for last_update_host was WINDOWSS	0	WINDOWSS
2025-05-14 23:09:00	debug		System	Debug: **ReadConfigData, stat value for encryption_hash was 99CCFC0D033729754B6BB4832FE786A1	0	WINDOWSS
2025-05-14 23:09:00	debug		System	Debug: **ReadConfigData, stat value for anonymous_stat_last_update was 1747127736	0	WINDOWSS
2025-05-14 23:09:00	debug		System	Debug: **ReadConfigData, stat value for create_host was WINDOWSS	0	WINDOWSS
2025-05-14 23:09:00	debug		System	Debug: **ReadConfigData, stat value for create_time was 1747126430	0	WINDOWSS
2025-05-14 23:09:00	debug		System	Debug: **ReadConfigData, stat value for last_update was 1747127736	0	WINDOWSS
2025-05-14 23:09:00	debug		System	Debug: **ReadConfigData, stat value for last_update_host was WINDOWSS	0	WINDOWSS
2025-05-14 23:09:00	debug		System	Debug: **ReadConfigData, stat value for encryption_hash was 99CCFC0D033729754B6BB4832FE786A1	0	WINDOWSS
========================================
multiotp 5.9.9.1
Your script is running from C:\multiotp\
2025-05-14 23:09:00	debug		System	Debug: **ReadConfigData, stat value for anonymous_stat_last_update was 1747127736	0	WINDOWSS
2025-05-14 23:09:00	debug		System	Debug: **ReadConfigData, stat value for create_host was WINDOWSS	0	WINDOWSS
2025-05-14 23:09:00	debug		System	Debug: **ReadConfigData, stat value for create_time was 1747126430	0	WINDOWSS
2025-05-14 23:09:00	debug		System	Debug: **ReadConfigData, stat value for last_update was 1747127736	0	WINDOWSS
2025-05-14 23:09:00	debug		System	Debug: **ReadConfigData, stat value for last_update_host was WINDOWSS	0	WINDOWSS
2025-05-14 23:09:00	debug		System	Debug: **ReadConfigData, stat value for encryption_hash was 99CCFC0D033729754B6BB4832FE786A1	0	WINDOWSS
2025-05-14 23:09:00	debug		System	Debug: **ReadConfigData, stat value for anonymous_stat_last_update was 1747127736	0	WINDOWSS
2025-05-14 23:09:00	debug		System	Debug: **ReadConfigData, stat value for create_host was WINDOWSS	0	WINDOWSS
2025-05-14 23:09:00	debug		System	Debug: **ReadConfigData, stat value for create_time was 1747126430	0	WINDOWSS
2025-05-14 23:09:00	debug		System	Debug: **ReadConfigData, stat value for last_update was 1747127736	0	WINDOWSS
2025-05-14 23:09:00	debug		System	Debug: **ReadConfigData, stat value for last_update_host was WINDOWSS	0	WINDOWSS
2025-05-14 23:09:00	debug		System	Debug: **ReadConfigData, stat value for encryption_hash was 99CCFC0D033729754B6BB4832FE786A1	0	WINDOWSS
========================================
multiotp 5.9.9.1
Your script is running from C:\multiotp\
2025-05-14 23:09:02	debug		System	Debug: **ReadConfigData, stat value for anonymous_stat_last_update was 1747127736	0	WINDOWSS
2025-05-14 23:09:02	debug		System	Debug: **ReadConfigData, stat value for create_host was WINDOWSS	0	WINDOWSS
2025-05-14 23:09:02	debug		System	Debug: **ReadConfigData, stat value for create_time was 1747126430	0	WINDOWSS
2025-05-14 23:09:02	debug		System	Debug: **ReadConfigData, stat value for last_update was 1747127736	0	WINDOWSS
2025-05-14 23:09:02	debug		System	Debug: **ReadConfigData, stat value for last_update_host was WINDOWSS	0	WINDOWSS
2025-05-14 23:09:02	debug		System	Debug: **ReadConfigData, stat value for encryption_hash was 99CCFC0D033729754B6BB4832FE786A1	0	WINDOWSS
2025-05-14 23:09:02	debug		System	Debug: **ReadConfigData, stat value for anonymous_stat_last_update was 1747127736	0	WINDOWSS
2025-05-14 23:09:02	debug		System	Debug: **ReadConfigData, stat value for create_host was WINDOWSS	0	WINDOWSS
2025-05-14 23:09:02	debug		System	Debug: **ReadConfigData, stat value for create_time was 1747126430	0	WINDOWSS
2025-05-14 23:09:02	debug		System	Debug: **ReadConfigData, stat value for last_update was 1747127736	0	WINDOWSS
2025-05-14 23:09:02	debug		System	Debug: **ReadConfigData, stat value for last_update_host was WINDOWSS	0	WINDOWSS
2025-05-14 23:09:02	debug		System	Debug: **ReadConfigData, stat value for encryption_hash was 99CCFC0D033729754B6BB4832FE786A1	0	WINDOWSS
========================================
multiotp 5.9.9.1
Your script is running from C:\multiotp\
2025-05-14 23:09:03	debug		System	Debug: **ReadConfigData, stat value for anonymous_stat_last_update was 1747127736	0	WINDOWSS
2025-05-14 23:09:03	debug		System	Debug: **ReadConfigData, stat value for create_host was WINDOWSS	0	WINDOWSS
2025-05-14 23:09:03	debug		System	Debug: **ReadConfigData, stat value for create_time was 1747126430	0	WINDOWSS
2025-05-14 23:09:03	debug		System	Debug: **ReadConfigData, stat value for last_update was 1747127736	0	WINDOWSS
2025-05-14 23:09:03	debug		System	Debug: **ReadConfigData, stat value for last_update_host was WINDOWSS	0	WINDOWSS
2025-05-14 23:09:03	debug		System	Debug: **ReadConfigData, stat value for encryption_hash was 99CCFC0D033729754B6BB4832FE786A1	0	WINDOWSS
2025-05-14 23:09:03	debug		System	Debug: **ReadConfigData, stat value for anonymous_stat_last_update was 1747127736	0	WINDOWSS
2025-05-14 23:09:03	debug		System	Debug: **ReadConfigData, stat value for create_host was WINDOWSS	0	WINDOWSS
2025-05-14 23:09:03	debug		System	Debug: **ReadConfigData, stat value for create_time was 1747126430	0	WINDOWSS
2025-05-14 23:09:03	debug		System	Debug: **ReadConfigData, stat value for last_update was 1747127736	0	WINDOWSS
2025-05-14 23:09:03	debug		System	Debug: **ReadConfigData, stat value for last_update_host was WINDOWSS	0	WINDOWSS
2025-05-14 23:09:03	debug		System	Debug: **ReadConfigData, stat value for encryption_hash was 99CCFC0D033729754B6BB4832FE786A1	0	WINDOWSS
========================================
multiotp 5.9.9.1
Your script is running from C:\multiotp\
2025-05-14 23:09:03	debug		System	Debug: **ReadConfigData, stat value for anonymous_stat_last_update was 1747127736	0	WINDOWSS
2025-05-14 23:09:03	debug		System	Debug: **ReadConfigData, stat value for create_host was WINDOWSS	0	WINDOWSS
2025-05-14 23:09:03	debug		System	Debug: **ReadConfigData, stat value for create_time was 1747126430	0	WINDOWSS
2025-05-14 23:09:03	debug		System	Debug: **ReadConfigData, stat value for last_update was 1747127736	0	WINDOWSS
2025-05-14 23:09:03	debug		System	Debug: **ReadConfigData, stat value for last_update_host was WINDOWSS	0	WINDOWSS
2025-05-14 23:09:03	debug		System	Debug: **ReadConfigData, stat value for encryption_hash was 99CCFC0D033729754B6BB4832FE786A1	0	WINDOWSS
2025-05-14 23:09:03	debug		System	Debug: **ReadConfigData, stat value for anonymous_stat_last_update was 1747127736	0	WINDOWSS
2025-05-14 23:09:03	debug		System	Debug: **ReadConfigData, stat value for create_host was WINDOWSS	0	WINDOWSS
2025-05-14 23:09:03	debug		System	Debug: **ReadConfigData, stat value for create_time was 1747126430	0	WINDOWSS
2025-05-14 23:09:03	debug		System	Debug: **ReadConfigData, stat value for last_update was 1747127736	0	WINDOWSS
2025-05-14 23:09:03	debug		System	Debug: **ReadConfigData, stat value for last_update_host was WINDOWSS	0	WINDOWSS
2025-05-14 23:09:03	debug		System	Debug: **ReadConfigData, stat value for encryption_hash was 99CCFC0D033729754B6BB4832FE786A1	0	WINDOWSS
========================================
multiotp 5.9.9.1
Your script is running from C:\multiotp\
2025-05-14 23:09:03	debug		System	Debug: **ReadConfigData, stat value for anonymous_stat_last_update was 1747127736	0	WINDOWSS
2025-05-14 23:09:03	debug		System	Debug: **ReadConfigData, stat value for create_host was WINDOWSS	0	WINDOWSS
2025-05-14 23:09:03	debug		System	Debug: **ReadConfigData, stat value for create_time was 1747126430	0	WINDOWSS
2025-05-14 23:09:03	debug		System	Debug: **ReadConfigData, stat value for last_update was 1747127736	0	WINDOWSS
2025-05-14 23:09:03	debug		System	Debug: **ReadConfigData, stat value for last_update_host was WINDOWSS	0	WINDOWSS
2025-05-14 23:09:03	debug		System	Debug: **ReadConfigData, stat value for encryption_hash was 99CCFC0D033729754B6BB4832FE786A1	0	WINDOWSS
2025-05-14 23:09:03	debug		System	Debug: **ReadConfigData, stat value for anonymous_stat_last_update was 1747127736	0	WINDOWSS
2025-05-14 23:09:03	debug		System	Debug: **ReadConfigData, stat value for create_host was WINDOWSS	0	WINDOWSS
2025-05-14 23:09:03	debug		System	Debug: **ReadConfigData, stat value for create_time was 1747126430	0	WINDOWSS
2025-05-14 23:09:03	debug		System	Debug: **ReadConfigData, stat value for last_update was 1747127736	0	WINDOWSS
2025-05-14 23:09:03	debug		System	Debug: **ReadConfigData, stat value for last_update_host was WINDOWSS	0	WINDOWSS
2025-05-14 23:09:03	debug		System	Debug: **ReadConfigData, stat value for encryption_hash was 99CCFC0D033729754B6BB4832FE786A1	0	WINDOWSS
========================================
multiotp 5.9.9.1
Your script is running from C:\multiotp\
2025-05-14 23:09:03	debug		System	Debug: **ReadConfigData, stat value for anonymous_stat_last_update was 1747127736	0	WINDOWSS
2025-05-14 23:09:03	debug		System	Debug: **ReadConfigData, stat value for create_host was WINDOWSS	0	WINDOWSS
2025-05-14 23:09:03	debug		System	Debug: **ReadConfigData, stat value for create_time was 1747126430	0	WINDOWSS
2025-05-14 23:09:03	debug		System	Debug: **ReadConfigData, stat value for last_update was 1747127736	0	WINDOWSS
2025-05-14 23:09:03	debug		System	Debug: **ReadConfigData, stat value for last_update_host was WINDOWSS	0	WINDOWSS
2025-05-14 23:09:03	debug		System	Debug: **ReadConfigData, stat value for encryption_hash was 99CCFC0D033729754B6BB4832FE786A1	0	WINDOWSS
2025-05-14 23:09:03	debug		System	Debug: **ReadConfigData, stat value for anonymous_stat_last_update was 1747127736	0	WINDOWSS
2025-05-14 23:09:03	debug		System	Debug: **ReadConfigData, stat value for create_host was WINDOWSS	0	WINDOWSS
2025-05-14 23:09:03	debug		System	Debug: **ReadConfigData, stat value for create_time was 1747126430	0	WINDOWSS
2025-05-14 23:09:03	debug		System	Debug: **ReadConfigData, stat value for last_update was 1747127736	0	WINDOWSS
2025-05-14 23:09:03	debug		System	Debug: **ReadConfigData, stat value for last_update_host was WINDOWSS	0	WINDOWSS
2025-05-14 23:09:03	debug		System	Debug: **ReadConfigData, stat value for encryption_hash was 99CCFC0D033729754B6BB4832FE786A1	0	WINDOWSS
========================================
multiotp 5.9.9.1
Your script is running from C:\multiotp\
2025-05-14 23:09:03	debug		System	Debug: **ReadConfigData, stat value for anonymous_stat_last_update was 1747127736	0	WINDOWSS
2025-05-14 23:09:03	debug		System	Debug: **ReadConfigData, stat value for create_host was WINDOWSS	0	WINDOWSS
2025-05-14 23:09:03	debug		System	Debug: **ReadConfigData, stat value for create_time was 1747126430	0	WINDOWSS
2025-05-14 23:09:03	debug		System	Debug: **ReadConfigData, stat value for last_update was 1747127736	0	WINDOWSS
2025-05-14 23:09:03	debug		System	Debug: **ReadConfigData, stat value for last_update_host was WINDOWSS	0	WINDOWSS
2025-05-14 23:09:03	debug		System	Debug: **ReadConfigData, stat value for encryption_hash was 99CCFC0D033729754B6BB4832FE786A1	0	WINDOWSS
2025-05-14 23:09:03	debug		System	Debug: **ReadConfigData, stat value for anonymous_stat_last_update was 1747127736	0	WINDOWSS
2025-05-14 23:09:03	debug		System	Debug: **ReadConfigData, stat value for create_host was WINDOWSS	0	WINDOWSS
2025-05-14 23:09:03	debug		System	Debug: **ReadConfigData, stat value for create_time was 1747126430	0	WINDOWSS
2025-05-14 23:09:03	debug		System	Debug: **ReadConfigData, stat value for last_update was 1747127736	0	WINDOWSS
2025-05-14 23:09:03	debug		System	Debug: **ReadConfigData, stat value for last_update_host was WINDOWSS	0	WINDOWSS
2025-05-14 23:09:03	debug		System	Debug: **ReadConfigData, stat value for encryption_hash was 99CCFC0D033729754B6BB4832FE786A1	0	WINDOWSS
========================================
multiotp 5.9.9.1
Your script is running from C:\multiOTP\.\
2025-05-14 23:14:11	debug		System	Debug: **ReadConfigData, stat value for anonymous_stat_last_update was 1747127736	0	WINDOWSS
2025-05-14 23:14:11	debug		System	Debug: **ReadConfigData, stat value for create_host was WINDOWSS	0	WINDOWSS
2025-05-14 23:14:11	debug		System	Debug: **ReadConfigData, stat value for create_time was 1747126430	0	WINDOWSS
2025-05-14 23:14:11	debug		System	Debug: **ReadConfigData, stat value for last_update was 1747127736	0	WINDOWSS
2025-05-14 23:14:11	debug		System	Debug: **ReadConfigData, stat value for last_update_host was WINDOWSS	0	WINDOWSS
2025-05-14 23:14:11	debug		System	Debug: **ReadConfigData, stat value for encryption_hash was 99CCFC0D033729754B6BB4832FE786A1	0	WINDOWSS
2025-05-14 23:14:11	debug		System	Debug: **ReadConfigData, stat value for anonymous_stat_last_update was 1747127736	0	WINDOWSS
2025-05-14 23:14:11	debug		System	Debug: **ReadConfigData, stat value for create_host was WINDOWSS	0	WINDOWSS
2025-05-14 23:14:11	debug		System	Debug: **ReadConfigData, stat value for create_time was 1747126430	0	WINDOWSS
2025-05-14 23:14:11	debug		System	Debug: **ReadConfigData, stat value for last_update was 1747127736	0	WINDOWSS
2025-05-14 23:14:12	debug		System	Debug: **ReadConfigData, stat value for last_update_host was WINDOWSS	0	WINDOWSS
2025-05-14 23:14:12	debug		System	Debug: **ReadConfigData, stat value for encryption_hash was 99CCFC0D033729754B6BB4832FE786A1	0	WINDOWSS
2025-05-14 23:14:12	debug		LDAP	Debug: *AD/LDAP synchronization started at 23:14:12 / Memory used: 14.6MB / Peak: 27.2MB	0	WINDOWSS
2025-05-14 23:14:12	info		LDAP	Info: AD/LDAP synchronization started	0	WINDOWSS
2025-05-14 23:14:12	debug		System	Debug: *LDAP cache folder value: C:\Users\Administrator\AppData\Local\Temp\.ldap_cache/	0	WINDOWSS
2025-05-14 23:14:12	debug		System	Info: *File created: C:\multiOTP\.\users\grupo1.db	1	WINDOWSS
2025-05-14 23:14:12	info		System	Info: User grupo1 automatically created	1	WINDOWSS
2025-05-14 23:14:12	info		LDAP	Info: 1 user created, based on 8 LDAP entries (processed in 00:00:00)	0	WINDOWSS
2025-05-14 23:14:12	debug		Debug	Debug: *19 INFO: Requested operation successfully done	0	WINDOWSS
========================================
multiotp 5.9.9.1
Your script is running from C:\multiotp\
2025-05-14 23:14:24	debug		System	Debug: **ReadConfigData, stat value for anonymous_stat_last_update was 1747127736	0	WINDOWSS
2025-05-14 23:14:24	debug		System	Debug: **ReadConfigData, stat value for create_host was WINDOWSS	0	WINDOWSS
2025-05-14 23:14:24	debug		System	Debug: **ReadConfigData, stat value for create_time was 1747126430	0	WINDOWSS
2025-05-14 23:14:24	debug		System	Debug: **ReadConfigData, stat value for last_update was 1747127736	0	WINDOWSS
2025-05-14 23:14:24	debug		System	Debug: **ReadConfigData, stat value for last_update_host was WINDOWSS	0	WINDOWSS
2025-05-14 23:14:24	debug		System	Debug: **ReadConfigData, stat value for encryption_hash was 99CCFC0D033729754B6BB4832FE786A1	0	WINDOWSS
2025-05-14 23:14:24	debug		System	Debug: **ReadConfigData, stat value for anonymous_stat_last_update was 1747127736	0	WINDOWSS
2025-05-14 23:14:24	debug		System	Debug: **ReadConfigData, stat value for create_host was WINDOWSS	0	WINDOWSS
2025-05-14 23:14:24	debug		System	Debug: **ReadConfigData, stat value for create_time was 1747126430	0	WINDOWSS
2025-05-14 23:14:24	debug		System	Debug: **ReadConfigData, stat value for last_update was 1747127736	0	WINDOWSS
2025-05-14 23:14:24	debug		System	Debug: **ReadConfigData, stat value for last_update_host was WINDOWSS	0	WINDOWSS
2025-05-14 23:14:24	debug		System	Debug: **ReadConfigData, stat value for encryption_hash was 99CCFC0D033729754B6BB4832FE786A1	0	WINDOWSS
========================================
multiotp 5.9.9.1
Your script is running from C:\multiotp\
2025-05-14 23:14:24	debug		System	Debug: **ReadConfigData, stat value for anonymous_stat_last_update was 1747127736	0	WINDOWSS
2025-05-14 23:14:24	debug		System	Debug: **ReadConfigData, stat value for create_host was WINDOWSS	0	WINDOWSS
2025-05-14 23:14:24	debug		System	Debug: **ReadConfigData, stat value for create_time was 1747126430	0	WINDOWSS
2025-05-14 23:14:24	debug		System	Debug: **ReadConfigData, stat value for last_update was 1747127736	0	WINDOWSS
2025-05-14 23:14:24	debug		System	Debug: **ReadConfigData, stat value for last_update_host was WINDOWSS	0	WINDOWSS
2025-05-14 23:14:24	debug		System	Debug: **ReadConfigData, stat value for encryption_hash was 99CCFC0D033729754B6BB4832FE786A1	0	WINDOWSS
2025-05-14 23:14:24	debug		System	Debug: **ReadConfigData, stat value for anonymous_stat_last_update was 1747127736	0	WINDOWSS
2025-05-14 23:14:24	debug		System	Debug: **ReadConfigData, stat value for create_host was WINDOWSS	0	WINDOWSS
2025-05-14 23:14:24	debug		System	Debug: **ReadConfigData, stat value for create_time was 1747126430	0	WINDOWSS
2025-05-14 23:14:24	debug		System	Debug: **ReadConfigData, stat value for last_update was 1747127736	0	WINDOWSS
2025-05-14 23:14:24	debug		System	Debug: **ReadConfigData, stat value for last_update_host was WINDOWSS	0	WINDOWSS
2025-05-14 23:14:24	debug		System	Debug: **ReadConfigData, stat value for encryption_hash was 99CCFC0D033729754B6BB4832FE786A1	0	WINDOWSS
========================================
multiotp 5.9.9.1
Your script is running from C:\multiotp\
2025-05-14 23:14:24	debug		System	Debug: **ReadConfigData, stat value for anonymous_stat_last_update was 1747127736	0	WINDOWSS
2025-05-14 23:14:24	debug		System	Debug: **ReadConfigData, stat value for create_host was WINDOWSS	0	WINDOWSS
2025-05-14 23:14:24	debug		System	Debug: **ReadConfigData, stat value for create_time was 1747126430	0	WINDOWSS
2025-05-14 23:14:24	debug		System	Debug: **ReadConfigData, stat value for last_update was 1747127736	0	WINDOWSS
2025-05-14 23:14:24	debug		System	Debug: **ReadConfigData, stat value for last_update_host was WINDOWSS	0	WINDOWSS
2025-05-14 23:14:24	debug		System	Debug: **ReadConfigData, stat value for encryption_hash was 99CCFC0D033729754B6BB4832FE786A1	0	WINDOWSS
2025-05-14 23:14:24	debug		System	Debug: **ReadConfigData, stat value for anonymous_stat_last_update was 1747127736	0	WINDOWSS
2025-05-14 23:14:24	debug		System	Debug: **ReadConfigData, stat value for create_host was WINDOWSS	0	WINDOWSS
2025-05-14 23:14:24	debug		System	Debug: **ReadConfigData, stat value for create_time was 1747126430	0	WINDOWSS
2025-05-14 23:14:24	debug		System	Debug: **ReadConfigData, stat value for last_update was 1747127736	0	WINDOWSS
2025-05-14 23:14:24	debug		System	Debug: **ReadConfigData, stat value for last_update_host was WINDOWSS	0	WINDOWSS
2025-05-14 23:14:24	debug		System	Debug: **ReadConfigData, stat value for encryption_hash was 99CCFC0D033729754B6BB4832FE786A1	0	WINDOWSS
========================================
multiotp 5.9.9.1
Your script is running from C:\multiotp\
2025-05-14 23:14:24	debug		System	Debug: **ReadConfigData, stat value for anonymous_stat_last_update was 1747127736	0	WINDOWSS
2025-05-14 23:14:24	debug		System	Debug: **ReadConfigData, stat value for create_host was WINDOWSS	0	WINDOWSS
2025-05-14 23:14:24	debug		System	Debug: **ReadConfigData, stat value for create_time was 1747126430	0	WINDOWSS
2025-05-14 23:14:24	debug		System	Debug: **ReadConfigData, stat value for last_update was 1747127736	0	WINDOWSS
2025-05-14 23:14:24	debug		System	Debug: **ReadConfigData, stat value for last_update_host was WINDOWSS	0	WINDOWSS
2025-05-14 23:14:24	debug		System	Debug: **ReadConfigData, stat value for encryption_hash was 99CCFC0D033729754B6BB4832FE786A1	0	WINDOWSS
2025-05-14 23:14:25	debug		System	Debug: **ReadConfigData, stat value for anonymous_stat_last_update was 1747127736	0	WINDOWSS
2025-05-14 23:14:25	debug		System	Debug: **ReadConfigData, stat value for create_host was WINDOWSS	0	WINDOWSS
2025-05-14 23:14:25	debug		System	Debug: **ReadConfigData, stat value for create_time was 1747126430	0	WINDOWSS
2025-05-14 23:14:25	debug		System	Debug: **ReadConfigData, stat value for last_update was 1747127736	0	WINDOWSS
2025-05-14 23:14:25	debug		System	Debug: **ReadConfigData, stat value for last_update_host was WINDOWSS	0	WINDOWSS
2025-05-14 23:14:25	debug		System	Debug: **ReadConfigData, stat value for encryption_hash was 99CCFC0D033729754B6BB4832FE786A1	0	WINDOWSS
========================================
multiotp 5.9.9.1
Your script is running from C:\multiotp\
2025-05-14 23:14:25	debug		System	Debug: **ReadConfigData, stat value for anonymous_stat_last_update was 1747127736	0	WINDOWSS
2025-05-14 23:14:25	debug		System	Debug: **ReadConfigData, stat value for create_host was WINDOWSS	0	WINDOWSS
2025-05-14 23:14:25	debug		System	Debug: **ReadConfigData, stat value for create_time was 1747126430	0	WINDOWSS
2025-05-14 23:14:25	debug		System	Debug: **ReadConfigData, stat value for last_update was 1747127736	0	WINDOWSS
2025-05-14 23:14:25	debug		System	Debug: **ReadConfigData, stat value for last_update_host was WINDOWSS	0	WINDOWSS
2025-05-14 23:14:25	debug		System	Debug: **ReadConfigData, stat value for encryption_hash was 99CCFC0D033729754B6BB4832FE786A1	0	WINDOWSS
2025-05-14 23:14:25	debug		System	Debug: **ReadConfigData, stat value for anonymous_stat_last_update was 1747127736	0	WINDOWSS
2025-05-14 23:14:25	debug		System	Debug: **ReadConfigData, stat value for create_host was WINDOWSS	0	WINDOWSS
2025-05-14 23:14:25	debug		System	Debug: **ReadConfigData, stat value for create_time was 1747126430	0	WINDOWSS
2025-05-14 23:14:25	debug		System	Debug: **ReadConfigData, stat value for last_update was 1747127736	0	WINDOWSS
2025-05-14 23:14:25	debug		System	Debug: **ReadConfigData, stat value for last_update_host was WINDOWSS	0	WINDOWSS
2025-05-14 23:14:25	debug		System	Debug: **ReadConfigData, stat value for encryption_hash was 99CCFC0D033729754B6BB4832FE786A1	0	WINDOWSS
========================================
multiotp 5.9.9.1
Your script is running from C:\multiotp\
2025-05-14 23:14:25	debug		System	Debug: **ReadConfigData, stat value for anonymous_stat_last_update was 1747127736	0	WINDOWSS
2025-05-14 23:14:25	debug		System	Debug: **ReadConfigData, stat value for create_host was WINDOWSS	0	WINDOWSS
2025-05-14 23:14:25	debug		System	Debug: **ReadConfigData, stat value for create_time was 1747126430	0	WINDOWSS
2025-05-14 23:14:25	debug		System	Debug: **ReadConfigData, stat value for last_update was 1747127736	0	WINDOWSS
2025-05-14 23:14:25	debug		System	Debug: **ReadConfigData, stat value for last_update_host was WINDOWSS	0	WINDOWSS
2025-05-14 23:14:25	debug		System	Debug: **ReadConfigData, stat value for encryption_hash was 99CCFC0D033729754B6BB4832FE786A1	0	WINDOWSS
2025-05-14 23:14:25	debug		System	Debug: **ReadConfigData, stat value for anonymous_stat_last_update was 1747127736	0	WINDOWSS
2025-05-14 23:14:25	debug		System	Debug: **ReadConfigData, stat value for create_host was WINDOWSS	0	WINDOWSS
2025-05-14 23:14:25	debug		System	Debug: **ReadConfigData, stat value for create_time was 1747126430	0	WINDOWSS
2025-05-14 23:14:25	debug		System	Debug: **ReadConfigData, stat value for last_update was 1747127736	0	WINDOWSS
2025-05-14 23:14:25	debug		System	Debug: **ReadConfigData, stat value for last_update_host was WINDOWSS	0	WINDOWSS
2025-05-14 23:14:25	debug		System	Debug: **ReadConfigData, stat value for encryption_hash was 99CCFC0D033729754B6BB4832FE786A1	0	WINDOWSS
========================================
multiotp 5.9.9.1
Your script is running from C:\multiotp\
2025-05-14 23:14:25	debug		System	Debug: **ReadConfigData, stat value for anonymous_stat_last_update was 1747127736	0	WINDOWSS
2025-05-14 23:14:25	debug		System	Debug: **ReadConfigData, stat value for create_host was WINDOWSS	0	WINDOWSS
2025-05-14 23:14:25	debug		System	Debug: **ReadConfigData, stat value for create_time was 1747126430	0	WINDOWSS
2025-05-14 23:14:25	debug		System	Debug: **ReadConfigData, stat value for last_update was 1747127736	0	WINDOWSS
2025-05-14 23:14:25	debug		System	Debug: **ReadConfigData, stat value for last_update_host was WINDOWSS	0	WINDOWSS
2025-05-14 23:14:25	debug		System	Debug: **ReadConfigData, stat value for encryption_hash was 99CCFC0D033729754B6BB4832FE786A1	0	WINDOWSS
2025-05-14 23:14:25	debug		System	Debug: **ReadConfigData, stat value for anonymous_stat_last_update was 1747127736	0	WINDOWSS
2025-05-14 23:14:25	debug		System	Debug: **ReadConfigData, stat value for create_host was WINDOWSS	0	WINDOWSS
2025-05-14 23:14:25	debug		System	Debug: **ReadConfigData, stat value for create_time was 1747126430	0	WINDOWSS
2025-05-14 23:14:25	debug		System	Debug: **ReadConfigData, stat value for last_update was 1747127736	0	WINDOWSS
2025-05-14 23:14:25	debug		System	Debug: **ReadConfigData, stat value for last_update_host was WINDOWSS	0	WINDOWSS
2025-05-14 23:14:25	debug		System	Debug: **ReadConfigData, stat value for encryption_hash was 99CCFC0D033729754B6BB4832FE786A1	0	WINDOWSS
========================================
multiotp 5.9.9.1
Your script is running from C:\multiotp\
2025-05-14 23:14:34	debug		System	Debug: **ReadConfigData, stat value for anonymous_stat_last_update was 1747127736	0	WINDOWSS
2025-05-14 23:14:34	debug		System	Debug: **ReadConfigData, stat value for create_host was WINDOWSS	0	WINDOWSS
2025-05-14 23:14:34	debug		System	Debug: **ReadConfigData, stat value for create_time was 1747126430	0	WINDOWSS
2025-05-14 23:14:34	debug		System	Debug: **ReadConfigData, stat value for last_update was 1747127736	0	WINDOWSS
2025-05-14 23:14:34	debug		System	Debug: **ReadConfigData, stat value for last_update_host was WINDOWSS	0	WINDOWSS
2025-05-14 23:14:34	debug		System	Debug: **ReadConfigData, stat value for encryption_hash was 99CCFC0D033729754B6BB4832FE786A1	0	WINDOWSS
2025-05-14 23:14:34	debug		System	Debug: **ReadConfigData, stat value for anonymous_stat_last_update was 1747127736	0	WINDOWSS
2025-05-14 23:14:34	debug		System	Debug: **ReadConfigData, stat value for create_host was WINDOWSS	0	WINDOWSS
2025-05-14 23:14:34	debug		System	Debug: **ReadConfigData, stat value for create_time was 1747126430	0	WINDOWSS
2025-05-14 23:14:34	debug		System	Debug: **ReadConfigData, stat value for last_update was 1747127736	0	WINDOWSS
2025-05-14 23:14:34	debug		System	Debug: **ReadConfigData, stat value for last_update_host was WINDOWSS	0	WINDOWSS
2025-05-14 23:14:34	debug		System	Debug: **ReadConfigData, stat value for encryption_hash was 99CCFC0D033729754B6BB4832FE786A1	0	WINDOWSS
========================================
multiotp 5.9.9.1
Your script is running from C:\multiotp\
2025-05-14 23:14:34	debug		System	Debug: **ReadConfigData, stat value for anonymous_stat_last_update was 1747127736	0	WINDOWSS
2025-05-14 23:14:34	debug		System	Debug: **ReadConfigData, stat value for create_host was WINDOWSS	0	WINDOWSS
2025-05-14 23:14:34	debug		System	Debug: **ReadConfigData, stat value for create_time was 1747126430	0	WINDOWSS
2025-05-14 23:14:34	debug		System	Debug: **ReadConfigData, stat value for last_update was 1747127736	0	WINDOWSS
2025-05-14 23:14:34	debug		System	Debug: **ReadConfigData, stat value for last_update_host was WINDOWSS	0	WINDOWSS
2025-05-14 23:14:34	debug		System	Debug: **ReadConfigData, stat value for encryption_hash was 99CCFC0D033729754B6BB4832FE786A1	0	WINDOWSS
2025-05-14 23:14:34	debug		System	Debug: **ReadConfigData, stat value for anonymous_stat_last_update was 1747127736	0	WINDOWSS
2025-05-14 23:14:34	debug		System	Debug: **ReadConfigData, stat value for create_host was WINDOWSS	0	WINDOWSS
2025-05-14 23:14:34	debug		System	Debug: **ReadConfigData, stat value for create_time was 1747126430	0	WINDOWSS
2025-05-14 23:14:34	debug		System	Debug: **ReadConfigData, stat value for last_update was 1747127736	0	WINDOWSS
2025-05-14 23:14:34	debug		System	Debug: **ReadConfigData, stat value for last_update_host was WINDOWSS	0	WINDOWSS
2025-05-14 23:14:34	debug		System	Debug: **ReadConfigData, stat value for encryption_hash was 99CCFC0D033729754B6BB4832FE786A1	0	WINDOWSS
========================================
multiotp 5.9.9.1
Your script is running from C:\multiotp\
2025-05-14 23:15:16	debug		System	Debug: **ReadConfigData, stat value for anonymous_stat_last_update was 1747127736	0	WINDOWSS
2025-05-14 23:15:16	debug		System	Debug: **ReadConfigData, stat value for create_host was WINDOWSS	0	WINDOWSS
2025-05-14 23:15:16	debug		System	Debug: **ReadConfigData, stat value for create_time was 1747126430	0	WINDOWSS
2025-05-14 23:15:16	debug		System	Debug: **ReadConfigData, stat value for last_update was 1747127736	0	WINDOWSS
2025-05-14 23:15:16	debug		System	Debug: **ReadConfigData, stat value for last_update_host was WINDOWSS	0	WINDOWSS
2025-05-14 23:15:16	debug		System	Debug: **ReadConfigData, stat value for encryption_hash was 99CCFC0D033729754B6BB4832FE786A1	0	WINDOWSS
2025-05-14 23:15:16	debug		System	Debug: **ReadConfigData, stat value for anonymous_stat_last_update was 1747127736	0	WINDOWSS
2025-05-14 23:15:16	debug		System	Debug: **ReadConfigData, stat value for create_host was WINDOWSS	0	WINDOWSS
2025-05-14 23:15:16	debug		System	Debug: **ReadConfigData, stat value for create_time was 1747126430	0	WINDOWSS
2025-05-14 23:15:16	debug		System	Debug: **ReadConfigData, stat value for last_update was 1747127736	0	WINDOWSS
2025-05-14 23:15:16	debug		System	Debug: **ReadConfigData, stat value for last_update_host was WINDOWSS	0	WINDOWSS
2025-05-14 23:15:16	debug		System	Debug: **ReadConfigData, stat value for encryption_hash was 99CCFC0D033729754B6BB4832FE786A1	0	WINDOWSS
2025-05-14 23:15:16	debug		CredentialProviderRequest	Info: *Value for IsCredentialProviderRequest:	0	WINDOWSS
2025-05-14 23:15:16	debug		Server-Client	Info: *CheckUserExists server request for grupo1 with challenge MOSHf61a8048652bf300af4c830bab100fa1	0	WINDOWSS
2025-05-14 23:15:16	debug		Server-Client	Info: *CheckUserExists intermediate error code: 22	0	WINDOWSS
2025-05-14 23:15:16	debug		Server-Client	Info: *Server secret used for command CheckUserExists with error code result 22: secretOTP	0	WINDOWSS
========================================
multiotp 5.9.9.1
Your script is running from C:\multiotp\
2025-05-14 23:15:16	debug		System	Debug: **ReadConfigData, stat value for anonymous_stat_last_update was 1747127736	0	WINDOWSS
2025-05-14 23:15:16	debug		System	Debug: **ReadConfigData, stat value for create_host was WINDOWSS	0	WINDOWSS
2025-05-14 23:15:16	debug		System	Debug: **ReadConfigData, stat value for create_time was 1747126430	0	WINDOWSS
2025-05-14 23:15:16	debug		System	Debug: **ReadConfigData, stat value for last_update was 1747127736	0	WINDOWSS
2025-05-14 23:15:16	debug		System	Debug: **ReadConfigData, stat value for last_update_host was WINDOWSS	0	WINDOWSS
2025-05-14 23:15:16	debug		System	Debug: **ReadConfigData, stat value for encryption_hash was 99CCFC0D033729754B6BB4832FE786A1	0	WINDOWSS
2025-05-14 23:15:16	debug		System	Debug: **ReadConfigData, stat value for anonymous_stat_last_update was 1747127736	0	WINDOWSS
2025-05-14 23:15:16	debug		System	Debug: **ReadConfigData, stat value for create_host was WINDOWSS	0	WINDOWSS
2025-05-14 23:15:16	debug		System	Debug: **ReadConfigData, stat value for create_time was 1747126430	0	WINDOWSS
2025-05-14 23:15:16	debug		System	Debug: **ReadConfigData, stat value for last_update was 1747127736	0	WINDOWSS
2025-05-14 23:15:16	debug		System	Debug: **ReadConfigData, stat value for last_update_host was WINDOWSS	0	WINDOWSS
2025-05-14 23:15:16	debug		System	Debug: **ReadConfigData, stat value for encryption_hash was 99CCFC0D033729754B6BB4832FE786A1	0	WINDOWSS
2025-05-14 23:15:16	debug		CredentialProviderRequest	Info: *Value for IsCredentialProviderRequest:	0	WINDOWSS
2025-05-14 23:15:16	debug		Server-Client	Info: *ReadUserData server request for grupo1	0	WINDOWSS
2025-05-14 23:15:16	debug		Server-Client	Info: *Server secret used for command ReadUserData with error code result 19: secretOTP	0	WINDOWSS
========================================
multiotp 5.9.9.1
Your script is running from C:\multiotp\
2025-05-14 23:15:17	debug		System	Debug: **ReadConfigData, stat value for anonymous_stat_last_update was 1747127736	0	WINDOWSS
2025-05-14 23:15:17	debug		System	Debug: **ReadConfigData, stat value for create_host was WINDOWSS	0	WINDOWSS
2025-05-14 23:15:17	debug		System	Debug: **ReadConfigData, stat value for create_time was 1747126430	0	WINDOWSS
2025-05-14 23:15:17	debug		System	Debug: **ReadConfigData, stat value for last_update was 1747127736	0	WINDOWSS
2025-05-14 23:15:17	debug		System	Debug: **ReadConfigData, stat value for last_update_host was WINDOWSS	0	WINDOWSS
2025-05-14 23:15:17	debug		System	Debug: **ReadConfigData, stat value for encryption_hash was 99CCFC0D033729754B6BB4832FE786A1	0	WINDOWSS
2025-05-14 23:15:17	debug		System	Debug: **ReadConfigData, stat value for anonymous_stat_last_update was 1747127736	0	WINDOWSS
2025-05-14 23:15:17	debug		System	Debug: **ReadConfigData, stat value for create_host was WINDOWSS	0	WINDOWSS
2025-05-14 23:15:17	debug		System	Debug: **ReadConfigData, stat value for create_time was 1747126430	0	WINDOWSS
2025-05-14 23:15:17	debug		System	Debug: **ReadConfigData, stat value for last_update was 1747127736	0	WINDOWSS
2025-05-14 23:15:17	debug		System	Debug: **ReadConfigData, stat value for last_update_host was WINDOWSS	0	WINDOWSS
2025-05-14 23:15:17	debug		System	Debug: **ReadConfigData, stat value for encryption_hash was 99CCFC0D033729754B6BB4832FE786A1	0	WINDOWSS
2025-05-14 23:15:17	debug		CredentialProviderRequest	Info: *Value for IsCredentialProviderRequest:	0	WINDOWSS
2025-05-14 23:15:17	debug		Server-Client	Info: *ReadUserData server request for grupo1	0	WINDOWSS
2025-05-14 23:15:17	debug		Server-Client	Info: *Server secret used for command ReadUserData with error code result 19: secretOTP	0	WINDOWSS
========================================
multiotp 5.9.9.1
Your script is running from C:\multiotp\
2025-05-14 23:15:17	debug		System	Debug: **ReadConfigData, stat value for anonymous_stat_last_update was 1747127736	0	WINDOWSS
2025-05-14 23:15:17	debug		System	Debug: **ReadConfigData, stat value for create_host was WINDOWSS	0	WINDOWSS
2025-05-14 23:15:17	debug		System	Debug: **ReadConfigData, stat value for create_time was 1747126430	0	WINDOWSS
2025-05-14 23:15:17	debug		System	Debug: **ReadConfigData, stat value for last_update was 1747127736	0	WINDOWSS
2025-05-14 23:15:17	debug		System	Debug: **ReadConfigData, stat value for last_update_host was WINDOWSS	0	WINDOWSS
2025-05-14 23:15:17	debug		System	Debug: **ReadConfigData, stat value for encryption_hash was 99CCFC0D033729754B6BB4832FE786A1	0	WINDOWSS
2025-05-14 23:15:17	debug		System	Debug: **ReadConfigData, stat value for anonymous_stat_last_update was 1747127736	0	WINDOWSS
2025-05-14 23:15:17	debug		System	Debug: **ReadConfigData, stat value for create_host was WINDOWSS	0	WINDOWSS
2025-05-14 23:15:17	debug		System	Debug: **ReadConfigData, stat value for create_time was 1747126430	0	WINDOWSS
2025-05-14 23:15:17	debug		System	Debug: **ReadConfigData, stat value for last_update was 1747127736	0	WINDOWSS
2025-05-14 23:15:17	debug		System	Debug: **ReadConfigData, stat value for last_update_host was WINDOWSS	0	WINDOWSS
2025-05-14 23:15:17	debug		System	Debug: **ReadConfigData, stat value for encryption_hash was 99CCFC0D033729754B6BB4832FE786A1	0	WINDOWSS
2025-05-14 23:15:17	debug		CredentialProviderRequest	Info: *Value for IsCredentialProviderRequest: 1	0	WINDOWSS
2025-05-14 23:15:17	debug		Server-Client	Info: *CheckUserToken server request.	0	WINDOWSS
2025-05-14 23:15:17	notice	grupo1	User	OK: User grupo1 successfully logged in (using Credential Provider) with TOTP token	0	WINDOWSS
2025-05-14 23:15:17	debug		Server-Client	Info: *Cache level is set to 1	0	WINDOWSS
2025-05-14 23:15:17	debug		Server-Client	Info: *Server secret used for command CheckUserToken with error code result 0: secretOTP	0	WINDOWSS
========================================
multiotp 5.9.9.1
Your script is running from C:\multiotp\
2025-05-14 23:15:33	debug		System	Debug: **ReadConfigData, stat value for anonymous_stat_last_update was 1747127736	0	WINDOWSS
2025-05-14 23:15:33	debug		System	Debug: **ReadConfigData, stat value for create_host was WINDOWSS	0	WINDOWSS
2025-05-14 23:15:33	debug		System	Debug: **ReadConfigData, stat value for create_time was 1747126430	0	WINDOWSS
2025-05-14 23:15:33	debug		System	Debug: **ReadConfigData, stat value for last_update was 1747127736	0	WINDOWSS
2025-05-14 23:15:33	debug		System	Debug: **ReadConfigData, stat value for last_update_host was WINDOWSS	0	WINDOWSS
2025-05-14 23:15:33	debug		System	Debug: **ReadConfigData, stat value for encryption_hash was 99CCFC0D033729754B6BB4832FE786A1	0	WINDOWSS
2025-05-14 23:15:33	debug		System	Debug: **ReadConfigData, stat value for anonymous_stat_last_update was 1747127736	0	WINDOWSS
2025-05-14 23:15:33	debug		System	Debug: **ReadConfigData, stat value for create_host was WINDOWSS	0	WINDOWSS
2025-05-14 23:15:33	debug		System	Debug: **ReadConfigData, stat value for create_time was 1747126430	0	WINDOWSS
2025-05-14 23:15:33	debug		System	Debug: **ReadConfigData, stat value for last_update was 1747127736	0	WINDOWSS
2025-05-14 23:15:33	debug		System	Debug: **ReadConfigData, stat value for last_update_host was WINDOWSS	0	WINDOWSS
2025-05-14 23:15:33	debug		System	Debug: **ReadConfigData, stat value for encryption_hash was 99CCFC0D033729754B6BB4832FE786A1	0	WINDOWSS
2025-05-14 23:15:33	debug		CredentialProviderRequest	Info: *Value for IsCredentialProviderRequest:	0	WINDOWSS
2025-05-14 23:15:33	debug		Server-Client	Info: *CheckUserExists server request for grupo1 with challenge MOSHf5b49ab0cd93fec26ce944a010467fb2	0	WINDOWSS
2025-05-14 23:15:33	debug		Server-Client	Info: *CheckUserExists intermediate error code: 22	0	WINDOWSS
2025-05-14 23:15:33	debug		Server-Client	Info: *Server secret used for command CheckUserExists with error code result 22: secretOTP	0	WINDOWSS
========================================
multiotp 5.9.9.1
Your script is running from C:\multiotp\
2025-05-14 23:15:34	debug		System	Debug: **ReadConfigData, stat value for anonymous_stat_last_update was 1747127736	0	WINDOWSS
2025-05-14 23:15:34	debug		System	Debug: **ReadConfigData, stat value for create_host was WINDOWSS	0	WINDOWSS
2025-05-14 23:15:34	debug		System	Debug: **ReadConfigData, stat value for create_time was 1747126430	0	WINDOWSS
2025-05-14 23:15:34	debug		System	Debug: **ReadConfigData, stat value for last_update was 1747127736	0	WINDOWSS
2025-05-14 23:15:34	debug		System	Debug: **ReadConfigData, stat value for last_update_host was WINDOWSS	0	WINDOWSS
2025-05-14 23:15:34	debug		System	Debug: **ReadConfigData, stat value for encryption_hash was 99CCFC0D033729754B6BB4832FE786A1	0	WINDOWSS
2025-05-14 23:15:34	debug		System	Debug: **ReadConfigData, stat value for anonymous_stat_last_update was 1747127736	0	WINDOWSS
2025-05-14 23:15:34	debug		System	Debug: **ReadConfigData, stat value for create_host was WINDOWSS	0	WINDOWSS
2025-05-14 23:15:34	debug		System	Debug: **ReadConfigData, stat value for create_time was 1747126430	0	WINDOWSS
2025-05-14 23:15:34	debug		System	Debug: **ReadConfigData, stat value for last_update was 1747127736	0	WINDOWSS
2025-05-14 23:15:34	debug		System	Debug: **ReadConfigData, stat value for last_update_host was WINDOWSS	0	WINDOWSS
2025-05-14 23:15:34	debug		System	Debug: **ReadConfigData, stat value for encryption_hash was 99CCFC0D033729754B6BB4832FE786A1	0	WINDOWSS
2025-05-14 23:15:34	debug		CredentialProviderRequest	Info: *Value for IsCredentialProviderRequest:	0	WINDOWSS
2025-05-14 23:15:34	debug		Server-Client	Info: *ReadUserData server request for grupo1	0	WINDOWSS
2025-05-14 23:15:34	debug		Server-Client	Info: *Server secret used for command ReadUserData with error code result 19: secretOTP	0	WINDOWSS
========================================
multiotp 5.9.9.1
Your script is running from C:\multiotp\
2025-05-14 23:15:34	debug		System	Debug: **ReadConfigData, stat value for anonymous_stat_last_update was 1747127736	0	WINDOWSS
2025-05-14 23:15:34	debug		System	Debug: **ReadConfigData, stat value for create_host was WINDOWSS	0	WINDOWSS
2025-05-14 23:15:34	debug		System	Debug: **ReadConfigData, stat value for create_time was 1747126430	0	WINDOWSS
2025-05-14 23:15:34	debug		System	Debug: **ReadConfigData, stat value for last_update was 1747127736	0	WINDOWSS
2025-05-14 23:15:34	debug		System	Debug: **ReadConfigData, stat value for last_update_host was WINDOWSS	0	WINDOWSS
2025-05-14 23:15:34	debug		System	Debug: **ReadConfigData, stat value for encryption_hash was 99CCFC0D033729754B6BB4832FE786A1	0	WINDOWSS
2025-05-14 23:15:34	debug		System	Debug: **ReadConfigData, stat value for anonymous_stat_last_update was 1747127736	0	WINDOWSS
2025-05-14 23:15:34	debug		System	Debug: **ReadConfigData, stat value for create_host was WINDOWSS	0	WINDOWSS
2025-05-14 23:15:34	debug		System	Debug: **ReadConfigData, stat value for create_time was 1747126430	0	WINDOWSS
2025-05-14 23:15:34	debug		System	Debug: **ReadConfigData, stat value for last_update was 1747127736	0	WINDOWSS
2025-05-14 23:15:34	debug		System	Debug: **ReadConfigData, stat value for last_update_host was WINDOWSS	0	WINDOWSS
2025-05-14 23:15:34	debug		System	Debug: **ReadConfigData, stat value for encryption_hash was 99CCFC0D033729754B6BB4832FE786A1	0	WINDOWSS
2025-05-14 23:15:34	debug		CredentialProviderRequest	Info: *Value for IsCredentialProviderRequest:	0	WINDOWSS
2025-05-14 23:15:34	debug		Server-Client	Info: *ReadUserData server request for grupo1	0	WINDOWSS
2025-05-14 23:15:34	debug		Server-Client	Info: *Server secret used for command ReadUserData with error code result 19: secretOTP	0	WINDOWSS
========================================
multiotp 5.9.9.1
Your script is running from C:\multiotp\
2025-05-14 23:15:34	debug		System	Debug: **ReadConfigData, stat value for anonymous_stat_last_update was 1747127736	0	WINDOWSS
2025-05-14 23:15:34	debug		System	Debug: **ReadConfigData, stat value for create_host was WINDOWSS	0	WINDOWSS
2025-05-14 23:15:34	debug		System	Debug: **ReadConfigData, stat value for create_time was 1747126430	0	WINDOWSS
2025-05-14 23:15:34	debug		System	Debug: **ReadConfigData, stat value for last_update was 1747127736	0	WINDOWSS
2025-05-14 23:15:34	debug		System	Debug: **ReadConfigData, stat value for last_update_host was WINDOWSS	0	WINDOWSS
2025-05-14 23:15:34	debug		System	Debug: **ReadConfigData, stat value for encryption_hash was 99CCFC0D033729754B6BB4832FE786A1	0	WINDOWSS
2025-05-14 23:15:34	debug		System	Debug: **ReadConfigData, stat value for anonymous_stat_last_update was 1747127736	0	WINDOWSS
2025-05-14 23:15:34	debug		System	Debug: **ReadConfigData, stat value for create_host was WINDOWSS	0	WINDOWSS
2025-05-14 23:15:34	debug		System	Debug: **ReadConfigData, stat value for create_time was 1747126430	0	WINDOWSS
2025-05-14 23:15:34	debug		System	Debug: **ReadConfigData, stat value for last_update was 1747127736	0	WINDOWSS
2025-05-14 23:15:34	debug		System	Debug: **ReadConfigData, stat value for last_update_host was WINDOWSS	0	WINDOWSS
2025-05-14 23:15:34	debug		System	Debug: **ReadConfigData, stat value for encryption_hash was 99CCFC0D033729754B6BB4832FE786A1	0	WINDOWSS
2025-05-14 23:15:34	debug		CredentialProviderRequest	Info: *Value for IsCredentialProviderRequest: 1	0	WINDOWSS
2025-05-14 23:15:34	debug		Server-Client	Info: *CheckUserToken server request.	0	WINDOWSS
2025-05-14 23:15:34	warning	grupo1	User	Error: token of user grupo1 already used	0	WINDOWSS
2025-05-14 23:15:34	debug		Server-Client	Info: *Server secret used for command CheckUserToken with error code result 26: secretOTP	0	WINDOWSS
========================================
multiotp 5.9.9.1
Your script is running from C:\multiotp\
2025-05-14 23:15:42	debug		System	Debug: **ReadConfigData, stat value for anonymous_stat_last_update was 1747127736	0	WINDOWSS
2025-05-14 23:15:42	debug		System	Debug: **ReadConfigData, stat value for create_host was WINDOWSS	0	WINDOWSS
2025-05-14 23:15:42	debug		System	Debug: **ReadConfigData, stat value for create_time was 1747126430	0	WINDOWSS
2025-05-14 23:15:42	debug		System	Debug: **ReadConfigData, stat value for last_update was 1747127736	0	WINDOWSS
2025-05-14 23:15:42	debug		System	Debug: **ReadConfigData, stat value for last_update_host was WINDOWSS	0	WINDOWSS
2025-05-14 23:15:42	debug		System	Debug: **ReadConfigData, stat value for encryption_hash was 99CCFC0D033729754B6BB4832FE786A1	0	WINDOWSS
2025-05-14 23:15:42	debug		System	Debug: **ReadConfigData, stat value for anonymous_stat_last_update was 1747127736	0	WINDOWSS
2025-05-14 23:15:42	debug		System	Debug: **ReadConfigData, stat value for create_host was WINDOWSS	0	WINDOWSS
2025-05-14 23:15:42	debug		System	Debug: **ReadConfigData, stat value for create_time was 1747126430	0	WINDOWSS
2025-05-14 23:15:42	debug		System	Debug: **ReadConfigData, stat value for last_update was 1747127736	0	WINDOWSS
2025-05-14 23:15:42	debug		System	Debug: **ReadConfigData, stat value for last_update_host was WINDOWSS	0	WINDOWSS
2025-05-14 23:15:42	debug		System	Debug: **ReadConfigData, stat value for encryption_hash was 99CCFC0D033729754B6BB4832FE786A1	0	WINDOWSS
2025-05-14 23:15:42	debug		CredentialProviderRequest	Info: *Value for IsCredentialProviderRequest:	0	WINDOWSS
2025-05-14 23:15:42	debug		Server-Client	Info: *CheckUserExists server request for grupo1 with challenge MOSH5fb0ff5cf8f346ca4926f4779455d814	0	WINDOWSS
2025-05-14 23:15:42	debug		Server-Client	Info: *CheckUserExists intermediate error code: 22	0	WINDOWSS
2025-05-14 23:15:42	debug		Server-Client	Info: *Server secret used for command CheckUserExists with error code result 22: secretOTP	0	WINDOWSS
========================================
multiotp 5.9.9.1
Your script is running from C:\multiotp\
2025-05-14 23:15:42	debug		System	Debug: **ReadConfigData, stat value for anonymous_stat_last_update was 1747127736	0	WINDOWSS
2025-05-14 23:15:42	debug		System	Debug: **ReadConfigData, stat value for create_host was WINDOWSS	0	WINDOWSS
2025-05-14 23:15:42	debug		System	Debug: **ReadConfigData, stat value for create_time was 1747126430	0	WINDOWSS
2025-05-14 23:15:42	debug		System	Debug: **ReadConfigData, stat value for last_update was 1747127736	0	WINDOWSS
2025-05-14 23:15:42	debug		System	Debug: **ReadConfigData, stat value for last_update_host was WINDOWSS	0	WINDOWSS
2025-05-14 23:15:42	debug		System	Debug: **ReadConfigData, stat value for encryption_hash was 99CCFC0D033729754B6BB4832FE786A1	0	WINDOWSS
2025-05-14 23:15:42	debug		System	Debug: **ReadConfigData, stat value for anonymous_stat_last_update was 1747127736	0	WINDOWSS
2025-05-14 23:15:42	debug		System	Debug: **ReadConfigData, stat value for create_host was WINDOWSS	0	WINDOWSS
2025-05-14 23:15:42	debug		System	Debug: **ReadConfigData, stat value for create_time was 1747126430	0	WINDOWSS
2025-05-14 23:15:42	debug		System	Debug: **ReadConfigData, stat value for last_update was 1747127736	0	WINDOWSS
2025-05-14 23:15:42	debug		System	Debug: **ReadConfigData, stat value for last_update_host was WINDOWSS	0	WINDOWSS
2025-05-14 23:15:42	debug		System	Debug: **ReadConfigData, stat value for encryption_hash was 99CCFC0D033729754B6BB4832FE786A1	0	WINDOWSS
2025-05-14 23:15:42	debug		CredentialProviderRequest	Info: *Value for IsCredentialProviderRequest:	0	WINDOWSS
2025-05-14 23:15:42	debug		Server-Client	Info: *ReadUserData server request for grupo1	0	WINDOWSS
2025-05-14 23:15:42	debug		Server-Client	Info: *Server secret used for command ReadUserData with error code result 19: secretOTP	0	WINDOWSS
========================================
multiotp 5.9.9.1
Your script is running from C:\multiotp\
2025-05-14 23:15:42	debug		System	Debug: **ReadConfigData, stat value for anonymous_stat_last_update was 1747127736	0	WINDOWSS
2025-05-14 23:15:42	debug		System	Debug: **ReadConfigData, stat value for create_host was WINDOWSS	0	WINDOWSS
2025-05-14 23:15:42	debug		System	Debug: **ReadConfigData, stat value for create_time was 1747126430	0	WINDOWSS
2025-05-14 23:15:42	debug		System	Debug: **ReadConfigData, stat value for last_update was 1747127736	0	WINDOWSS
2025-05-14 23:15:42	debug		System	Debug: **ReadConfigData, stat value for last_update_host was WINDOWSS	0	WINDOWSS
2025-05-14 23:15:42	debug		System	Debug: **ReadConfigData, stat value for encryption_hash was 99CCFC0D033729754B6BB4832FE786A1	0	WINDOWSS
2025-05-14 23:15:42	debug		System	Debug: **ReadConfigData, stat value for anonymous_stat_last_update was 1747127736	0	WINDOWSS
2025-05-14 23:15:42	debug		System	Debug: **ReadConfigData, stat value for create_host was WINDOWSS	0	WINDOWSS
2025-05-14 23:15:42	debug		System	Debug: **ReadConfigData, stat value for create_time was 1747126430	0	WINDOWSS
2025-05-14 23:15:42	debug		System	Debug: **ReadConfigData, stat value for last_update was 1747127736	0	WINDOWSS
2025-05-14 23:15:42	debug		System	Debug: **ReadConfigData, stat value for last_update_host was WINDOWSS	0	WINDOWSS
2025-05-14 23:15:42	debug		System	Debug: **ReadConfigData, stat value for encryption_hash was 99CCFC0D033729754B6BB4832FE786A1	0	WINDOWSS
2025-05-14 23:15:42	debug		CredentialProviderRequest	Info: *Value for IsCredentialProviderRequest:	0	WINDOWSS
2025-05-14 23:15:42	debug		Server-Client	Info: *ReadUserData server request for grupo1	0	WINDOWSS
2025-05-14 23:15:42	debug		Server-Client	Info: *Server secret used for command ReadUserData with error code result 19: secretOTP	0	WINDOWSS
========================================
multiotp 5.9.9.1
Your script is running from C:\multiotp\
2025-05-14 23:15:42	debug		System	Debug: **ReadConfigData, stat value for anonymous_stat_last_update was 1747127736	0	WINDOWSS
2025-05-14 23:15:42	debug		System	Debug: **ReadConfigData, stat value for create_host was WINDOWSS	0	WINDOWSS
2025-05-14 23:15:42	debug		System	Debug: **ReadConfigData, stat value for create_time was 1747126430	0	WINDOWSS
2025-05-14 23:15:42	debug		System	Debug: **ReadConfigData, stat value for last_update was 1747127736	0	WINDOWSS
2025-05-14 23:15:42	debug		System	Debug: **ReadConfigData, stat value for last_update_host was WINDOWSS	0	WINDOWSS
2025-05-14 23:15:42	debug		System	Debug: **ReadConfigData, stat value for encryption_hash was 99CCFC0D033729754B6BB4832FE786A1	0	WINDOWSS
2025-05-14 23:15:42	debug		System	Debug: **ReadConfigData, stat value for anonymous_stat_last_update was 1747127736	0	WINDOWSS
2025-05-14 23:15:42	debug		System	Debug: **ReadConfigData, stat value for create_host was WINDOWSS	0	WINDOWSS
2025-05-14 23:15:42	debug		System	Debug: **ReadConfigData, stat value for create_time was 1747126430	0	WINDOWSS
2025-05-14 23:15:42	debug		System	Debug: **ReadConfigData, stat value for last_update was 1747127736	0	WINDOWSS
2025-05-14 23:15:42	debug		System	Debug: **ReadConfigData, stat value for last_update_host was WINDOWSS	0	WINDOWSS
2025-05-14 23:15:42	debug		System	Debug: **ReadConfigData, stat value for encryption_hash was 99CCFC0D033729754B6BB4832FE786A1	0	WINDOWSS
2025-05-14 23:15:42	debug		CredentialProviderRequest	Info: *Value for IsCredentialProviderRequest: 1	0	WINDOWSS
2025-05-14 23:15:42	debug		Server-Client	Info: *CheckUserToken server request.	0	WINDOWSS
2025-05-14 23:15:42	warning	grupo1	User	Error: token of user grupo1 already used	0	WINDOWSS
2025-05-14 23:15:42	debug		Server-Client	Info: *Server secret used for command CheckUserToken with error code result 26: secretOTP	0	WINDOWSS
========================================
multiotp 5.9.9.1
Your script is running from C:\multiOTP\.\
2025-05-14 23:37:30	debug		System	Debug: **ReadConfigData, stat value for anonymous_stat_last_update was 1747127736	0	WINDOWSS
2025-05-14 23:37:30	debug		System	Debug: **ReadConfigData, stat value for create_host was WINDOWSS	0	WINDOWSS
2025-05-14 23:37:30	debug		System	Debug: **ReadConfigData, stat value for create_time was 1747126430	0	WINDOWSS
2025-05-14 23:37:30	debug		System	Debug: **ReadConfigData, stat value for last_update was 1747127736	0	WINDOWSS
2025-05-14 23:37:30	debug		System	Debug: **ReadConfigData, stat value for last_update_host was WINDOWSS	0	WINDOWSS
2025-05-14 23:37:30	debug		System	Debug: **ReadConfigData, stat value for encryption_hash was 99CCFC0D033729754B6BB4832FE786A1	0	WINDOWSS
2025-05-14 23:37:30	debug		System	Debug: **ReadConfigData, stat value for anonymous_stat_last_update was 1747127736	0	WINDOWSS
2025-05-14 23:37:30	debug		System	Debug: **ReadConfigData, stat value for create_host was WINDOWSS	0	WINDOWSS
2025-05-14 23:37:30	debug		System	Debug: **ReadConfigData, stat value for create_time was 1747126430	0	WINDOWSS
2025-05-14 23:37:30	debug		System	Debug: **ReadConfigData, stat value for last_update was 1747127736	0	WINDOWSS
2025-05-14 23:37:30	debug		System	Debug: **ReadConfigData, stat value for last_update_host was WINDOWSS	0	WINDOWSS
2025-05-14 23:37:30	debug		System	Debug: **ReadConfigData, stat value for encryption_hash was 99CCFC0D033729754B6BB4832FE786A1	0	WINDOWSS
2025-05-14 23:37:30	debug		LDAP	Debug: *AD/LDAP synchronization started at 23:37:30 / Memory used: 14.6MB / Peak: 27.2MB	0	WINDOWSS
2025-05-14 23:37:30	info		LDAP	Info: AD/LDAP synchronization started	0	WINDOWSS
2025-05-14 23:37:30	debug		System	Debug: *LDAP cache folder value: C:\Users\Administrator\AppData\Local\Temp\.ldap_cache/	0	WINDOWSS
2025-05-14 23:37:30	info		LDAP	Info: No update for the 8 LDAP synced users, based on 8 LDAP entries (processed in 00:00:00)	0	WINDOWSS
2025-05-14 23:37:30	debug		Debug	Debug: *19 INFO: Requested operation successfully done	0	WINDOWSS
========================================
multiotp 5.9.9.1
Your script is running from C:\multiOTP\.\
2025-05-15 00:23:16	debug		System	Debug: **ReadConfigData, stat value for anonymous_stat_last_update was 1747127736	0	WINDOWSS
2025-05-15 00:23:16	debug		System	Debug: **ReadConfigData, stat value for create_host was WINDOWSS	0	WINDOWSS
2025-05-15 00:23:16	debug		System	Debug: **ReadConfigData, stat value for create_time was 1747126430	0	WINDOWSS
2025-05-15 00:23:16	debug		System	Debug: **ReadConfigData, stat value for last_update was 1747127736	0	WINDOWSS
2025-05-15 00:23:16	debug		System	Debug: **ReadConfigData, stat value for last_update_host was WINDOWSS	0	WINDOWSS
2025-05-15 00:23:16	debug		System	Debug: **ReadConfigData, stat value for encryption_hash was 99CCFC0D033729754B6BB4832FE786A1	0	WINDOWSS
2025-05-15 00:23:16	debug		System	Debug: **ReadConfigData, stat value for anonymous_stat_last_update was 1747127736	0	WINDOWSS
2025-05-15 00:23:16	debug		System	Debug: **ReadConfigData, stat value for create_host was WINDOWSS	0	WINDOWSS
2025-05-15 00:23:16	debug		System	Debug: **ReadConfigData, stat value for create_time was 1747126430	0	WINDOWSS
2025-05-15 00:23:16	debug		System	Debug: **ReadConfigData, stat value for last_update was 1747127736	0	WINDOWSS
2025-05-15 00:23:16	debug		System	Debug: **ReadConfigData, stat value for last_update_host was WINDOWSS	0	WINDOWSS
2025-05-15 00:23:16	debug		System	Debug: **ReadConfigData, stat value for encryption_hash was 99CCFC0D033729754B6BB4832FE786A1	0	WINDOWSS
2025-05-15 00:23:16	debug		LDAP	Debug: *AD/LDAP synchronization started at 00:23:16 / Memory used: 14.6MB / Peak: 27.2MB	0	WINDOWSS
2025-05-15 00:23:16	info		LDAP	Info: AD/LDAP synchronization started	0	WINDOWSS
2025-05-15 00:23:16	debug		System	Debug: *LDAP cache folder value: C:\Users\Administrator\AppData\Local\Temp\.ldap_cache/	0	WINDOWSS
2025-05-15 00:23:16	debug		System	Info: *File created: C:\multiOTP\.\users\pruebadoc.db	1	WINDOWSS
2025-05-15 00:23:16	info		System	Info: User pruebadoc automatically created	1	WINDOWSS
2025-05-15 00:23:16	info		LDAP	Info: 1 user created, based on 9 LDAP entries (processed in 00:00:00)	0	WINDOWSS
2025-05-15 00:23:16	debug		Debug	Debug: *19 INFO: Requested operation successfully done	0	WINDOWSS
========================================
multiotp 5.9.9.1
Your script is running from C:\multiotp\
2025-05-15 00:26:32	debug		System	Debug: **ReadConfigData, stat value for anonymous_stat_last_update was 1747127736	0	WINDOWSS
2025-05-15 00:26:32	debug		System	Debug: **ReadConfigData, stat value for create_host was WINDOWSS	0	WINDOWSS
2025-05-15 00:26:32	debug		System	Debug: **ReadConfigData, stat value for create_time was 1747126430	0	WINDOWSS
2025-05-15 00:26:32	debug		System	Debug: **ReadConfigData, stat value for last_update was 1747127736	0	WINDOWSS
2025-05-15 00:26:32	debug		System	Debug: **ReadConfigData, stat value for last_update_host was WINDOWSS	0	WINDOWSS
2025-05-15 00:26:32	debug		System	Debug: **ReadConfigData, stat value for encryption_hash was 99CCFC0D033729754B6BB4832FE786A1	0	WINDOWSS
2025-05-15 00:26:32	debug		System	Debug: **ReadConfigData, stat value for anonymous_stat_last_update was 1747127736	0	WINDOWSS
2025-05-15 00:26:32	debug		System	Debug: **ReadConfigData, stat value for create_host was WINDOWSS	0	WINDOWSS
2025-05-15 00:26:32	debug		System	Debug: **ReadConfigData, stat value for create_time was 1747126430	0	WINDOWSS
2025-05-15 00:26:32	debug		System	Debug: **ReadConfigData, stat value for last_update was 1747127736	0	WINDOWSS
2025-05-15 00:26:32	debug		System	Debug: **ReadConfigData, stat value for last_update_host was WINDOWSS	0	WINDOWSS
2025-05-15 00:26:32	debug		System	Debug: **ReadConfigData, stat value for encryption_hash was 99CCFC0D033729754B6BB4832FE786A1	0	WINDOWSS
========================================
multiotp 5.9.9.1
Your script is running from C:\multiotp\
2025-05-15 00:26:32	debug		System	Debug: **ReadConfigData, stat value for anonymous_stat_last_update was 1747127736	0	WINDOWSS
2025-05-15 00:26:32	debug		System	Debug: **ReadConfigData, stat value for create_host was WINDOWSS	0	WINDOWSS
2025-05-15 00:26:32	debug		System	Debug: **ReadConfigData, stat value for create_time was 1747126430	0	WINDOWSS
2025-05-15 00:26:32	debug		System	Debug: **ReadConfigData, stat value for last_update was 1747127736	0	WINDOWSS
2025-05-15 00:26:32	debug		System	Debug: **ReadConfigData, stat value for last_update_host was WINDOWSS	0	WINDOWSS
2025-05-15 00:26:32	debug		System	Debug: **ReadConfigData, stat value for encryption_hash was 99CCFC0D033729754B6BB4832FE786A1	0	WINDOWSS
2025-05-15 00:26:32	debug		System	Debug: **ReadConfigData, stat value for anonymous_stat_last_update was 1747127736	0	WINDOWSS
2025-05-15 00:26:32	debug		System	Debug: **ReadConfigData, stat value for create_host was WINDOWSS	0	WINDOWSS
2025-05-15 00:26:32	debug		System	Debug: **ReadConfigData, stat value for create_time was 1747126430	0	WINDOWSS
2025-05-15 00:26:32	debug		System	Debug: **ReadConfigData, stat value for last_update was 1747127736	0	WINDOWSS
2025-05-15 00:26:32	debug		System	Debug: **ReadConfigData, stat value for last_update_host was WINDOWSS	0	WINDOWSS
2025-05-15 00:26:32	debug		System	Debug: **ReadConfigData, stat value for encryption_hash was 99CCFC0D033729754B6BB4832FE786A1	0	WINDOWSS
========================================
multiotp 5.9.9.1
Your script is running from C:\multiotp\
2025-05-15 00:26:32	debug		System	Debug: **ReadConfigData, stat value for anonymous_stat_last_update was 1747127736	0	WINDOWSS
2025-05-15 00:26:32	debug		System	Debug: **ReadConfigData, stat value for create_host was WINDOWSS	0	WINDOWSS
2025-05-15 00:26:32	debug		System	Debug: **ReadConfigData, stat value for create_time was 1747126430	0	WINDOWSS
2025-05-15 00:26:32	debug		System	Debug: **ReadConfigData, stat value for last_update was 1747127736	0	WINDOWSS
2025-05-15 00:26:32	debug		System	Debug: **ReadConfigData, stat value for last_update_host was WINDOWSS	0	WINDOWSS
2025-05-15 00:26:32	debug		System	Debug: **ReadConfigData, stat value for encryption_hash was 99CCFC0D033729754B6BB4832FE786A1	0	WINDOWSS
2025-05-15 00:26:32	debug		System	Debug: **ReadConfigData, stat value for anonymous_stat_last_update was 1747127736	0	WINDOWSS
2025-05-15 00:26:32	debug		System	Debug: **ReadConfigData, stat value for create_host was WINDOWSS	0	WINDOWSS
2025-05-15 00:26:32	debug		System	Debug: **ReadConfigData, stat value for create_time was 1747126430	0	WINDOWSS
2025-05-15 00:26:32	debug		System	Debug: **ReadConfigData, stat value for last_update was 1747127736	0	WINDOWSS
2025-05-15 00:26:32	debug		System	Debug: **ReadConfigData, stat value for last_update_host was WINDOWSS	0	WINDOWSS
2025-05-15 00:26:32	debug		System	Debug: **ReadConfigData, stat value for encryption_hash was 99CCFC0D033729754B6BB4832FE786A1	0	WINDOWSS
========================================
multiotp 5.9.9.1
Your script is running from C:\multiotp\
2025-05-15 00:26:32	debug		System	Debug: **ReadConfigData, stat value for anonymous_stat_last_update was 1747127736	0	WINDOWSS
2025-05-15 00:26:32	debug		System	Debug: **ReadConfigData, stat value for create_host was WINDOWSS	0	WINDOWSS
2025-05-15 00:26:32	debug		System	Debug: **ReadConfigData, stat value for create_time was 1747126430	0	WINDOWSS
2025-05-15 00:26:32	debug		System	Debug: **ReadConfigData, stat value for last_update was 1747127736	0	WINDOWSS
2025-05-15 00:26:32	debug		System	Debug: **ReadConfigData, stat value for last_update_host was WINDOWSS	0	WINDOWSS
2025-05-15 00:26:32	debug		System	Debug: **ReadConfigData, stat value for encryption_hash was 99CCFC0D033729754B6BB4832FE786A1	0	WINDOWSS
2025-05-15 00:26:32	debug		System	Debug: **ReadConfigData, stat value for anonymous_stat_last_update was 1747127736	0	WINDOWSS
2025-05-15 00:26:32	debug		System	Debug: **ReadConfigData, stat value for create_host was WINDOWSS	0	WINDOWSS
2025-05-15 00:26:32	debug		System	Debug: **ReadConfigData, stat value for create_time was 1747126430	0	WINDOWSS
2025-05-15 00:26:32	debug		System	Debug: **ReadConfigData, stat value for last_update was 1747127736	0	WINDOWSS
2025-05-15 00:26:32	debug		System	Debug: **ReadConfigData, stat value for last_update_host was WINDOWSS	0	WINDOWSS
2025-05-15 00:26:32	debug		System	Debug: **ReadConfigData, stat value for encryption_hash was 99CCFC0D033729754B6BB4832FE786A1	0	WINDOWSS
========================================
multiotp 5.9.9.1
Your script is running from C:\multiotp\
2025-05-15 00:26:33	debug		System	Debug: **ReadConfigData, stat value for anonymous_stat_last_update was 1747127736	0	WINDOWSS
2025-05-15 00:26:33	debug		System	Debug: **ReadConfigData, stat value for create_host was WINDOWSS	0	WINDOWSS
2025-05-15 00:26:33	debug		System	Debug: **ReadConfigData, stat value for create_time was 1747126430	0	WINDOWSS
2025-05-15 00:26:33	debug		System	Debug: **ReadConfigData, stat value for last_update was 1747127736	0	WINDOWSS
2025-05-15 00:26:33	debug		System	Debug: **ReadConfigData, stat value for last_update_host was WINDOWSS	0	WINDOWSS
2025-05-15 00:26:33	debug		System	Debug: **ReadConfigData, stat value for encryption_hash was 99CCFC0D033729754B6BB4832FE786A1	0	WINDOWSS
2025-05-15 00:26:33	debug		System	Debug: **ReadConfigData, stat value for anonymous_stat_last_update was 1747127736	0	WINDOWSS
2025-05-15 00:26:33	debug		System	Debug: **ReadConfigData, stat value for create_host was WINDOWSS	0	WINDOWSS
2025-05-15 00:26:33	debug		System	Debug: **ReadConfigData, stat value for create_time was 1747126430	0	WINDOWSS
2025-05-15 00:26:33	debug		System	Debug: **ReadConfigData, stat value for last_update was 1747127736	0	WINDOWSS
2025-05-15 00:26:33	debug		System	Debug: **ReadConfigData, stat value for last_update_host was WINDOWSS	0	WINDOWSS
2025-05-15 00:26:33	debug		System	Debug: **ReadConfigData, stat value for encryption_hash was 99CCFC0D033729754B6BB4832FE786A1	0	WINDOWSS
========================================
multiotp 5.9.9.1
Your script is running from C:\multiotp\
2025-05-15 00:26:33	debug		System	Debug: **ReadConfigData, stat value for anonymous_stat_last_update was 1747127736	0	WINDOWSS
2025-05-15 00:26:33	debug		System	Debug: **ReadConfigData, stat value for create_host was WINDOWSS	0	WINDOWSS
2025-05-15 00:26:33	debug		System	Debug: **ReadConfigData, stat value for create_time was 1747126430	0	WINDOWSS
2025-05-15 00:26:33	debug		System	Debug: **ReadConfigData, stat value for last_update was 1747127736	0	WINDOWSS
2025-05-15 00:26:33	debug		System	Debug: **ReadConfigData, stat value for last_update_host was WINDOWSS	0	WINDOWSS
2025-05-15 00:26:33	debug		System	Debug: **ReadConfigData, stat value for encryption_hash was 99CCFC0D033729754B6BB4832FE786A1	0	WINDOWSS
2025-05-15 00:26:33	debug		System	Debug: **ReadConfigData, stat value for anonymous_stat_last_update was 1747127736	0	WINDOWSS
2025-05-15 00:26:33	debug		System	Debug: **ReadConfigData, stat value for create_host was WINDOWSS	0	WINDOWSS
2025-05-15 00:26:33	debug		System	Debug: **ReadConfigData, stat value for create_time was 1747126430	0	WINDOWSS
2025-05-15 00:26:33	debug		System	Debug: **ReadConfigData, stat value for last_update was 1747127736	0	WINDOWSS
2025-05-15 00:26:33	debug		System	Debug: **ReadConfigData, stat value for last_update_host was WINDOWSS	0	WINDOWSS
2025-05-15 00:26:33	debug		System	Debug: **ReadConfigData, stat value for encryption_hash was 99CCFC0D033729754B6BB4832FE786A1	0	WINDOWSS
========================================
multiotp 5.9.9.1
Your script is running from C:\multiotp\
2025-05-15 00:26:33	debug		System	Debug: **ReadConfigData, stat value for anonymous_stat_last_update was 1747127736	0	WINDOWSS
2025-05-15 00:26:33	debug		System	Debug: **ReadConfigData, stat value for create_host was WINDOWSS	0	WINDOWSS
2025-05-15 00:26:33	debug		System	Debug: **ReadConfigData, stat value for create_time was 1747126430	0	WINDOWSS
2025-05-15 00:26:33	debug		System	Debug: **ReadConfigData, stat value for last_update was 1747127736	0	WINDOWSS
2025-05-15 00:26:33	debug		System	Debug: **ReadConfigData, stat value for last_update_host was WINDOWSS	0	WINDOWSS
2025-05-15 00:26:33	debug		System	Debug: **ReadConfigData, stat value for encryption_hash was 99CCFC0D033729754B6BB4832FE786A1	0	WINDOWSS
2025-05-15 00:26:33	debug		System	Debug: **ReadConfigData, stat value for anonymous_stat_last_update was 1747127736	0	WINDOWSS
2025-05-15 00:26:33	debug		System	Debug: **ReadConfigData, stat value for create_host was WINDOWSS	0	WINDOWSS
2025-05-15 00:26:33	debug		System	Debug: **ReadConfigData, stat value for create_time was 1747126430	0	WINDOWSS
2025-05-15 00:26:33	debug		System	Debug: **ReadConfigData, stat value for last_update was 1747127736	0	WINDOWSS
2025-05-15 00:26:33	debug		System	Debug: **ReadConfigData, stat value for last_update_host was WINDOWSS	0	WINDOWSS
2025-05-15 00:26:33	debug		System	Debug: **ReadConfigData, stat value for encryption_hash was 99CCFC0D033729754B6BB4832FE786A1	0	WINDOWSS
========================================
multiotp 5.9.9.1
Your script is running from C:\multiotp\
2025-05-15 00:27:55	debug		System	Debug: **ReadConfigData, stat value for anonymous_stat_last_update was 1747127736	0	WINDOWSS
2025-05-15 00:27:55	debug		System	Debug: **ReadConfigData, stat value for create_host was WINDOWSS	0	WINDOWSS
2025-05-15 00:27:55	debug		System	Debug: **ReadConfigData, stat value for create_time was 1747126430	0	WINDOWSS
2025-05-15 00:27:55	debug		System	Debug: **ReadConfigData, stat value for last_update was 1747127736	0	WINDOWSS
2025-05-15 00:27:55	debug		System	Debug: **ReadConfigData, stat value for last_update_host was WINDOWSS	0	WINDOWSS
2025-05-15 00:27:55	debug		System	Debug: **ReadConfigData, stat value for encryption_hash was 99CCFC0D033729754B6BB4832FE786A1	0	WINDOWSS
2025-05-15 00:27:55	debug		System	Debug: **ReadConfigData, stat value for anonymous_stat_last_update was 1747127736	0	WINDOWSS
2025-05-15 00:27:55	debug		System	Debug: **ReadConfigData, stat value for create_host was WINDOWSS	0	WINDOWSS
2025-05-15 00:27:55	debug		System	Debug: **ReadConfigData, stat value for create_time was 1747126430	0	WINDOWSS
2025-05-15 00:27:55	debug		System	Debug: **ReadConfigData, stat value for last_update was 1747127736	0	WINDOWSS
2025-05-15 00:27:55	debug		System	Debug: **ReadConfigData, stat value for last_update_host was WINDOWSS	0	WINDOWSS
2025-05-15 00:27:55	debug		System	Debug: **ReadConfigData, stat value for encryption_hash was 99CCFC0D033729754B6BB4832FE786A1	0	WINDOWSS
========================================
multiotp 5.9.9.1
Your script is running from C:\multiotp\
2025-05-15 00:27:55	debug		System	Debug: **ReadConfigData, stat value for anonymous_stat_last_update was 1747127736	0	WINDOWSS
2025-05-15 00:27:55	debug		System	Debug: **ReadConfigData, stat value for create_host was WINDOWSS	0	WINDOWSS
2025-05-15 00:27:55	debug		System	Debug: **ReadConfigData, stat value for create_time was 1747126430	0	WINDOWSS
2025-05-15 00:27:55	debug		System	Debug: **ReadConfigData, stat value for last_update was 1747127736	0	WINDOWSS
2025-05-15 00:27:55	debug		System	Debug: **ReadConfigData, stat value for last_update_host was WINDOWSS	0	WINDOWSS
2025-05-15 00:27:55	debug		System	Debug: **ReadConfigData, stat value for encryption_hash was 99CCFC0D033729754B6BB4832FE786A1	0	WINDOWSS
2025-05-15 00:27:55	debug		System	Debug: **ReadConfigData, stat value for anonymous_stat_last_update was 1747127736	0	WINDOWSS
2025-05-15 00:27:55	debug		System	Debug: **ReadConfigData, stat value for create_host was WINDOWSS	0	WINDOWSS
2025-05-15 00:27:55	debug		System	Debug: **ReadConfigData, stat value for create_time was 1747126430	0	WINDOWSS
2025-05-15 00:27:55	debug		System	Debug: **ReadConfigData, stat value for last_update was 1747127736	0	WINDOWSS
2025-05-15 00:27:55	debug		System	Debug: **ReadConfigData, stat value for last_update_host was WINDOWSS	0	WINDOWSS
2025-05-15 00:27:55	debug		System	Debug: **ReadConfigData, stat value for encryption_hash was 99CCFC0D033729754B6BB4832FE786A1	0	WINDOWSS
========================================
multiotp 5.9.9.1
Your script is running from C:\multiotp\
2025-05-15 00:29:18	debug		System	Debug: **ReadConfigData, stat value for anonymous_stat_last_update was 1747127736	0	WINDOWSS
2025-05-15 00:29:18	debug		System	Debug: **ReadConfigData, stat value for create_host was WINDOWSS	0	WINDOWSS
2025-05-15 00:29:18	debug		System	Debug: **ReadConfigData, stat value for create_time was 1747126430	0	WINDOWSS
2025-05-15 00:29:18	debug		System	Debug: **ReadConfigData, stat value for last_update was 1747127736	0	WINDOWSS
2025-05-15 00:29:18	debug		System	Debug: **ReadConfigData, stat value for last_update_host was WINDOWSS	0	WINDOWSS
2025-05-15 00:29:18	debug		System	Debug: **ReadConfigData, stat value for encryption_hash was 99CCFC0D033729754B6BB4832FE786A1	0	WINDOWSS
2025-05-15 00:29:18	debug		System	Debug: **ReadConfigData, stat value for anonymous_stat_last_update was 1747127736	0	WINDOWSS
2025-05-15 00:29:18	debug		System	Debug: **ReadConfigData, stat value for create_host was WINDOWSS	0	WINDOWSS
2025-05-15 00:29:18	debug		System	Debug: **ReadConfigData, stat value for create_time was 1747126430	0	WINDOWSS
2025-05-15 00:29:18	debug		System	Debug: **ReadConfigData, stat value for last_update was 1747127736	0	WINDOWSS
2025-05-15 00:29:18	debug		System	Debug: **ReadConfigData, stat value for last_update_host was WINDOWSS	0	WINDOWSS
2025-05-15 00:29:18	debug		System	Debug: **ReadConfigData, stat value for encryption_hash was 99CCFC0D033729754B6BB4832FE786A1	0	WINDOWSS
========================================
multiotp 5.9.9.1
Your script is running from C:\multiotp\
2025-05-15 00:29:18	debug		System	Debug: **ReadConfigData, stat value for anonymous_stat_last_update was 1747127736	0	WINDOWSS
2025-05-15 00:29:18	debug		System	Debug: **ReadConfigData, stat value for create_host was WINDOWSS	0	WINDOWSS
2025-05-15 00:29:18	debug		System	Debug: **ReadConfigData, stat value for create_time was 1747126430	0	WINDOWSS
2025-05-15 00:29:18	debug		System	Debug: **ReadConfigData, stat value for last_update was 1747127736	0	WINDOWSS
2025-05-15 00:29:18	debug		System	Debug: **ReadConfigData, stat value for last_update_host was WINDOWSS	0	WINDOWSS
2025-05-15 00:29:18	debug		System	Debug: **ReadConfigData, stat value for encryption_hash was 99CCFC0D033729754B6BB4832FE786A1	0	WINDOWSS
2025-05-15 00:29:18	debug		System	Debug: **ReadConfigData, stat value for anonymous_stat_last_update was 1747127736	0	WINDOWSS
2025-05-15 00:29:18	debug		System	Debug: **ReadConfigData, stat value for create_host was WINDOWSS	0	WINDOWSS
2025-05-15 00:29:18	debug		System	Debug: **ReadConfigData, stat value for create_time was 1747126430	0	WINDOWSS
2025-05-15 00:29:18	debug		System	Debug: **ReadConfigData, stat value for last_update was 1747127736	0	WINDOWSS
2025-05-15 00:29:18	debug		System	Debug: **ReadConfigData, stat value for last_update_host was WINDOWSS	0	WINDOWSS
2025-05-15 00:29:18	debug		System	Debug: **ReadConfigData, stat value for encryption_hash was 99CCFC0D033729754B6BB4832FE786A1	0	WINDOWSS
========================================
multiotp 5.9.9.1
Your script is running from C:\multiotp\
2025-05-15 00:29:32	debug		System	Debug: **ReadConfigData, stat value for anonymous_stat_last_update was 1747127736	0	WINDOWSS
2025-05-15 00:29:32	debug		System	Debug: **ReadConfigData, stat value for create_host was WINDOWSS	0	WINDOWSS
2025-05-15 00:29:32	debug		System	Debug: **ReadConfigData, stat value for create_time was 1747126430	0	WINDOWSS
2025-05-15 00:29:32	debug		System	Debug: **ReadConfigData, stat value for last_update was 1747127736	0	WINDOWSS
2025-05-15 00:29:32	debug		System	Debug: **ReadConfigData, stat value for last_update_host was WINDOWSS	0	WINDOWSS
2025-05-15 00:29:33	debug		System	Debug: **ReadConfigData, stat value for encryption_hash was 99CCFC0D033729754B6BB4832FE786A1	0	WINDOWSS
2025-05-15 00:29:33	debug		System	Debug: **ReadConfigData, stat value for anonymous_stat_last_update was 1747127736	0	WINDOWSS
2025-05-15 00:29:33	debug		System	Debug: **ReadConfigData, stat value for create_host was WINDOWSS	0	WINDOWSS
2025-05-15 00:29:33	debug		System	Debug: **ReadConfigData, stat value for create_time was 1747126430	0	WINDOWSS
2025-05-15 00:29:33	debug		System	Debug: **ReadConfigData, stat value for last_update was 1747127736	0	WINDOWSS
2025-05-15 00:29:33	debug		System	Debug: **ReadConfigData, stat value for last_update_host was WINDOWSS	0	WINDOWSS
2025-05-15 00:29:33	debug		System	Debug: **ReadConfigData, stat value for encryption_hash was 99CCFC0D033729754B6BB4832FE786A1	0	WINDOWSS
2025-05-15 00:29:33	debug		CredentialProviderRequest	Info: *Value for IsCredentialProviderRequest:	0	WINDOWSS
2025-05-15 00:29:33	debug		Server-Client	Info: *CheckUserExists server request for pruebadoc with challenge MOSH0f9bf6022e1c2820392f6b63bc23a577	0	WINDOWSS
2025-05-15 00:29:33	debug		Server-Client	Info: *CheckUserExists intermediate error code: 22	0	WINDOWSS
2025-05-15 00:29:33	debug		Server-Client	Info: *Server secret used for command CheckUserExists with error code result 22: secretOTP	0	WINDOWSS
========================================
multiotp 5.9.9.1
Your script is running from C:\multiotp\
2025-05-15 00:29:33	debug		System	Debug: **ReadConfigData, stat value for anonymous_stat_last_update was 1747127736	0	WINDOWSS
2025-05-15 00:29:33	debug		System	Debug: **ReadConfigData, stat value for create_host was WINDOWSS	0	WINDOWSS
2025-05-15 00:29:33	debug		System	Debug: **ReadConfigData, stat value for create_time was 1747126430	0	WINDOWSS
2025-05-15 00:29:33	debug		System	Debug: **ReadConfigData, stat value for last_update was 1747127736	0	WINDOWSS
2025-05-15 00:29:33	debug		System	Debug: **ReadConfigData, stat value for last_update_host was WINDOWSS	0	WINDOWSS
2025-05-15 00:29:33	debug		System	Debug: **ReadConfigData, stat value for encryption_hash was 99CCFC0D033729754B6BB4832FE786A1	0	WINDOWSS
2025-05-15 00:29:33	debug		System	Debug: **ReadConfigData, stat value for anonymous_stat_last_update was 1747127736	0	WINDOWSS
2025-05-15 00:29:33	debug		System	Debug: **ReadConfigData, stat value for create_host was WINDOWSS	0	WINDOWSS
2025-05-15 00:29:33	debug		System	Debug: **ReadConfigData, stat value for create_time was 1747126430	0	WINDOWSS
2025-05-15 00:29:33	debug		System	Debug: **ReadConfigData, stat value for last_update was 1747127736	0	WINDOWSS
2025-05-15 00:29:33	debug		System	Debug: **ReadConfigData, stat value for last_update_host was WINDOWSS	0	WINDOWSS
2025-05-15 00:29:33	debug		System	Debug: **ReadConfigData, stat value for encryption_hash was 99CCFC0D033729754B6BB4832FE786A1	0	WINDOWSS
2025-05-15 00:29:33	debug		CredentialProviderRequest	Info: *Value for IsCredentialProviderRequest:	0	WINDOWSS
2025-05-15 00:29:33	debug		Server-Client	Info: *ReadUserData server request for pruebadoc	0	WINDOWSS
2025-05-15 00:29:33	debug		Server-Client	Info: *Server secret used for command ReadUserData with error code result 19: secretOTP	0	WINDOWSS
========================================
multiotp 5.9.9.1
Your script is running from C:\multiotp\
2025-05-15 00:29:33	debug		System	Debug: **ReadConfigData, stat value for anonymous_stat_last_update was 1747127736	0	WINDOWSS
2025-05-15 00:29:33	debug		System	Debug: **ReadConfigData, stat value for create_host was WINDOWSS	0	WINDOWSS
2025-05-15 00:29:33	debug		System	Debug: **ReadConfigData, stat value for create_time was 1747126430	0	WINDOWSS
2025-05-15 00:29:33	debug		System	Debug: **ReadConfigData, stat value for last_update was 1747127736	0	WINDOWSS
2025-05-15 00:29:33	debug		System	Debug: **ReadConfigData, stat value for last_update_host was WINDOWSS	0	WINDOWSS
2025-05-15 00:29:33	debug		System	Debug: **ReadConfigData, stat value for encryption_hash was 99CCFC0D033729754B6BB4832FE786A1	0	WINDOWSS
2025-05-15 00:29:33	debug		System	Debug: **ReadConfigData, stat value for anonymous_stat_last_update was 1747127736	0	WINDOWSS
2025-05-15 00:29:33	debug		System	Debug: **ReadConfigData, stat value for create_host was WINDOWSS	0	WINDOWSS
2025-05-15 00:29:33	debug		System	Debug: **ReadConfigData, stat value for create_time was 1747126430	0	WINDOWSS
2025-05-15 00:29:33	debug		System	Debug: **ReadConfigData, stat value for last_update was 1747127736	0	WINDOWSS
2025-05-15 00:29:33	debug		System	Debug: **ReadConfigData, stat value for last_update_host was WINDOWSS	0	WINDOWSS
2025-05-15 00:29:33	debug		System	Debug: **ReadConfigData, stat value for encryption_hash was 99CCFC0D033729754B6BB4832FE786A1	0	WINDOWSS
2025-05-15 00:29:33	debug		CredentialProviderRequest	Info: *Value for IsCredentialProviderRequest:	0	WINDOWSS
2025-05-15 00:29:33	debug		Server-Client	Info: *ReadUserData server request for pruebadoc	0	WINDOWSS
2025-05-15 00:29:33	debug		Server-Client	Info: *Server secret used for command ReadUserData with error code result 19: secretOTP	0	WINDOWSS
========================================
multiotp 5.9.9.1
Your script is running from C:\multiotp\
2025-05-15 00:29:33	debug		System	Debug: **ReadConfigData, stat value for anonymous_stat_last_update was 1747127736	0	WINDOWSS
2025-05-15 00:29:33	debug		System	Debug: **ReadConfigData, stat value for create_host was WINDOWSS	0	WINDOWSS
2025-05-15 00:29:33	debug		System	Debug: **ReadConfigData, stat value for create_time was 1747126430	0	WINDOWSS
2025-05-15 00:29:33	debug		System	Debug: **ReadConfigData, stat value for last_update was 1747127736	0	WINDOWSS
2025-05-15 00:29:33	debug		System	Debug: **ReadConfigData, stat value for last_update_host was WINDOWSS	0	WINDOWSS
2025-05-15 00:29:33	debug		System	Debug: **ReadConfigData, stat value for encryption_hash was 99CCFC0D033729754B6BB4832FE786A1	0	WINDOWSS
2025-05-15 00:29:33	debug		System	Debug: **ReadConfigData, stat value for anonymous_stat_last_update was 1747127736	0	WINDOWSS
2025-05-15 00:29:33	debug		System	Debug: **ReadConfigData, stat value for create_host was WINDOWSS	0	WINDOWSS
2025-05-15 00:29:33	debug		System	Debug: **ReadConfigData, stat value for create_time was 1747126430	0	WINDOWSS
2025-05-15 00:29:33	debug		System	Debug: **ReadConfigData, stat value for last_update was 1747127736	0	WINDOWSS
2025-05-15 00:29:33	debug		System	Debug: **ReadConfigData, stat value for last_update_host was WINDOWSS	0	WINDOWSS
2025-05-15 00:29:33	debug		System	Debug: **ReadConfigData, stat value for encryption_hash was 99CCFC0D033729754B6BB4832FE786A1	0	WINDOWSS
2025-05-15 00:29:33	debug		CredentialProviderRequest	Info: *Value for IsCredentialProviderRequest: 1	0	WINDOWSS
2025-05-15 00:29:33	debug		Server-Client	Info: *CheckUserToken server request.	0	WINDOWSS
2025-05-15 00:29:33	warning	pruebadoc	User	Error: authentication failed (using Credential Provider) for user pruebadoc	0	WINDOWSS
2025-05-15 00:29:33	warning	pruebadoc	User	Info: *(authentication typed by the user is CHAP encrypted)	0	WINDOWSS
2025-05-15 00:29:33	debug		Server-Client	Info: *Server secret used for command CheckUserToken with error code result 99: secretOTP	0	WINDOWSS
========================================
multiotp 5.9.9.1
Your script is running from C:\multiotp\
2025-05-15 00:29:42	debug		System	Debug: **ReadConfigData, stat value for anonymous_stat_last_update was 1747127736	0	WINDOWSS
2025-05-15 00:29:42	debug		System	Debug: **ReadConfigData, stat value for create_host was WINDOWSS	0	WINDOWSS
2025-05-15 00:29:42	debug		System	Debug: **ReadConfigData, stat value for create_time was 1747126430	0	WINDOWSS
2025-05-15 00:29:42	debug		System	Debug: **ReadConfigData, stat value for last_update was 1747127736	0	WINDOWSS
2025-05-15 00:29:42	debug		System	Debug: **ReadConfigData, stat value for last_update_host was WINDOWSS	0	WINDOWSS
2025-05-15 00:29:42	debug		System	Debug: **ReadConfigData, stat value for encryption_hash was 99CCFC0D033729754B6BB4832FE786A1	0	WINDOWSS
2025-05-15 00:29:42	debug		System	Debug: **ReadConfigData, stat value for anonymous_stat_last_update was 1747127736	0	WINDOWSS
2025-05-15 00:29:42	debug		System	Debug: **ReadConfigData, stat value for create_host was WINDOWSS	0	WINDOWSS
2025-05-15 00:29:42	debug		System	Debug: **ReadConfigData, stat value for create_time was 1747126430	0	WINDOWSS
2025-05-15 00:29:42	debug		System	Debug: **ReadConfigData, stat value for last_update was 1747127736	0	WINDOWSS
2025-05-15 00:29:42	debug		System	Debug: **ReadConfigData, stat value for last_update_host was WINDOWSS	0	WINDOWSS
2025-05-15 00:29:42	debug		System	Debug: **ReadConfigData, stat value for encryption_hash was 99CCFC0D033729754B6BB4832FE786A1	0	WINDOWSS
2025-05-15 00:29:42	debug		CredentialProviderRequest	Info: *Value for IsCredentialProviderRequest:	0	WINDOWSS
2025-05-15 00:29:42	debug		Server-Client	Info: *CheckUserExists server request for pruebadoc with challenge MOSH855fc8ae251bea0aa19460c4c0cee003	0	WINDOWSS
2025-05-15 00:29:42	debug		Server-Client	Info: *CheckUserExists intermediate error code: 22	0	WINDOWSS
2025-05-15 00:29:42	debug		Server-Client	Info: *Server secret used for command CheckUserExists with error code result 22: secretOTP	0	WINDOWSS
========================================
multiotp 5.9.9.1
Your script is running from C:\multiotp\
2025-05-15 00:29:42	debug		System	Debug: **ReadConfigData, stat value for anonymous_stat_last_update was 1747127736	0	WINDOWSS
2025-05-15 00:29:42	debug		System	Debug: **ReadConfigData, stat value for create_host was WINDOWSS	0	WINDOWSS
2025-05-15 00:29:42	debug		System	Debug: **ReadConfigData, stat value for create_time was 1747126430	0	WINDOWSS
2025-05-15 00:29:42	debug		System	Debug: **ReadConfigData, stat value for last_update was 1747127736	0	WINDOWSS
2025-05-15 00:29:42	debug		System	Debug: **ReadConfigData, stat value for last_update_host was WINDOWSS	0	WINDOWSS
2025-05-15 00:29:42	debug		System	Debug: **ReadConfigData, stat value for encryption_hash was 99CCFC0D033729754B6BB4832FE786A1	0	WINDOWSS
2025-05-15 00:29:42	debug		System	Debug: **ReadConfigData, stat value for anonymous_stat_last_update was 1747127736	0	WINDOWSS
2025-05-15 00:29:42	debug		System	Debug: **ReadConfigData, stat value for create_host was WINDOWSS	0	WINDOWSS
2025-05-15 00:29:42	debug		System	Debug: **ReadConfigData, stat value for create_time was 1747126430	0	WINDOWSS
2025-05-15 00:29:42	debug		System	Debug: **ReadConfigData, stat value for last_update was 1747127736	0	WINDOWSS
2025-05-15 00:29:42	debug		System	Debug: **ReadConfigData, stat value for last_update_host was WINDOWSS	0	WINDOWSS
2025-05-15 00:29:42	debug		System	Debug: **ReadConfigData, stat value for encryption_hash was 99CCFC0D033729754B6BB4832FE786A1	0	WINDOWSS
2025-05-15 00:29:42	debug		CredentialProviderRequest	Info: *Value for IsCredentialProviderRequest:	0	WINDOWSS
2025-05-15 00:29:42	debug		Server-Client	Info: *ReadUserData server request for pruebadoc	0	WINDOWSS
2025-05-15 00:29:42	debug		Server-Client	Info: *Server secret used for command ReadUserData with error code result 19: secretOTP	0	WINDOWSS
========================================
multiotp 5.9.9.1
Your script is running from C:\multiotp\
2025-05-15 00:29:42	debug		System	Debug: **ReadConfigData, stat value for anonymous_stat_last_update was 1747127736	0	WINDOWSS
2025-05-15 00:29:42	debug		System	Debug: **ReadConfigData, stat value for create_host was WINDOWSS	0	WINDOWSS
2025-05-15 00:29:42	debug		System	Debug: **ReadConfigData, stat value for create_time was 1747126430	0	WINDOWSS
2025-05-15 00:29:42	debug		System	Debug: **ReadConfigData, stat value for last_update was 1747127736	0	WINDOWSS
2025-05-15 00:29:42	debug		System	Debug: **ReadConfigData, stat value for last_update_host was WINDOWSS	0	WINDOWSS
2025-05-15 00:29:42	debug		System	Debug: **ReadConfigData, stat value for encryption_hash was 99CCFC0D033729754B6BB4832FE786A1	0	WINDOWSS
2025-05-15 00:29:42	debug		System	Debug: **ReadConfigData, stat value for anonymous_stat_last_update was 1747127736	0	WINDOWSS
2025-05-15 00:29:42	debug		System	Debug: **ReadConfigData, stat value for create_host was WINDOWSS	0	WINDOWSS
2025-05-15 00:29:42	debug		System	Debug: **ReadConfigData, stat value for create_time was 1747126430	0	WINDOWSS
2025-05-15 00:29:42	debug		System	Debug: **ReadConfigData, stat value for last_update was 1747127736	0	WINDOWSS
2025-05-15 00:29:42	debug		System	Debug: **ReadConfigData, stat value for last_update_host was WINDOWSS	0	WINDOWSS
2025-05-15 00:29:42	debug		System	Debug: **ReadConfigData, stat value for encryption_hash was 99CCFC0D033729754B6BB4832FE786A1	0	WINDOWSS
2025-05-15 00:29:42	debug		CredentialProviderRequest	Info: *Value for IsCredentialProviderRequest:	0	WINDOWSS
2025-05-15 00:29:42	debug		Server-Client	Info: *ReadUserData server request for pruebadoc	0	WINDOWSS
2025-05-15 00:29:42	debug		Server-Client	Info: *Server secret used for command ReadUserData with error code result 19: secretOTP	0	WINDOWSS
========================================
multiotp 5.9.9.1
Your script is running from C:\multiotp\
2025-05-15 00:29:42	debug		System	Debug: **ReadConfigData, stat value for anonymous_stat_last_update was 1747127736	0	WINDOWSS
2025-05-15 00:29:42	debug		System	Debug: **ReadConfigData, stat value for create_host was WINDOWSS	0	WINDOWSS
2025-05-15 00:29:42	debug		System	Debug: **ReadConfigData, stat value for create_time was 1747126430	0	WINDOWSS
2025-05-15 00:29:42	debug		System	Debug: **ReadConfigData, stat value for last_update was 1747127736	0	WINDOWSS
2025-05-15 00:29:42	debug		System	Debug: **ReadConfigData, stat value for last_update_host was WINDOWSS	0	WINDOWSS
2025-05-15 00:29:42	debug		System	Debug: **ReadConfigData, stat value for encryption_hash was 99CCFC0D033729754B6BB4832FE786A1	0	WINDOWSS
2025-05-15 00:29:42	debug		System	Debug: **ReadConfigData, stat value for anonymous_stat_last_update was 1747127736	0	WINDOWSS
2025-05-15 00:29:42	debug		System	Debug: **ReadConfigData, stat value for create_host was WINDOWSS	0	WINDOWSS
2025-05-15 00:29:42	debug		System	Debug: **ReadConfigData, stat value for create_time was 1747126430	0	WINDOWSS
2025-05-15 00:29:42	debug		System	Debug: **ReadConfigData, stat value for last_update was 1747127736	0	WINDOWSS
2025-05-15 00:29:42	debug		System	Debug: **ReadConfigData, stat value for last_update_host was WINDOWSS	0	WINDOWSS
2025-05-15 00:29:42	debug		System	Debug: **ReadConfigData, stat value for encryption_hash was 99CCFC0D033729754B6BB4832FE786A1	0	WINDOWSS
2025-05-15 00:29:42	debug		CredentialProviderRequest	Info: *Value for IsCredentialProviderRequest: 1	0	WINDOWSS
2025-05-15 00:29:42	debug		Server-Client	Info: *CheckUserToken server request.	0	WINDOWSS
2025-05-15 00:29:42	notice	pruebadoc	User	OK: User pruebadoc successfully logged in (using Credential Provider) with TOTP token	0	WINDOWSS
2025-05-15 00:29:42	debug		Server-Client	Info: *Cache level is set to 1	0	WINDOWSS
2025-05-15 00:29:42	debug		Server-Client	Info: *Server secret used for command CheckUserToken with error code result 0: secretOTP	0	WINDOWSS
========================================
multiotp 5.9.9.1
Your script is running from C:\multiotp\
2025-05-15 00:30:18	debug		System	Debug: **ReadConfigData, stat value for anonymous_stat_last_update was 1747127736	0	WINDOWSS
2025-05-15 00:30:18	debug		System	Debug: **ReadConfigData, stat value for create_host was WINDOWSS	0	WINDOWSS
2025-05-15 00:30:18	debug		System	Debug: **ReadConfigData, stat value for create_time was 1747126430	0	WINDOWSS
2025-05-15 00:30:18	debug		System	Debug: **ReadConfigData, stat value for last_update was 1747127736	0	WINDOWSS
2025-05-15 00:30:18	debug		System	Debug: **ReadConfigData, stat value for last_update_host was WINDOWSS	0	WINDOWSS
2025-05-15 00:30:18	debug		System	Debug: **ReadConfigData, stat value for encryption_hash was 99CCFC0D033729754B6BB4832FE786A1	0	WINDOWSS
2025-05-15 00:30:18	debug		System	Debug: **ReadConfigData, stat value for anonymous_stat_last_update was 1747127736	0	WINDOWSS
2025-05-15 00:30:18	debug		System	Debug: **ReadConfigData, stat value for create_host was WINDOWSS	0	WINDOWSS
2025-05-15 00:30:18	debug		System	Debug: **ReadConfigData, stat value for create_time was 1747126430	0	WINDOWSS
2025-05-15 00:30:18	debug		System	Debug: **ReadConfigData, stat value for last_update was 1747127736	0	WINDOWSS
2025-05-15 00:30:18	debug		System	Debug: **ReadConfigData, stat value for last_update_host was WINDOWSS	0	WINDOWSS
2025-05-15 00:30:18	debug		System	Debug: **ReadConfigData, stat value for encryption_hash was 99CCFC0D033729754B6BB4832FE786A1	0	WINDOWSS
2025-05-15 00:30:18	debug		CredentialProviderRequest	Info: *Value for IsCredentialProviderRequest:	0	WINDOWSS
2025-05-15 00:30:18	debug		Server-Client	Info: *CheckUserExists server request for pruebadoc with challenge MOSH982aac13449933275f68180a70d5f4b5	0	WINDOWSS
2025-05-15 00:30:18	debug		Server-Client	Info: *CheckUserExists intermediate error code: 22	0	WINDOWSS
2025-05-15 00:30:18	debug		Server-Client	Info: *Server secret used for command CheckUserExists with error code result 22: secretOTP	0	WINDOWSS
========================================
multiotp 5.9.9.1
Your script is running from C:\multiotp\
2025-05-15 00:30:18	debug		System	Debug: **ReadConfigData, stat value for anonymous_stat_last_update was 1747127736	0	WINDOWSS
2025-05-15 00:30:18	debug		System	Debug: **ReadConfigData, stat value for create_host was WINDOWSS	0	WINDOWSS
2025-05-15 00:30:18	debug		System	Debug: **ReadConfigData, stat value for create_time was 1747126430	0	WINDOWSS
2025-05-15 00:30:18	debug		System	Debug: **ReadConfigData, stat value for last_update was 1747127736	0	WINDOWSS
2025-05-15 00:30:18	debug		System	Debug: **ReadConfigData, stat value for last_update_host was WINDOWSS	0	WINDOWSS
2025-05-15 00:30:18	debug		System	Debug: **ReadConfigData, stat value for encryption_hash was 99CCFC0D033729754B6BB4832FE786A1	0	WINDOWSS
2025-05-15 00:30:18	debug		System	Debug: **ReadConfigData, stat value for anonymous_stat_last_update was 1747127736	0	WINDOWSS
2025-05-15 00:30:18	debug		System	Debug: **ReadConfigData, stat value for create_host was WINDOWSS	0	WINDOWSS
2025-05-15 00:30:18	debug		System	Debug: **ReadConfigData, stat value for create_time was 1747126430	0	WINDOWSS
2025-05-15 00:30:18	debug		System	Debug: **ReadConfigData, stat value for last_update was 1747127736	0	WINDOWSS
2025-05-15 00:30:18	debug		System	Debug: **ReadConfigData, stat value for last_update_host was WINDOWSS	0	WINDOWSS
2025-05-15 00:30:18	debug		System	Debug: **ReadConfigData, stat value for encryption_hash was 99CCFC0D033729754B6BB4832FE786A1	0	WINDOWSS
2025-05-15 00:30:18	debug		CredentialProviderRequest	Info: *Value for IsCredentialProviderRequest:	0	WINDOWSS
2025-05-15 00:30:18	debug		Server-Client	Info: *ReadUserData server request for pruebadoc	0	WINDOWSS
2025-05-15 00:30:18	debug		Server-Client	Info: *Server secret used for command ReadUserData with error code result 19: secretOTP	0	WINDOWSS
========================================
multiotp 5.9.9.1
Your script is running from C:\multiotp\
2025-05-15 00:30:18	debug		System	Debug: **ReadConfigData, stat value for anonymous_stat_last_update was 1747127736	0	WINDOWSS
2025-05-15 00:30:18	debug		System	Debug: **ReadConfigData, stat value for create_host was WINDOWSS	0	WINDOWSS
2025-05-15 00:30:18	debug		System	Debug: **ReadConfigData, stat value for create_time was 1747126430	0	WINDOWSS
2025-05-15 00:30:18	debug		System	Debug: **ReadConfigData, stat value for last_update was 1747127736	0	WINDOWSS
2025-05-15 00:30:18	debug		System	Debug: **ReadConfigData, stat value for last_update_host was WINDOWSS	0	WINDOWSS
2025-05-15 00:30:18	debug		System	Debug: **ReadConfigData, stat value for encryption_hash was 99CCFC0D033729754B6BB4832FE786A1	0	WINDOWSS
2025-05-15 00:30:18	debug		System	Debug: **ReadConfigData, stat value for anonymous_stat_last_update was 1747127736	0	WINDOWSS
2025-05-15 00:30:18	debug		System	Debug: **ReadConfigData, stat value for create_host was WINDOWSS	0	WINDOWSS
2025-05-15 00:30:18	debug		System	Debug: **ReadConfigData, stat value for create_time was 1747126430	0	WINDOWSS
2025-05-15 00:30:18	debug		System	Debug: **ReadConfigData, stat value for last_update was 1747127736	0	WINDOWSS
2025-05-15 00:30:18	debug		System	Debug: **ReadConfigData, stat value for last_update_host was WINDOWSS	0	WINDOWSS
2025-05-15 00:30:18	debug		System	Debug: **ReadConfigData, stat value for encryption_hash was 99CCFC0D033729754B6BB4832FE786A1	0	WINDOWSS
2025-05-15 00:30:18	debug		CredentialProviderRequest	Info: *Value for IsCredentialProviderRequest:	0	WINDOWSS
2025-05-15 00:30:18	debug		Server-Client	Info: *ReadUserData server request for pruebadoc	0	WINDOWSS
2025-05-15 00:30:18	debug		Server-Client	Info: *Server secret used for command ReadUserData with error code result 19: secretOTP	0	WINDOWSS
========================================
multiotp 5.9.9.1
Your script is running from C:\multiotp\
2025-05-15 00:30:18	debug		System	Debug: **ReadConfigData, stat value for anonymous_stat_last_update was 1747127736	0	WINDOWSS
2025-05-15 00:30:18	debug		System	Debug: **ReadConfigData, stat value for create_host was WINDOWSS	0	WINDOWSS
2025-05-15 00:30:18	debug		System	Debug: **ReadConfigData, stat value for create_time was 1747126430	0	WINDOWSS
2025-05-15 00:30:18	debug		System	Debug: **ReadConfigData, stat value for last_update was 1747127736	0	WINDOWSS
2025-05-15 00:30:18	debug		System	Debug: **ReadConfigData, stat value for last_update_host was WINDOWSS	0	WINDOWSS
2025-05-15 00:30:18	debug		System	Debug: **ReadConfigData, stat value for encryption_hash was 99CCFC0D033729754B6BB4832FE786A1	0	WINDOWSS
2025-05-15 00:30:18	debug		System	Debug: **ReadConfigData, stat value for anonymous_stat_last_update was 1747127736	0	WINDOWSS
2025-05-15 00:30:18	debug		System	Debug: **ReadConfigData, stat value for create_host was WINDOWSS	0	WINDOWSS
2025-05-15 00:30:18	debug		System	Debug: **ReadConfigData, stat value for create_time was 1747126430	0	WINDOWSS
2025-05-15 00:30:18	debug		System	Debug: **ReadConfigData, stat value for last_update was 1747127736	0	WINDOWSS
2025-05-15 00:30:18	debug		System	Debug: **ReadConfigData, stat value for last_update_host was WINDOWSS	0	WINDOWSS
2025-05-15 00:30:18	debug		System	Debug: **ReadConfigData, stat value for encryption_hash was 99CCFC0D033729754B6BB4832FE786A1	0	WINDOWSS
2025-05-15 00:30:18	debug		CredentialProviderRequest	Info: *Value for IsCredentialProviderRequest: 1	0	WINDOWSS
2025-05-15 00:30:18	debug		Server-Client	Info: *CheckUserToken server request.	0	WINDOWSS
2025-05-15 00:30:18	warning	pruebadoc	User	Error: token of user pruebadoc already used	0	WINDOWSS
2025-05-15 00:30:18	debug		Server-Client	Info: *Server secret used for command CheckUserToken with error code result 26: secretOTP	0	WINDOWSS
========================================
multiotp 5.9.9.1
Your script is running from C:\multiotp\
2025-05-15 00:43:25	debug		System	Debug: **ReadConfigData, stat value for anonymous_stat_last_update was 1747127736	0	WINDOWSS
2025-05-15 00:43:25	debug		System	Debug: **ReadConfigData, stat value for create_host was WINDOWSS	0	WINDOWSS
2025-05-15 00:43:25	debug		System	Debug: **ReadConfigData, stat value for create_time was 1747126430	0	WINDOWSS
2025-05-15 00:43:25	debug		System	Debug: **ReadConfigData, stat value for last_update was 1747127736	0	WINDOWSS
2025-05-15 00:43:25	debug		System	Debug: **ReadConfigData, stat value for last_update_host was WINDOWSS	0	WINDOWSS
2025-05-15 00:43:25	debug		System	Debug: **ReadConfigData, stat value for encryption_hash was 99CCFC0D033729754B6BB4832FE786A1	0	WINDOWSS
2025-05-15 00:43:25	debug		System	Debug: **ReadConfigData, stat value for anonymous_stat_last_update was 1747127736	0	WINDOWSS
2025-05-15 00:43:25	debug		System	Debug: **ReadConfigData, stat value for create_host was WINDOWSS	0	WINDOWSS
2025-05-15 00:43:25	debug		System	Debug: **ReadConfigData, stat value for create_time was 1747126430	0	WINDOWSS
2025-05-15 00:43:25	debug		System	Debug: **ReadConfigData, stat value for last_update was 1747127736	0	WINDOWSS
2025-05-15 00:43:25	debug		System	Debug: **ReadConfigData, stat value for last_update_host was WINDOWSS	0	WINDOWSS
2025-05-15 00:43:25	debug		System	Debug: **ReadConfigData, stat value for encryption_hash was 99CCFC0D033729754B6BB4832FE786A1	0	WINDOWSS
2025-05-15 00:43:25	debug		CredentialProviderRequest	Info: *Value for IsCredentialProviderRequest:	0	WINDOWSS
2025-05-15 00:43:25	debug		Server-Client	Info: *CheckUserExists server request for pruebadoc with challenge MOSH7d97a287cd77576029b6d49172d28dfb	0	WINDOWSS
2025-05-15 00:43:25	debug		Server-Client	Info: *CheckUserExists intermediate error code: 22	0	WINDOWSS
2025-05-15 00:43:25	debug		Server-Client	Info: *Server secret used for command CheckUserExists with error code result 22: secretOTP	0	WINDOWSS
========================================
multiotp 5.9.9.1
Your script is running from C:\multiotp\
2025-05-15 00:43:26	debug		System	Debug: **ReadConfigData, stat value for anonymous_stat_last_update was 1747127736	0	WINDOWSS
2025-05-15 00:43:26	debug		System	Debug: **ReadConfigData, stat value for create_host was WINDOWSS	0	WINDOWSS
2025-05-15 00:43:26	debug		System	Debug: **ReadConfigData, stat value for create_time was 1747126430	0	WINDOWSS
2025-05-15 00:43:26	debug		System	Debug: **ReadConfigData, stat value for last_update was 1747127736	0	WINDOWSS
2025-05-15 00:43:26	debug		System	Debug: **ReadConfigData, stat value for last_update_host was WINDOWSS	0	WINDOWSS
2025-05-15 00:43:26	debug		System	Debug: **ReadConfigData, stat value for encryption_hash was 99CCFC0D033729754B6BB4832FE786A1	0	WINDOWSS
2025-05-15 00:43:26	debug		System	Debug: **ReadConfigData, stat value for anonymous_stat_last_update was 1747127736	0	WINDOWSS
2025-05-15 00:43:26	debug		System	Debug: **ReadConfigData, stat value for create_host was WINDOWSS	0	WINDOWSS
2025-05-15 00:43:26	debug		System	Debug: **ReadConfigData, stat value for create_time was 1747126430	0	WINDOWSS
2025-05-15 00:43:26	debug		System	Debug: **ReadConfigData, stat value for last_update was 1747127736	0	WINDOWSS
2025-05-15 00:43:26	debug		System	Debug: **ReadConfigData, stat value for last_update_host was WINDOWSS	0	WINDOWSS
2025-05-15 00:43:26	debug		System	Debug: **ReadConfigData, stat value for encryption_hash was 99CCFC0D033729754B6BB4832FE786A1	0	WINDOWSS
2025-05-15 00:43:26	debug		CredentialProviderRequest	Info: *Value for IsCredentialProviderRequest:	0	WINDOWSS
2025-05-15 00:43:26	debug		Server-Client	Info: *ReadUserData server request for pruebadoc	0	WINDOWSS
2025-05-15 00:43:26	debug		Server-Client	Info: *Server secret used for command ReadUserData with error code result 19: secretOTP	0	WINDOWSS
========================================
multiotp 5.9.9.1
Your script is running from C:\multiotp\
2025-05-15 00:43:26	debug		System	Debug: **ReadConfigData, stat value for anonymous_stat_last_update was 1747127736	0	WINDOWSS
2025-05-15 00:43:26	debug		System	Debug: **ReadConfigData, stat value for create_host was WINDOWSS	0	WINDOWSS
2025-05-15 00:43:26	debug		System	Debug: **ReadConfigData, stat value for create_time was 1747126430	0	WINDOWSS
2025-05-15 00:43:26	debug		System	Debug: **ReadConfigData, stat value for last_update was 1747127736	0	WINDOWSS
2025-05-15 00:43:26	debug		System	Debug: **ReadConfigData, stat value for last_update_host was WINDOWSS	0	WINDOWSS
2025-05-15 00:43:26	debug		System	Debug: **ReadConfigData, stat value for encryption_hash was 99CCFC0D033729754B6BB4832FE786A1	0	WINDOWSS
2025-05-15 00:43:26	debug		System	Debug: **ReadConfigData, stat value for anonymous_stat_last_update was 1747127736	0	WINDOWSS
2025-05-15 00:43:26	debug		System	Debug: **ReadConfigData, stat value for create_host was WINDOWSS	0	WINDOWSS
2025-05-15 00:43:26	debug		System	Debug: **ReadConfigData, stat value for create_time was 1747126430	0	WINDOWSS
2025-05-15 00:43:26	debug		System	Debug: **ReadConfigData, stat value for last_update was 1747127736	0	WINDOWSS
2025-05-15 00:43:26	debug		System	Debug: **ReadConfigData, stat value for last_update_host was WINDOWSS	0	WINDOWSS
2025-05-15 00:43:26	debug		System	Debug: **ReadConfigData, stat value for encryption_hash was 99CCFC0D033729754B6BB4832FE786A1	0	WINDOWSS
2025-05-15 00:43:26	debug		CredentialProviderRequest	Info: *Value for IsCredentialProviderRequest:	0	WINDOWSS
2025-05-15 00:43:26	debug		Server-Client	Info: *ReadUserData server request for pruebadoc	0	WINDOWSS
2025-05-15 00:43:26	debug		Server-Client	Info: *Server secret used for command ReadUserData with error code result 19: secretOTP	0	WINDOWSS
========================================
multiotp 5.9.9.1
Your script is running from C:\multiotp\
2025-05-15 00:43:26	debug		System	Debug: **ReadConfigData, stat value for anonymous_stat_last_update was 1747127736	0	WINDOWSS
2025-05-15 00:43:26	debug		System	Debug: **ReadConfigData, stat value for create_host was WINDOWSS	0	WINDOWSS
2025-05-15 00:43:26	debug		System	Debug: **ReadConfigData, stat value for create_time was 1747126430	0	WINDOWSS
2025-05-15 00:43:26	debug		System	Debug: **ReadConfigData, stat value for last_update was 1747127736	0	WINDOWSS
2025-05-15 00:43:26	debug		System	Debug: **ReadConfigData, stat value for last_update_host was WINDOWSS	0	WINDOWSS
2025-05-15 00:43:26	debug		System	Debug: **ReadConfigData, stat value for encryption_hash was 99CCFC0D033729754B6BB4832FE786A1	0	WINDOWSS
2025-05-15 00:43:26	debug		System	Debug: **ReadConfigData, stat value for anonymous_stat_last_update was 1747127736	0	WINDOWSS
2025-05-15 00:43:26	debug		System	Debug: **ReadConfigData, stat value for create_host was WINDOWSS	0	WINDOWSS
2025-05-15 00:43:26	debug		System	Debug: **ReadConfigData, stat value for create_time was 1747126430	0	WINDOWSS
2025-05-15 00:43:26	debug		System	Debug: **ReadConfigData, stat value for last_update was 1747127736	0	WINDOWSS
2025-05-15 00:43:26	debug		System	Debug: **ReadConfigData, stat value for last_update_host was WINDOWSS	0	WINDOWSS
2025-05-15 00:43:26	debug		System	Debug: **ReadConfigData, stat value for encryption_hash was 99CCFC0D033729754B6BB4832FE786A1	0	WINDOWSS
2025-05-15 00:43:26	debug		CredentialProviderRequest	Info: *Value for IsCredentialProviderRequest: 1	0	WINDOWSS
2025-05-15 00:43:26	debug		Server-Client	Info: *CheckUserToken server request.	0	WINDOWSS
2025-05-15 00:43:26	notice	pruebadoc	User	OK: User pruebadoc successfully logged in (using Credential Provider) with TOTP token	0	WINDOWSS
2025-05-15 00:43:26	debug		Server-Client	Info: *Cache level is set to 1	0	WINDOWSS
2025-05-15 00:43:26	debug		Server-Client	Info: *Server secret used for command CheckUserToken with error code result 0: secretOTP	0	WINDOWSS
========================================
multiotp 5.9.9.1
Your script is running from C:\multiotp\
2025-05-15 00:48:10	debug		System	Debug: **ReadConfigData, stat value for anonymous_stat_last_update was 1747127736	0	WINDOWSS
2025-05-15 00:48:10	debug		System	Debug: **ReadConfigData, stat value for create_host was WINDOWSS	0	WINDOWSS
2025-05-15 00:48:10	debug		System	Debug: **ReadConfigData, stat value for create_time was 1747126430	0	WINDOWSS
2025-05-15 00:48:10	debug		System	Debug: **ReadConfigData, stat value for last_update was 1747127736	0	WINDOWSS
2025-05-15 00:48:10	debug		System	Debug: **ReadConfigData, stat value for last_update_host was WINDOWSS	0	WINDOWSS
2025-05-15 00:48:10	debug		System	Debug: **ReadConfigData, stat value for encryption_hash was 99CCFC0D033729754B6BB4832FE786A1	0	WINDOWSS
2025-05-15 00:48:10	debug		System	Debug: **ReadConfigData, stat value for anonymous_stat_last_update was 1747127736	0	WINDOWSS
2025-05-15 00:48:10	debug		System	Debug: **ReadConfigData, stat value for create_host was WINDOWSS	0	WINDOWSS
2025-05-15 00:48:10	debug		System	Debug: **ReadConfigData, stat value for create_time was 1747126430	0	WINDOWSS
2025-05-15 00:48:10	debug		System	Debug: **ReadConfigData, stat value for last_update was 1747127736	0	WINDOWSS
2025-05-15 00:48:10	debug		System	Debug: **ReadConfigData, stat value for last_update_host was WINDOWSS	0	WINDOWSS
2025-05-15 00:48:10	debug		System	Debug: **ReadConfigData, stat value for encryption_hash was 99CCFC0D033729754B6BB4832FE786A1	0	WINDOWSS
2025-05-15 00:48:10	debug		CredentialProviderRequest	Info: *Value for IsCredentialProviderRequest:	0	WINDOWSS
2025-05-15 00:48:10	debug		Server-Client	Info: *CheckUserExists server request for usuariotest2 with challenge MOSHd321fcd6d65d4c13f7be1bf27ee7aadb	0	WINDOWSS
2025-05-15 00:48:10	debug		Server-Client	Info: *CheckUserExists intermediate error code: 22	0	WINDOWSS
2025-05-15 00:48:10	debug		Server-Client	Info: *Server secret used for command CheckUserExists with error code result 22: secretOTP	0	WINDOWSS
========================================
multiotp 5.9.9.1
Your script is running from C:\multiotp\
2025-05-15 00:48:10	debug		System	Debug: **ReadConfigData, stat value for anonymous_stat_last_update was 1747127736	0	WINDOWSS
2025-05-15 00:48:10	debug		System	Debug: **ReadConfigData, stat value for create_host was WINDOWSS	0	WINDOWSS
2025-05-15 00:48:10	debug		System	Debug: **ReadConfigData, stat value for create_time was 1747126430	0	WINDOWSS
2025-05-15 00:48:10	debug		System	Debug: **ReadConfigData, stat value for last_update was 1747127736	0	WINDOWSS
2025-05-15 00:48:10	debug		System	Debug: **ReadConfigData, stat value for last_update_host was WINDOWSS	0	WINDOWSS
2025-05-15 00:48:10	debug		System	Debug: **ReadConfigData, stat value for encryption_hash was 99CCFC0D033729754B6BB4832FE786A1	0	WINDOWSS
2025-05-15 00:48:10	debug		System	Debug: **ReadConfigData, stat value for anonymous_stat_last_update was 1747127736	0	WINDOWSS
2025-05-15 00:48:10	debug		System	Debug: **ReadConfigData, stat value for create_host was WINDOWSS	0	WINDOWSS
2025-05-15 00:48:10	debug		System	Debug: **ReadConfigData, stat value for create_time was 1747126430	0	WINDOWSS
2025-05-15 00:48:10	debug		System	Debug: **ReadConfigData, stat value for last_update was 1747127736	0	WINDOWSS
2025-05-15 00:48:10	debug		System	Debug: **ReadConfigData, stat value for last_update_host was WINDOWSS	0	WINDOWSS
2025-05-15 00:48:10	debug		System	Debug: **ReadConfigData, stat value for encryption_hash was 99CCFC0D033729754B6BB4832FE786A1	0	WINDOWSS
2025-05-15 00:48:10	debug		CredentialProviderRequest	Info: *Value for IsCredentialProviderRequest:	0	WINDOWSS
2025-05-15 00:48:10	debug		Server-Client	Info: *ReadUserData server request for usuariotest2	0	WINDOWSS
2025-05-15 00:48:10	debug		Server-Client	Info: *Server secret used for command ReadUserData with error code result 19: secretOTP	0	WINDOWSS
========================================
multiotp 5.9.9.1
Your script is running from C:\multiotp\
2025-05-15 00:48:10	debug		System	Debug: **ReadConfigData, stat value for anonymous_stat_last_update was 1747127736	0	WINDOWSS
2025-05-15 00:48:10	debug		System	Debug: **ReadConfigData, stat value for create_host was WINDOWSS	0	WINDOWSS
2025-05-15 00:48:10	debug		System	Debug: **ReadConfigData, stat value for create_time was 1747126430	0	WINDOWSS
2025-05-15 00:48:10	debug		System	Debug: **ReadConfigData, stat value for last_update was 1747127736	0	WINDOWSS
2025-05-15 00:48:10	debug		System	Debug: **ReadConfigData, stat value for last_update_host was WINDOWSS	0	WINDOWSS
2025-05-15 00:48:10	debug		System	Debug: **ReadConfigData, stat value for encryption_hash was 99CCFC0D033729754B6BB4832FE786A1	0	WINDOWSS
2025-05-15 00:48:10	debug		System	Debug: **ReadConfigData, stat value for anonymous_stat_last_update was 1747127736	0	WINDOWSS
2025-05-15 00:48:10	debug		System	Debug: **ReadConfigData, stat value for create_host was WINDOWSS	0	WINDOWSS
2025-05-15 00:48:10	debug		System	Debug: **ReadConfigData, stat value for create_time was 1747126430	0	WINDOWSS
2025-05-15 00:48:10	debug		System	Debug: **ReadConfigData, stat value for last_update was 1747127736	0	WINDOWSS
2025-05-15 00:48:10	debug		System	Debug: **ReadConfigData, stat value for last_update_host was WINDOWSS	0	WINDOWSS
2025-05-15 00:48:10	debug		System	Debug: **ReadConfigData, stat value for encryption_hash was 99CCFC0D033729754B6BB4832FE786A1	0	WINDOWSS
2025-05-15 00:48:10	debug		CredentialProviderRequest	Info: *Value for IsCredentialProviderRequest:	0	WINDOWSS
2025-05-15 00:48:10	debug		Server-Client	Info: *ReadUserData server request for usuariotest2	0	WINDOWSS
2025-05-15 00:48:10	debug		Server-Client	Info: *Server secret used for command ReadUserData with error code result 19: secretOTP	0	WINDOWSS
========================================
multiotp 5.9.9.1
Your script is running from C:\multiotp\
2025-05-15 00:48:11	debug		System	Debug: **ReadConfigData, stat value for anonymous_stat_last_update was 1747127736	0	WINDOWSS
2025-05-15 00:48:11	debug		System	Debug: **ReadConfigData, stat value for create_host was WINDOWSS	0	WINDOWSS
2025-05-15 00:48:11	debug		System	Debug: **ReadConfigData, stat value for create_time was 1747126430	0	WINDOWSS
2025-05-15 00:48:11	debug		System	Debug: **ReadConfigData, stat value for last_update was 1747127736	0	WINDOWSS
2025-05-15 00:48:11	debug		System	Debug: **ReadConfigData, stat value for last_update_host was WINDOWSS	0	WINDOWSS
2025-05-15 00:48:11	debug		System	Debug: **ReadConfigData, stat value for encryption_hash was 99CCFC0D033729754B6BB4832FE786A1	0	WINDOWSS
2025-05-15 00:48:11	debug		System	Debug: **ReadConfigData, stat value for anonymous_stat_last_update was 1747127736	0	WINDOWSS
2025-05-15 00:48:11	debug		System	Debug: **ReadConfigData, stat value for create_host was WINDOWSS	0	WINDOWSS
2025-05-15 00:48:11	debug		System	Debug: **ReadConfigData, stat value for create_time was 1747126430	0	WINDOWSS
2025-05-15 00:48:11	debug		System	Debug: **ReadConfigData, stat value for last_update was 1747127736	0	WINDOWSS
2025-05-15 00:48:11	debug		System	Debug: **ReadConfigData, stat value for last_update_host was WINDOWSS	0	WINDOWSS
2025-05-15 00:48:11	debug		System	Debug: **ReadConfigData, stat value for encryption_hash was 99CCFC0D033729754B6BB4832FE786A1	0	WINDOWSS
2025-05-15 00:48:11	debug		CredentialProviderRequest	Info: *Value for IsCredentialProviderRequest: 1	0	WINDOWSS
2025-05-15 00:48:11	debug		Server-Client	Info: *CheckUserToken server request.	0	WINDOWSS
2025-05-15 00:48:11	notice	usuariotest2	User	OK: User usuariotest2 successfully logged in (using Credential Provider) with TOTP token	0	WINDOWSS
2025-05-15 00:48:11	debug		Server-Client	Info: *Cache level is set to 1	0	WINDOWSS
2025-05-15 00:48:11	debug		Server-Client	Info: *Server secret used for command CheckUserToken with error code result 0: secretOTP	0	WINDOWSS
========================================
multiotp 5.9.9.1
Your script is running from C:\multiotp\
2025-05-15 00:48:29	debug		System	Debug: **ReadConfigData, stat value for anonymous_stat_last_update was 1747127736	0	WINDOWSS
2025-05-15 00:48:29	debug		System	Debug: **ReadConfigData, stat value for create_host was WINDOWSS	0	WINDOWSS
2025-05-15 00:48:29	debug		System	Debug: **ReadConfigData, stat value for create_time was 1747126430	0	WINDOWSS
2025-05-15 00:48:29	debug		System	Debug: **ReadConfigData, stat value for last_update was 1747127736	0	WINDOWSS
2025-05-15 00:48:29	debug		System	Debug: **ReadConfigData, stat value for last_update_host was WINDOWSS	0	WINDOWSS
2025-05-15 00:48:29	debug		System	Debug: **ReadConfigData, stat value for encryption_hash was 99CCFC0D033729754B6BB4832FE786A1	0	WINDOWSS
2025-05-15 00:48:29	debug		System	Debug: **ReadConfigData, stat value for anonymous_stat_last_update was 1747127736	0	WINDOWSS
2025-05-15 00:48:29	debug		System	Debug: **ReadConfigData, stat value for create_host was WINDOWSS	0	WINDOWSS
2025-05-15 00:48:29	debug		System	Debug: **ReadConfigData, stat value for create_time was 1747126430	0	WINDOWSS
2025-05-15 00:48:29	debug		System	Debug: **ReadConfigData, stat value for last_update was 1747127736	0	WINDOWSS
2025-05-15 00:48:29	debug		System	Debug: **ReadConfigData, stat value for last_update_host was WINDOWSS	0	WINDOWSS
2025-05-15 00:48:29	debug		System	Debug: **ReadConfigData, stat value for encryption_hash was 99CCFC0D033729754B6BB4832FE786A1	0	WINDOWSS
2025-05-15 00:48:29	debug		CredentialProviderRequest	Info: *Value for IsCredentialProviderRequest:	0	WINDOWSS
2025-05-15 00:48:29	debug		Server-Client	Info: *CheckUserExists server request for usuariotest2 with challenge MOSH710b1e9e007eda090b592624b6564938	0	WINDOWSS
2025-05-15 00:48:29	debug		Server-Client	Info: *CheckUserExists intermediate error code: 22	0	WINDOWSS
2025-05-15 00:48:29	debug		Server-Client	Info: *Server secret used for command CheckUserExists with error code result 22: secretOTP	0	WINDOWSS
========================================
multiotp 5.9.9.1
Your script is running from C:\multiotp\
2025-05-15 00:48:29	debug		System	Debug: **ReadConfigData, stat value for anonymous_stat_last_update was 1747127736	0	WINDOWSS
2025-05-15 00:48:29	debug		System	Debug: **ReadConfigData, stat value for create_host was WINDOWSS	0	WINDOWSS
2025-05-15 00:48:29	debug		System	Debug: **ReadConfigData, stat value for create_time was 1747126430	0	WINDOWSS
2025-05-15 00:48:29	debug		System	Debug: **ReadConfigData, stat value for last_update was 1747127736	0	WINDOWSS
2025-05-15 00:48:29	debug		System	Debug: **ReadConfigData, stat value for last_update_host was WINDOWSS	0	WINDOWSS
2025-05-15 00:48:29	debug		System	Debug: **ReadConfigData, stat value for encryption_hash was 99CCFC0D033729754B6BB4832FE786A1	0	WINDOWSS
2025-05-15 00:48:29	debug		System	Debug: **ReadConfigData, stat value for anonymous_stat_last_update was 1747127736	0	WINDOWSS
2025-05-15 00:48:29	debug		System	Debug: **ReadConfigData, stat value for create_host was WINDOWSS	0	WINDOWSS
2025-05-15 00:48:29	debug		System	Debug: **ReadConfigData, stat value for create_time was 1747126430	0	WINDOWSS
2025-05-15 00:48:29	debug		System	Debug: **ReadConfigData, stat value for last_update was 1747127736	0	WINDOWSS
2025-05-15 00:48:29	debug		System	Debug: **ReadConfigData, stat value for last_update_host was WINDOWSS	0	WINDOWSS
2025-05-15 00:48:29	debug		System	Debug: **ReadConfigData, stat value for encryption_hash was 99CCFC0D033729754B6BB4832FE786A1	0	WINDOWSS
2025-05-15 00:48:29	debug		CredentialProviderRequest	Info: *Value for IsCredentialProviderRequest:	0	WINDOWSS
2025-05-15 00:48:29	debug		Server-Client	Info: *ReadUserData server request for usuariotest2	0	WINDOWSS
2025-05-15 00:48:29	debug		Server-Client	Info: *Server secret used for command ReadUserData with error code result 19: secretOTP	0	WINDOWSS
========================================
multiotp 5.9.9.1
Your script is running from C:\multiotp\
2025-05-15 00:48:29	debug		System	Debug: **ReadConfigData, stat value for anonymous_stat_last_update was 1747127736	0	WINDOWSS
2025-05-15 00:48:29	debug		System	Debug: **ReadConfigData, stat value for create_host was WINDOWSS	0	WINDOWSS
2025-05-15 00:48:29	debug		System	Debug: **ReadConfigData, stat value for create_time was 1747126430	0	WINDOWSS
2025-05-15 00:48:29	debug		System	Debug: **ReadConfigData, stat value for last_update was 1747127736	0	WINDOWSS
2025-05-15 00:48:29	debug		System	Debug: **ReadConfigData, stat value for last_update_host was WINDOWSS	0	WINDOWSS
2025-05-15 00:48:29	debug		System	Debug: **ReadConfigData, stat value for encryption_hash was 99CCFC0D033729754B6BB4832FE786A1	0	WINDOWSS
2025-05-15 00:48:29	debug		System	Debug: **ReadConfigData, stat value for anonymous_stat_last_update was 1747127736	0	WINDOWSS
2025-05-15 00:48:29	debug		System	Debug: **ReadConfigData, stat value for create_host was WINDOWSS	0	WINDOWSS
2025-05-15 00:48:29	debug		System	Debug: **ReadConfigData, stat value for create_time was 1747126430	0	WINDOWSS
2025-05-15 00:48:29	debug		System	Debug: **ReadConfigData, stat value for last_update was 1747127736	0	WINDOWSS
2025-05-15 00:48:29	debug		System	Debug: **ReadConfigData, stat value for last_update_host was WINDOWSS	0	WINDOWSS
2025-05-15 00:48:29	debug		System	Debug: **ReadConfigData, stat value for encryption_hash was 99CCFC0D033729754B6BB4832FE786A1	0	WINDOWSS
2025-05-15 00:48:29	debug		CredentialProviderRequest	Info: *Value for IsCredentialProviderRequest:	0	WINDOWSS
2025-05-15 00:48:29	debug		Server-Client	Info: *ReadUserData server request for usuariotest2	0	WINDOWSS
2025-05-15 00:48:29	debug		Server-Client	Info: *Server secret used for command ReadUserData with error code result 19: secretOTP	0	WINDOWSS
========================================
multiotp 5.9.9.1
Your script is running from C:\multiotp\
2025-05-15 00:48:30	debug		System	Debug: **ReadConfigData, stat value for anonymous_stat_last_update was 1747127736	0	WINDOWSS
2025-05-15 00:48:30	debug		System	Debug: **ReadConfigData, stat value for create_host was WINDOWSS	0	WINDOWSS
2025-05-15 00:48:30	debug		System	Debug: **ReadConfigData, stat value for create_time was 1747126430	0	WINDOWSS
2025-05-15 00:48:30	debug		System	Debug: **ReadConfigData, stat value for last_update was 1747127736	0	WINDOWSS
2025-05-15 00:48:30	debug		System	Debug: **ReadConfigData, stat value for last_update_host was WINDOWSS	0	WINDOWSS
2025-05-15 00:48:30	debug		System	Debug: **ReadConfigData, stat value for encryption_hash was 99CCFC0D033729754B6BB4832FE786A1	0	WINDOWSS
2025-05-15 00:48:30	debug		System	Debug: **ReadConfigData, stat value for anonymous_stat_last_update was 1747127736	0	WINDOWSS
2025-05-15 00:48:30	debug		System	Debug: **ReadConfigData, stat value for create_host was WINDOWSS	0	WINDOWSS
2025-05-15 00:48:30	debug		System	Debug: **ReadConfigData, stat value for create_time was 1747126430	0	WINDOWSS
2025-05-15 00:48:30	debug		System	Debug: **ReadConfigData, stat value for last_update was 1747127736	0	WINDOWSS
2025-05-15 00:48:30	debug		System	Debug: **ReadConfigData, stat value for last_update_host was WINDOWSS	0	WINDOWSS
2025-05-15 00:48:30	debug		System	Debug: **ReadConfigData, stat value for encryption_hash was 99CCFC0D033729754B6BB4832FE786A1	0	WINDOWSS
2025-05-15 00:48:30	debug		CredentialProviderRequest	Info: *Value for IsCredentialProviderRequest: 1	0	WINDOWSS
2025-05-15 00:48:30	debug		Server-Client	Info: *CheckUserToken server request.	0	WINDOWSS
2025-05-15 00:48:30	notice	usuariotest2	User	OK: User usuariotest2 successfully logged in (using Credential Provider) with TOTP token	0	WINDOWSS
2025-05-15 00:48:30	debug		Server-Client	Info: *Cache level is set to 1	0	WINDOWSS
2025-05-15 00:48:30	debug		Server-Client	Info: *Server secret used for command CheckUserToken with error code result 0: secretOTP	0	WINDOWSS
========================================
multiotp 5.9.9.1
Your script is running from C:\multiOTP\.\
2025-05-15 00:51:19	debug		System	Debug: **ReadConfigData, stat value for anonymous_stat_last_update was 1747127736	0	WINDOWSS
2025-05-15 00:51:19	debug		System	Debug: **ReadConfigData, stat value for create_host was WINDOWSS	0	WINDOWSS
2025-05-15 00:51:19	debug		System	Debug: **ReadConfigData, stat value for create_time was 1747126430	0	WINDOWSS
2025-05-15 00:51:19	debug		System	Debug: **ReadConfigData, stat value for last_update was 1747127736	0	WINDOWSS
2025-05-15 00:51:19	debug		System	Debug: **ReadConfigData, stat value for last_update_host was WINDOWSS	0	WINDOWSS
2025-05-15 00:51:19	debug		System	Debug: **ReadConfigData, stat value for encryption_hash was 99CCFC0D033729754B6BB4832FE786A1	0	WINDOWSS
2025-05-15 00:51:19	debug		System	Debug: **ReadConfigData, stat value for anonymous_stat_last_update was 1747127736	0	WINDOWSS
2025-05-15 00:51:19	debug		System	Debug: **ReadConfigData, stat value for create_host was WINDOWSS	0	WINDOWSS
2025-05-15 00:51:19	debug		System	Debug: **ReadConfigData, stat value for create_time was 1747126430	0	WINDOWSS
2025-05-15 00:51:19	debug		System	Debug: **ReadConfigData, stat value for last_update was 1747127736	0	WINDOWSS
2025-05-15 00:51:19	debug		System	Debug: **ReadConfigData, stat value for last_update_host was WINDOWSS	0	WINDOWSS
2025-05-15 00:51:19	debug		System	Debug: **ReadConfigData, stat value for encryption_hash was 99CCFC0D033729754B6BB4832FE786A1	0	WINDOWSS
2025-05-15 00:51:19	debug		LDAP	Debug: *AD/LDAP synchronization started at 00:51:19 / Memory used: 14.6MB / Peak: 27.2MB	0	WINDOWSS
2025-05-15 00:51:19	info		LDAP	Info: AD/LDAP synchronization started	0	WINDOWSS
2025-05-15 00:51:19	debug		System	Debug: *LDAP cache folder value: C:\Users\Administrator\AppData\Local\Temp\.ldap_cache/	0	WINDOWSS
2025-05-15 00:51:19	info		LDAP	Info: No update for the 9 LDAP synced users, based on 9 LDAP entries (processed in 00:00:00)	0	WINDOWSS
2025-05-15 00:51:19	debug		Debug	Debug: *19 INFO: Requested operation successfully done	0	WINDOWSS
========================================
multiotp 5.9.9.1
Your script is running from C:\multiotp\
2025-05-15 00:51:52	debug		System	Debug: **ReadConfigData, stat value for anonymous_stat_last_update was 1747127736	0	WINDOWSS
2025-05-15 00:51:52	debug		System	Debug: **ReadConfigData, stat value for create_host was WINDOWSS	0	WINDOWSS
2025-05-15 00:51:52	debug		System	Debug: **ReadConfigData, stat value for create_time was 1747126430	0	WINDOWSS
2025-05-15 00:51:52	debug		System	Debug: **ReadConfigData, stat value for last_update was 1747127736	0	WINDOWSS
2025-05-15 00:51:52	debug		System	Debug: **ReadConfigData, stat value for last_update_host was WINDOWSS	0	WINDOWSS
2025-05-15 00:51:52	debug		System	Debug: **ReadConfigData, stat value for encryption_hash was 99CCFC0D033729754B6BB4832FE786A1	0	WINDOWSS
2025-05-15 00:51:52	debug		System	Debug: **ReadConfigData, stat value for anonymous_stat_last_update was 1747127736	0	WINDOWSS
2025-05-15 00:51:52	debug		System	Debug: **ReadConfigData, stat value for create_host was WINDOWSS	0	WINDOWSS
2025-05-15 00:51:52	debug		System	Debug: **ReadConfigData, stat value for create_time was 1747126430	0	WINDOWSS
2025-05-15 00:51:53	debug		System	Debug: **ReadConfigData, stat value for last_update was 1747127736	0	WINDOWSS
2025-05-15 00:51:53	debug		System	Debug: **ReadConfigData, stat value for last_update_host was WINDOWSS	0	WINDOWSS
2025-05-15 00:51:53	debug		System	Debug: **ReadConfigData, stat value for encryption_hash was 99CCFC0D033729754B6BB4832FE786A1	0	WINDOWSS
2025-05-15 00:51:53	debug		CredentialProviderRequest	Info: *Value for IsCredentialProviderRequest:	0	WINDOWSS
2025-05-15 00:51:53	debug		Server-Client	Info: *CheckUserExists server request for usuariotest2 with challenge MOSHd60dac9a1358db7204cd4b4019430310	0	WINDOWSS
2025-05-15 00:51:53	debug		Server-Client	Info: *CheckUserExists intermediate error code: 22	0	WINDOWSS
2025-05-15 00:51:53	debug		Server-Client	Info: *Server secret used for command CheckUserExists with error code result 22: secretOTP	0	WINDOWSS
========================================
multiotp 5.9.9.1
Your script is running from C:\multiotp\
2025-05-15 00:51:53	debug		System	Debug: **ReadConfigData, stat value for anonymous_stat_last_update was 1747127736	0	WINDOWSS
2025-05-15 00:51:53	debug		System	Debug: **ReadConfigData, stat value for create_host was WINDOWSS	0	WINDOWSS
2025-05-15 00:51:53	debug		System	Debug: **ReadConfigData, stat value for create_time was 1747126430	0	WINDOWSS
2025-05-15 00:51:53	debug		System	Debug: **ReadConfigData, stat value for last_update was 1747127736	0	WINDOWSS
2025-05-15 00:51:53	debug		System	Debug: **ReadConfigData, stat value for last_update_host was WINDOWSS	0	WINDOWSS
2025-05-15 00:51:53	debug		System	Debug: **ReadConfigData, stat value for encryption_hash was 99CCFC0D033729754B6BB4832FE786A1	0	WINDOWSS
2025-05-15 00:51:53	debug		System	Debug: **ReadConfigData, stat value for anonymous_stat_last_update was 1747127736	0	WINDOWSS
2025-05-15 00:51:53	debug		System	Debug: **ReadConfigData, stat value for create_host was WINDOWSS	0	WINDOWSS
2025-05-15 00:51:53	debug		System	Debug: **ReadConfigData, stat value for create_time was 1747126430	0	WINDOWSS
2025-05-15 00:51:53	debug		System	Debug: **ReadConfigData, stat value for last_update was 1747127736	0	WINDOWSS
2025-05-15 00:51:53	debug		System	Debug: **ReadConfigData, stat value for last_update_host was WINDOWSS	0	WINDOWSS
2025-05-15 00:51:53	debug		System	Debug: **ReadConfigData, stat value for encryption_hash was 99CCFC0D033729754B6BB4832FE786A1	0	WINDOWSS
2025-05-15 00:51:53	debug		CredentialProviderRequest	Info: *Value for IsCredentialProviderRequest:	0	WINDOWSS
2025-05-15 00:51:53	debug		Server-Client	Info: *ReadUserData server request for usuariotest2	0	WINDOWSS
2025-05-15 00:51:53	debug		Server-Client	Info: *Server secret used for command ReadUserData with error code result 19: secretOTP	0	WINDOWSS
========================================
multiotp 5.9.9.1
Your script is running from C:\multiotp\
2025-05-15 00:51:53	debug		System	Debug: **ReadConfigData, stat value for anonymous_stat_last_update was 1747127736	0	WINDOWSS
2025-05-15 00:51:53	debug		System	Debug: **ReadConfigData, stat value for create_host was WINDOWSS	0	WINDOWSS
2025-05-15 00:51:53	debug		System	Debug: **ReadConfigData, stat value for create_time was 1747126430	0	WINDOWSS
2025-05-15 00:51:53	debug		System	Debug: **ReadConfigData, stat value for last_update was 1747127736	0	WINDOWSS
2025-05-15 00:51:53	debug		System	Debug: **ReadConfigData, stat value for last_update_host was WINDOWSS	0	WINDOWSS
2025-05-15 00:51:53	debug		System	Debug: **ReadConfigData, stat value for encryption_hash was 99CCFC0D033729754B6BB4832FE786A1	0	WINDOWSS
2025-05-15 00:51:53	debug		System	Debug: **ReadConfigData, stat value for anonymous_stat_last_update was 1747127736	0	WINDOWSS
2025-05-15 00:51:53	debug		System	Debug: **ReadConfigData, stat value for create_host was WINDOWSS	0	WINDOWSS
2025-05-15 00:51:53	debug		System	Debug: **ReadConfigData, stat value for create_time was 1747126430	0	WINDOWSS
2025-05-15 00:51:53	debug		System	Debug: **ReadConfigData, stat value for last_update was 1747127736	0	WINDOWSS
2025-05-15 00:51:53	debug		System	Debug: **ReadConfigData, stat value for last_update_host was WINDOWSS	0	WINDOWSS
2025-05-15 00:51:53	debug		System	Debug: **ReadConfigData, stat value for encryption_hash was 99CCFC0D033729754B6BB4832FE786A1	0	WINDOWSS
2025-05-15 00:51:53	debug		CredentialProviderRequest	Info: *Value for IsCredentialProviderRequest:	0	WINDOWSS
2025-05-15 00:51:53	debug		Server-Client	Info: *ReadUserData server request for usuariotest2	0	WINDOWSS
2025-05-15 00:51:53	debug		Server-Client	Info: *Server secret used for command ReadUserData with error code result 19: secretOTP	0	WINDOWSS
========================================
multiotp 5.9.9.1
Your script is running from C:\multiotp\
2025-05-15 00:51:53	debug		System	Debug: **ReadConfigData, stat value for anonymous_stat_last_update was 1747127736	0	WINDOWSS
2025-05-15 00:51:53	debug		System	Debug: **ReadConfigData, stat value for create_host was WINDOWSS	0	WINDOWSS
2025-05-15 00:51:53	debug		System	Debug: **ReadConfigData, stat value for create_time was 1747126430	0	WINDOWSS
2025-05-15 00:51:53	debug		System	Debug: **ReadConfigData, stat value for last_update was 1747127736	0	WINDOWSS
2025-05-15 00:51:53	debug		System	Debug: **ReadConfigData, stat value for last_update_host was WINDOWSS	0	WINDOWSS
2025-05-15 00:51:53	debug		System	Debug: **ReadConfigData, stat value for encryption_hash was 99CCFC0D033729754B6BB4832FE786A1	0	WINDOWSS
2025-05-15 00:51:53	debug		System	Debug: **ReadConfigData, stat value for anonymous_stat_last_update was 1747127736	0	WINDOWSS
2025-05-15 00:51:53	debug		System	Debug: **ReadConfigData, stat value for create_host was WINDOWSS	0	WINDOWSS
2025-05-15 00:51:53	debug		System	Debug: **ReadConfigData, stat value for create_time was 1747126430	0	WINDOWSS
2025-05-15 00:51:53	debug		System	Debug: **ReadConfigData, stat value for last_update was 1747127736	0	WINDOWSS
2025-05-15 00:51:53	debug		System	Debug: **ReadConfigData, stat value for last_update_host was WINDOWSS	0	WINDOWSS
2025-05-15 00:51:53	debug		System	Debug: **ReadConfigData, stat value for encryption_hash was 99CCFC0D033729754B6BB4832FE786A1	0	WINDOWSS
2025-05-15 00:51:53	debug		CredentialProviderRequest	Info: *Value for IsCredentialProviderRequest: 1	0	WINDOWSS
2025-05-15 00:51:53	debug		Server-Client	Info: *CheckUserToken server request.	0	WINDOWSS
2025-05-15 00:51:53	notice	usuariotest2	User	OK: User usuariotest2 successfully logged in (using Credential Provider) with TOTP token	0	WINDOWSS
2025-05-15 00:51:53	debug		Server-Client	Info: *Cache level is set to 1	0	WINDOWSS
2025-05-15 00:51:53	debug		Server-Client	Info: *Server secret used for command CheckUserToken with error code result 0: secretOTP	0	WINDOWSS
========================================
multiotp 5.9.9.1
Your script is running from C:\multiotp\
2025-05-15 00:56:25	debug		System	Debug: **ReadConfigData, stat value for anonymous_stat_last_update was 1747127736	0	WINDOWSS
2025-05-15 00:56:25	debug		System	Debug: **ReadConfigData, stat value for create_host was WINDOWSS	0	WINDOWSS
2025-05-15 00:56:25	debug		System	Debug: **ReadConfigData, stat value for create_time was 1747126430	0	WINDOWSS
2025-05-15 00:56:25	debug		System	Debug: **ReadConfigData, stat value for last_update was 1747127736	0	WINDOWSS
2025-05-15 00:56:25	debug		System	Debug: **ReadConfigData, stat value for last_update_host was WINDOWSS	0	WINDOWSS
2025-05-15 00:56:25	debug		System	Debug: **ReadConfigData, stat value for encryption_hash was 99CCFC0D033729754B6BB4832FE786A1	0	WINDOWSS
2025-05-15 00:56:25	debug		System	Debug: **ReadConfigData, stat value for anonymous_stat_last_update was 1747127736	0	WINDOWSS
2025-05-15 00:56:25	debug		System	Debug: **ReadConfigData, stat value for create_host was WINDOWSS	0	WINDOWSS
2025-05-15 00:56:25	debug		System	Debug: **ReadConfigData, stat value for create_time was 1747126430	0	WINDOWSS
2025-05-15 00:56:25	debug		System	Debug: **ReadConfigData, stat value for last_update was 1747127736	0	WINDOWSS
2025-05-15 00:56:25	debug		System	Debug: **ReadConfigData, stat value for last_update_host was WINDOWSS	0	WINDOWSS
2025-05-15 00:56:25	debug		System	Debug: **ReadConfigData, stat value for encryption_hash was 99CCFC0D033729754B6BB4832FE786A1	0	WINDOWSS
2025-05-15 00:56:25	debug		CredentialProviderRequest	Info: *Value for IsCredentialProviderRequest:	0	WINDOWSS
2025-05-15 00:56:25	debug		Server-Client	Info: *CheckUserExists server request for pruebadoc with challenge MOSHae8899fe9068eac361379822f8de7b7f	0	WINDOWSS
2025-05-15 00:56:25	debug		Server-Client	Info: *CheckUserExists intermediate error code: 22	0	WINDOWSS
2025-05-15 00:56:25	debug		Server-Client	Info: *Server secret used for command CheckUserExists with error code result 22: secretOTP	0	WINDOWSS
========================================
multiotp 5.9.9.1
Your script is running from C:\multiotp\
2025-05-15 00:56:25	debug		System	Debug: **ReadConfigData, stat value for anonymous_stat_last_update was 1747127736	0	WINDOWSS
2025-05-15 00:56:25	debug		System	Debug: **ReadConfigData, stat value for create_host was WINDOWSS	0	WINDOWSS
2025-05-15 00:56:25	debug		System	Debug: **ReadConfigData, stat value for create_time was 1747126430	0	WINDOWSS
2025-05-15 00:56:25	debug		System	Debug: **ReadConfigData, stat value for last_update was 1747127736	0	WINDOWSS
2025-05-15 00:56:25	debug		System	Debug: **ReadConfigData, stat value for last_update_host was WINDOWSS	0	WINDOWSS
2025-05-15 00:56:25	debug		System	Debug: **ReadConfigData, stat value for encryption_hash was 99CCFC0D033729754B6BB4832FE786A1	0	WINDOWSS
2025-05-15 00:56:25	debug		System	Debug: **ReadConfigData, stat value for anonymous_stat_last_update was 1747127736	0	WINDOWSS
2025-05-15 00:56:25	debug		System	Debug: **ReadConfigData, stat value for create_host was WINDOWSS	0	WINDOWSS
2025-05-15 00:56:25	debug		System	Debug: **ReadConfigData, stat value for create_time was 1747126430	0	WINDOWSS
2025-05-15 00:56:25	debug		System	Debug: **ReadConfigData, stat value for last_update was 1747127736	0	WINDOWSS
2025-05-15 00:56:25	debug		System	Debug: **ReadConfigData, stat value for last_update_host was WINDOWSS	0	WINDOWSS
2025-05-15 00:56:25	debug		System	Debug: **ReadConfigData, stat value for encryption_hash was 99CCFC0D033729754B6BB4832FE786A1	0	WINDOWSS
2025-05-15 00:56:25	debug		CredentialProviderRequest	Info: *Value for IsCredentialProviderRequest:	0	WINDOWSS
2025-05-15 00:56:25	debug		Server-Client	Info: *ReadUserData server request for pruebadoc	0	WINDOWSS
2025-05-15 00:56:25	debug		Server-Client	Info: *Server secret used for command ReadUserData with error code result 19: secretOTP	0	WINDOWSS
========================================
multiotp 5.9.9.1
Your script is running from C:\multiotp\
2025-05-15 00:56:25	debug		System	Debug: **ReadConfigData, stat value for anonymous_stat_last_update was 1747127736	0	WINDOWSS
2025-05-15 00:56:25	debug		System	Debug: **ReadConfigData, stat value for create_host was WINDOWSS	0	WINDOWSS
2025-05-15 00:56:25	debug		System	Debug: **ReadConfigData, stat value for create_time was 1747126430	0	WINDOWSS
2025-05-15 00:56:25	debug		System	Debug: **ReadConfigData, stat value for last_update was 1747127736	0	WINDOWSS
2025-05-15 00:56:25	debug		System	Debug: **ReadConfigData, stat value for last_update_host was WINDOWSS	0	WINDOWSS
2025-05-15 00:56:25	debug		System	Debug: **ReadConfigData, stat value for encryption_hash was 99CCFC0D033729754B6BB4832FE786A1	0	WINDOWSS
2025-05-15 00:56:25	debug		System	Debug: **ReadConfigData, stat value for anonymous_stat_last_update was 1747127736	0	WINDOWSS
2025-05-15 00:56:25	debug		System	Debug: **ReadConfigData, stat value for create_host was WINDOWSS	0	WINDOWSS
2025-05-15 00:56:25	debug		System	Debug: **ReadConfigData, stat value for create_time was 1747126430	0	WINDOWSS
2025-05-15 00:56:25	debug		System	Debug: **ReadConfigData, stat value for last_update was 1747127736	0	WINDOWSS
2025-05-15 00:56:25	debug		System	Debug: **ReadConfigData, stat value for last_update_host was WINDOWSS	0	WINDOWSS
2025-05-15 00:56:25	debug		System	Debug: **ReadConfigData, stat value for encryption_hash was 99CCFC0D033729754B6BB4832FE786A1	0	WINDOWSS
2025-05-15 00:56:25	debug		CredentialProviderRequest	Info: *Value for IsCredentialProviderRequest:	0	WINDOWSS
2025-05-15 00:56:25	debug		Server-Client	Info: *ReadUserData server request for pruebadoc	0	WINDOWSS
2025-05-15 00:56:25	debug		Server-Client	Info: *Server secret used for command ReadUserData with error code result 19: secretOTP	0	WINDOWSS
========================================
multiotp 5.9.9.1
Your script is running from C:\multiotp\
2025-05-15 00:56:25	debug		System	Debug: **ReadConfigData, stat value for anonymous_stat_last_update was 1747127736	0	WINDOWSS
2025-05-15 00:56:25	debug		System	Debug: **ReadConfigData, stat value for create_host was WINDOWSS	0	WINDOWSS
2025-05-15 00:56:25	debug		System	Debug: **ReadConfigData, stat value for create_time was 1747126430	0	WINDOWSS
2025-05-15 00:56:25	debug		System	Debug: **ReadConfigData, stat value for last_update was 1747127736	0	WINDOWSS
2025-05-15 00:56:25	debug		System	Debug: **ReadConfigData, stat value for last_update_host was WINDOWSS	0	WINDOWSS
2025-05-15 00:56:25	debug		System	Debug: **ReadConfigData, stat value for encryption_hash was 99CCFC0D033729754B6BB4832FE786A1	0	WINDOWSS
2025-05-15 00:56:25	debug		System	Debug: **ReadConfigData, stat value for anonymous_stat_last_update was 1747127736	0	WINDOWSS
2025-05-15 00:56:25	debug		System	Debug: **ReadConfigData, stat value for create_host was WINDOWSS	0	WINDOWSS
2025-05-15 00:56:25	debug		System	Debug: **ReadConfigData, stat value for create_time was 1747126430	0	WINDOWSS
2025-05-15 00:56:25	debug		System	Debug: **ReadConfigData, stat value for last_update was 1747127736	0	WINDOWSS
2025-05-15 00:56:25	debug		System	Debug: **ReadConfigData, stat value for last_update_host was WINDOWSS	0	WINDOWSS
2025-05-15 00:56:25	debug		System	Debug: **ReadConfigData, stat value for encryption_hash was 99CCFC0D033729754B6BB4832FE786A1	0	WINDOWSS
2025-05-15 00:56:25	debug		CredentialProviderRequest	Info: *Value for IsCredentialProviderRequest: 1	0	WINDOWSS
2025-05-15 00:56:25	debug		Server-Client	Info: *CheckUserToken server request.	0	WINDOWSS
2025-05-15 00:56:25	notice	pruebadoc	User	OK: User pruebadoc successfully logged in (using Credential Provider) with TOTP token	0	WINDOWSS
2025-05-15 00:56:25	debug		Server-Client	Info: *Cache level is set to 1	0	WINDOWSS
2025-05-15 00:56:25	debug		Server-Client	Info: *Server secret used for command CheckUserToken with error code result 0: secretOTP	0	WINDOWSS
========================================
multiotp 5.9.9.1
Your script is running from C:\multiotp\
2025-05-15 00:56:42	debug		System	Debug: **ReadConfigData, stat value for anonymous_stat_last_update was 1747127736	0	WINDOWSS
2025-05-15 00:56:42	debug		System	Debug: **ReadConfigData, stat value for create_host was WINDOWSS	0	WINDOWSS
2025-05-15 00:56:42	debug		System	Debug: **ReadConfigData, stat value for create_time was 1747126430	0	WINDOWSS
2025-05-15 00:56:42	debug		System	Debug: **ReadConfigData, stat value for last_update was 1747127736	0	WINDOWSS
2025-05-15 00:56:42	debug		System	Debug: **ReadConfigData, stat value for last_update_host was WINDOWSS	0	WINDOWSS
2025-05-15 00:56:42	debug		System	Debug: **ReadConfigData, stat value for encryption_hash was 99CCFC0D033729754B6BB4832FE786A1	0	WINDOWSS
2025-05-15 00:56:42	debug		System	Debug: **ReadConfigData, stat value for anonymous_stat_last_update was 1747127736	0	WINDOWSS
2025-05-15 00:56:42	debug		System	Debug: **ReadConfigData, stat value for create_host was WINDOWSS	0	WINDOWSS
2025-05-15 00:56:42	debug		System	Debug: **ReadConfigData, stat value for create_time was 1747126430	0	WINDOWSS
2025-05-15 00:56:42	debug		System	Debug: **ReadConfigData, stat value for last_update was 1747127736	0	WINDOWSS
2025-05-15 00:56:42	debug		System	Debug: **ReadConfigData, stat value for last_update_host was WINDOWSS	0	WINDOWSS
2025-05-15 00:56:42	debug		System	Debug: **ReadConfigData, stat value for encryption_hash was 99CCFC0D033729754B6BB4832FE786A1	0	WINDOWSS
2025-05-15 00:56:42	debug		CredentialProviderRequest	Info: *Value for IsCredentialProviderRequest:	0	WINDOWSS
2025-05-15 00:56:42	debug		Server-Client	Info: *CheckUserExists server request for pruebadoc with challenge MOSH0486e4c6c382bc4233c1ba11530a9473	0	WINDOWSS
2025-05-15 00:56:42	debug		Server-Client	Info: *CheckUserExists intermediate error code: 22	0	WINDOWSS
2025-05-15 00:56:42	debug		Server-Client	Info: *Server secret used for command CheckUserExists with error code result 22: secretOTP	0	WINDOWSS
========================================
multiotp 5.9.9.1
Your script is running from C:\multiotp\
2025-05-15 00:56:42	debug		System	Debug: **ReadConfigData, stat value for anonymous_stat_last_update was 1747127736	0	WINDOWSS
2025-05-15 00:56:42	debug		System	Debug: **ReadConfigData, stat value for create_host was WINDOWSS	0	WINDOWSS
2025-05-15 00:56:42	debug		System	Debug: **ReadConfigData, stat value for create_time was 1747126430	0	WINDOWSS
2025-05-15 00:56:42	debug		System	Debug: **ReadConfigData, stat value for last_update was 1747127736	0	WINDOWSS
2025-05-15 00:56:42	debug		System	Debug: **ReadConfigData, stat value for last_update_host was WINDOWSS	0	WINDOWSS
2025-05-15 00:56:42	debug		System	Debug: **ReadConfigData, stat value for encryption_hash was 99CCFC0D033729754B6BB4832FE786A1	0	WINDOWSS
2025-05-15 00:56:42	debug		System	Debug: **ReadConfigData, stat value for anonymous_stat_last_update was 1747127736	0	WINDOWSS
2025-05-15 00:56:42	debug		System	Debug: **ReadConfigData, stat value for create_host was WINDOWSS	0	WINDOWSS
2025-05-15 00:56:42	debug		System	Debug: **ReadConfigData, stat value for create_time was 1747126430	0	WINDOWSS
2025-05-15 00:56:42	debug		System	Debug: **ReadConfigData, stat value for last_update was 1747127736	0	WINDOWSS
2025-05-15 00:56:42	debug		System	Debug: **ReadConfigData, stat value for last_update_host was WINDOWSS	0	WINDOWSS
2025-05-15 00:56:42	debug		System	Debug: **ReadConfigData, stat value for encryption_hash was 99CCFC0D033729754B6BB4832FE786A1	0	WINDOWSS
2025-05-15 00:56:42	debug		CredentialProviderRequest	Info: *Value for IsCredentialProviderRequest:	0	WINDOWSS
2025-05-15 00:56:42	debug		Server-Client	Info: *ReadUserData server request for pruebadoc	0	WINDOWSS
2025-05-15 00:56:42	debug		Server-Client	Info: *Server secret used for command ReadUserData with error code result 19: secretOTP	0	WINDOWSS
========================================
multiotp 5.9.9.1
Your script is running from C:\multiotp\
2025-05-15 00:56:42	debug		System	Debug: **ReadConfigData, stat value for anonymous_stat_last_update was 1747127736	0	WINDOWSS
2025-05-15 00:56:42	debug		System	Debug: **ReadConfigData, stat value for create_host was WINDOWSS	0	WINDOWSS
2025-05-15 00:56:42	debug		System	Debug: **ReadConfigData, stat value for create_time was 1747126430	0	WINDOWSS
2025-05-15 00:56:42	debug		System	Debug: **ReadConfigData, stat value for last_update was 1747127736	0	WINDOWSS
2025-05-15 00:56:42	debug		System	Debug: **ReadConfigData, stat value for last_update_host was WINDOWSS	0	WINDOWSS
2025-05-15 00:56:42	debug		System	Debug: **ReadConfigData, stat value for encryption_hash was 99CCFC0D033729754B6BB4832FE786A1	0	WINDOWSS
2025-05-15 00:56:42	debug		System	Debug: **ReadConfigData, stat value for anonymous_stat_last_update was 1747127736	0	WINDOWSS
2025-05-15 00:56:42	debug		System	Debug: **ReadConfigData, stat value for create_host was WINDOWSS	0	WINDOWSS
2025-05-15 00:56:42	debug		System	Debug: **ReadConfigData, stat value for create_time was 1747126430	0	WINDOWSS
2025-05-15 00:56:42	debug		System	Debug: **ReadConfigData, stat value for last_update was 1747127736	0	WINDOWSS
2025-05-15 00:56:42	debug		System	Debug: **ReadConfigData, stat value for last_update_host was WINDOWSS	0	WINDOWSS
2025-05-15 00:56:42	debug		System	Debug: **ReadConfigData, stat value for encryption_hash was 99CCFC0D033729754B6BB4832FE786A1	0	WINDOWSS
2025-05-15 00:56:42	debug		CredentialProviderRequest	Info: *Value for IsCredentialProviderRequest:	0	WINDOWSS
2025-05-15 00:56:42	debug		Server-Client	Info: *ReadUserData server request for pruebadoc	0	WINDOWSS
2025-05-15 00:56:42	debug		Server-Client	Info: *Server secret used for command ReadUserData with error code result 19: secretOTP	0	WINDOWSS
========================================
multiotp 5.9.9.1
Your script is running from C:\multiotp\
2025-05-15 00:56:42	debug		System	Debug: **ReadConfigData, stat value for anonymous_stat_last_update was 1747127736	0	WINDOWSS
2025-05-15 00:56:42	debug		System	Debug: **ReadConfigData, stat value for create_host was WINDOWSS	0	WINDOWSS
2025-05-15 00:56:42	debug		System	Debug: **ReadConfigData, stat value for create_time was 1747126430	0	WINDOWSS
2025-05-15 00:56:42	debug		System	Debug: **ReadConfigData, stat value for last_update was 1747127736	0	WINDOWSS
2025-05-15 00:56:42	debug		System	Debug: **ReadConfigData, stat value for last_update_host was WINDOWSS	0	WINDOWSS
2025-05-15 00:56:42	debug		System	Debug: **ReadConfigData, stat value for encryption_hash was 99CCFC0D033729754B6BB4832FE786A1	0	WINDOWSS
2025-05-15 00:56:42	debug		System	Debug: **ReadConfigData, stat value for anonymous_stat_last_update was 1747127736	0	WINDOWSS
2025-05-15 00:56:42	debug		System	Debug: **ReadConfigData, stat value for create_host was WINDOWSS	0	WINDOWSS
2025-05-15 00:56:42	debug		System	Debug: **ReadConfigData, stat value for create_time was 1747126430	0	WINDOWSS
2025-05-15 00:56:42	debug		System	Debug: **ReadConfigData, stat value for last_update was 1747127736	0	WINDOWSS
2025-05-15 00:56:42	debug		System	Debug: **ReadConfigData, stat value for last_update_host was WINDOWSS	0	WINDOWSS
2025-05-15 00:56:42	debug		System	Debug: **ReadConfigData, stat value for encryption_hash was 99CCFC0D033729754B6BB4832FE786A1	0	WINDOWSS
2025-05-15 00:56:42	debug		CredentialProviderRequest	Info: *Value for IsCredentialProviderRequest: 1	0	WINDOWSS
2025-05-15 00:56:42	debug		Server-Client	Info: *CheckUserToken server request.	0	WINDOWSS
2025-05-15 00:56:43	warning	pruebadoc	User	Error: token of user pruebadoc already used	0	WINDOWSS
2025-05-15 00:56:43	debug		Server-Client	Info: *Server secret used for command CheckUserToken with error code result 26: secretOTP	0	WINDOWSS
========================================
multiotp 5.9.9.1
Your script is running from C:\multiOTP\.\
2025-05-15 01:00:04	debug		System	Debug: **ReadConfigData, stat value for anonymous_stat_last_update was 1747127736	0	WINDOWSS
2025-05-15 01:00:04	debug		System	Debug: **ReadConfigData, stat value for create_host was WINDOWSS	0	WINDOWSS
2025-05-15 01:00:04	debug		System	Debug: **ReadConfigData, stat value for create_time was 1747126430	0	WINDOWSS
2025-05-15 01:00:04	debug		System	Debug: **ReadConfigData, stat value for last_update was 1747127736	0	WINDOWSS
2025-05-15 01:00:04	debug		System	Debug: **ReadConfigData, stat value for last_update_host was WINDOWSS	0	WINDOWSS
2025-05-15 01:00:04	debug		System	Debug: **ReadConfigData, stat value for encryption_hash was 99CCFC0D033729754B6BB4832FE786A1	0	WINDOWSS
2025-05-15 01:00:04	debug		System	Debug: **ReadConfigData, stat value for anonymous_stat_last_update was 1747127736	0	WINDOWSS
2025-05-15 01:00:04	debug		System	Debug: **ReadConfigData, stat value for create_host was WINDOWSS	0	WINDOWSS
2025-05-15 01:00:04	debug		System	Debug: **ReadConfigData, stat value for create_time was 1747126430	0	WINDOWSS
2025-05-15 01:00:04	debug		System	Debug: **ReadConfigData, stat value for last_update was 1747127736	0	WINDOWSS
2025-05-15 01:00:04	debug		System	Debug: **ReadConfigData, stat value for last_update_host was WINDOWSS	0	WINDOWSS
2025-05-15 01:00:04	debug		System	Debug: **ReadConfigData, stat value for encryption_hash was 99CCFC0D033729754B6BB4832FE786A1	0	WINDOWSS
2025-05-15 01:00:04	debug		LDAP	Debug: *AD/LDAP synchronization started at 01:00:04 / Memory used: 14.6MB / Peak: 27.2MB	0	WINDOWSS
2025-05-15 01:00:04	info		LDAP	Info: AD/LDAP synchronization started	0	WINDOWSS
2025-05-15 01:00:04	debug		System	Debug: *LDAP cache folder value: C:\Users\Administrator\AppData\Local\Temp\.ldap_cache/	0	WINDOWSS
2025-05-15 01:00:04	info		LDAP	Info: No update for the 9 LDAP synced users, based on 9 LDAP entries (processed in 00:00:00)	0	WINDOWSS
2025-05-15 01:00:04	debug		Debug	Debug: *19 INFO: Requested operation successfully done	0	WINDOWSS
========================================
multiotp 5.9.9.1
Your script is running from C:\multiOTP\.\
2025-05-15 01:02:38	debug		System	Debug: **ReadConfigData, stat value for anonymous_stat_last_update was 1747127736	0	WINDOWSS
2025-05-15 01:02:38	debug		System	Debug: **ReadConfigData, stat value for create_host was WINDOWSS	0	WINDOWSS
2025-05-15 01:02:38	debug		System	Debug: **ReadConfigData, stat value for create_time was 1747126430	0	WINDOWSS
2025-05-15 01:02:38	debug		System	Debug: **ReadConfigData, stat value for last_update was 1747127736	0	WINDOWSS
2025-05-15 01:02:38	debug		System	Debug: **ReadConfigData, stat value for last_update_host was WINDOWSS	0	WINDOWSS
2025-05-15 01:02:38	debug		System	Debug: **ReadConfigData, stat value for encryption_hash was 99CCFC0D033729754B6BB4832FE786A1	0	WINDOWSS
2025-05-15 01:02:38	debug		System	Debug: **ReadConfigData, stat value for anonymous_stat_last_update was 1747127736	0	WINDOWSS
2025-05-15 01:02:38	debug		System	Debug: **ReadConfigData, stat value for create_host was WINDOWSS	0	WINDOWSS
2025-05-15 01:02:38	debug		System	Debug: **ReadConfigData, stat value for create_time was 1747126430	0	WINDOWSS
2025-05-15 01:02:38	debug		System	Debug: **ReadConfigData, stat value for last_update was 1747127736	0	WINDOWSS
2025-05-15 01:02:38	debug		System	Debug: **ReadConfigData, stat value for last_update_host was WINDOWSS	0	WINDOWSS
2025-05-15 01:02:38	debug		System	Debug: **ReadConfigData, stat value for encryption_hash was 99CCFC0D033729754B6BB4832FE786A1	0	WINDOWSS
2025-05-15 01:02:38	debug		LDAP	Debug: *AD/LDAP synchronization started at 01:02:38 / Memory used: 14.6MB / Peak: 27.2MB	0	WINDOWSS
2025-05-15 01:02:38	info		LDAP	Info: AD/LDAP synchronization started	0	WINDOWSS
2025-05-15 01:02:38	debug		System	Debug: *LDAP cache folder value: C:\Users\Administrator\AppData\Local\Temp\.ldap_cache/	0	WINDOWSS
2025-05-15 01:02:38	info		LDAP	Info: No update for the 9 LDAP synced users, based on 9 LDAP entries (processed in 00:00:00)	0	WINDOWSS
2025-05-15 01:02:38	debug		Debug	Debug: *19 INFO: Requested operation successfully done	0	WINDOWSS
========================================
multiotp 5.9.9.1
Your script is running from C:\multiotp\
2025-05-15 01:03:06	debug		System	Debug: **ReadConfigData, stat value for anonymous_stat_last_update was 1747127736	0	WINDOWSS
2025-05-15 01:03:06	debug		System	Debug: **ReadConfigData, stat value for create_host was WINDOWSS	0	WINDOWSS
2025-05-15 01:03:06	debug		System	Debug: **ReadConfigData, stat value for create_time was 1747126430	0	WINDOWSS
2025-05-15 01:03:06	debug		System	Debug: **ReadConfigData, stat value for last_update was 1747127736	0	WINDOWSS
2025-05-15 01:03:06	debug		System	Debug: **ReadConfigData, stat value for last_update_host was WINDOWSS	0	WINDOWSS
2025-05-15 01:03:06	debug		System	Debug: **ReadConfigData, stat value for encryption_hash was 99CCFC0D033729754B6BB4832FE786A1	0	WINDOWSS
2025-05-15 01:03:06	debug		System	Debug: **ReadConfigData, stat value for anonymous_stat_last_update was 1747127736	0	WINDOWSS
2025-05-15 01:03:06	debug		System	Debug: **ReadConfigData, stat value for create_host was WINDOWSS	0	WINDOWSS
2025-05-15 01:03:06	debug		System	Debug: **ReadConfigData, stat value for create_time was 1747126430	0	WINDOWSS
2025-05-15 01:03:06	debug		System	Debug: **ReadConfigData, stat value for last_update was 1747127736	0	WINDOWSS
2025-05-15 01:03:06	debug		System	Debug: **ReadConfigData, stat value for last_update_host was WINDOWSS	0	WINDOWSS
2025-05-15 01:03:06	debug		System	Debug: **ReadConfigData, stat value for encryption_hash was 99CCFC0D033729754B6BB4832FE786A1	0	WINDOWSS
========================================
multiotp 5.9.9.1
Your script is running from C:\multiotp\
2025-05-15 01:03:07	debug		System	Debug: **ReadConfigData, stat value for anonymous_stat_last_update was 1747127736	0	WINDOWSS
2025-05-15 01:03:07	debug		System	Debug: **ReadConfigData, stat value for create_host was WINDOWSS	0	WINDOWSS
2025-05-15 01:03:07	debug		System	Debug: **ReadConfigData, stat value for create_time was 1747126430	0	WINDOWSS
2025-05-15 01:03:07	debug		System	Debug: **ReadConfigData, stat value for last_update was 1747127736	0	WINDOWSS
2025-05-15 01:03:07	debug		System	Debug: **ReadConfigData, stat value for last_update_host was WINDOWSS	0	WINDOWSS
2025-05-15 01:03:07	debug		System	Debug: **ReadConfigData, stat value for encryption_hash was 99CCFC0D033729754B6BB4832FE786A1	0	WINDOWSS
2025-05-15 01:03:07	debug		System	Debug: **ReadConfigData, stat value for anonymous_stat_last_update was 1747127736	0	WINDOWSS
2025-05-15 01:03:07	debug		System	Debug: **ReadConfigData, stat value for create_host was WINDOWSS	0	WINDOWSS
2025-05-15 01:03:07	debug		System	Debug: **ReadConfigData, stat value for create_time was 1747126430	0	WINDOWSS
2025-05-15 01:03:07	debug		System	Debug: **ReadConfigData, stat value for last_update was 1747127736	0	WINDOWSS
2025-05-15 01:03:07	debug		System	Debug: **ReadConfigData, stat value for last_update_host was WINDOWSS	0	WINDOWSS
2025-05-15 01:03:07	debug		System	Debug: **ReadConfigData, stat value for encryption_hash was 99CCFC0D033729754B6BB4832FE786A1	0	WINDOWSS
========================================
multiotp 5.9.9.1
Your script is running from C:\multiOTP\.\
2025-05-15 01:11:14	debug		System	Debug: **ReadConfigData, stat value for anonymous_stat_last_update was 1747127736	0	WINDOWSS
2025-05-15 01:11:14	debug		System	Debug: **ReadConfigData, stat value for create_host was WINDOWSS	0	WINDOWSS
2025-05-15 01:11:14	debug		System	Debug: **ReadConfigData, stat value for create_time was 1747126430	0	WINDOWSS
2025-05-15 01:11:14	debug		System	Debug: **ReadConfigData, stat value for last_update was 1747127736	0	WINDOWSS
2025-05-15 01:11:14	debug		System	Debug: **ReadConfigData, stat value for last_update_host was WINDOWSS	0	WINDOWSS
2025-05-15 01:11:14	debug		System	Debug: **ReadConfigData, stat value for encryption_hash was 99CCFC0D033729754B6BB4832FE786A1	0	WINDOWSS
2025-05-15 01:11:14	debug		System	Debug: **ReadConfigData, stat value for anonymous_stat_last_update was 1747127736	0	WINDOWSS
2025-05-15 01:11:14	debug		System	Debug: **ReadConfigData, stat value for create_host was WINDOWSS	0	WINDOWSS
2025-05-15 01:11:14	debug		System	Debug: **ReadConfigData, stat value for create_time was 1747126430	0	WINDOWSS
2025-05-15 01:11:14	debug		System	Debug: **ReadConfigData, stat value for last_update was 1747127736	0	WINDOWSS
2025-05-15 01:11:14	debug		System	Debug: **ReadConfigData, stat value for last_update_host was WINDOWSS	0	WINDOWSS
2025-05-15 01:11:14	debug		System	Debug: **ReadConfigData, stat value for encryption_hash was 99CCFC0D033729754B6BB4832FE786A1	0	WINDOWSS
2025-05-15 01:11:14	debug		LDAP	Debug: *AD/LDAP synchronization started at 01:11:14 / Memory used: 14.6MB / Peak: 27.2MB	0	WINDOWSS
2025-05-15 01:11:14	info		LDAP	Info: AD/LDAP synchronization started	0	WINDOWSS
2025-05-15 01:11:14	debug		System	Debug: *LDAP cache folder value: C:\Users\Administrator\AppData\Local\Temp\.ldap_cache/	0	WINDOWSS
2025-05-15 01:11:14	info		LDAP	Info: No update for the 9 LDAP synced users, based on 9 LDAP entries (processed in 00:00:00)	0	WINDOWSS
2025-05-15 01:11:14	debug		Debug	Debug: *19 INFO: Requested operation successfully done	0	WINDOWSS
========================================
multiotp 5.9.9.1
Your script is running from C:\multiOTP\.\
2025-05-15 01:12:11	debug		System	Debug: **ReadConfigData, stat value for anonymous_stat_last_update was 1747127736	0	WINDOWSS
2025-05-15 01:12:11	debug		System	Debug: **ReadConfigData, stat value for create_host was WINDOWSS	0	WINDOWSS
2025-05-15 01:12:11	debug		System	Debug: **ReadConfigData, stat value for create_time was 1747126430	0	WINDOWSS
2025-05-15 01:12:11	debug		System	Debug: **ReadConfigData, stat value for last_update was 1747127736	0	WINDOWSS
2025-05-15 01:12:11	debug		System	Debug: **ReadConfigData, stat value for last_update_host was WINDOWSS	0	WINDOWSS
2025-05-15 01:12:11	debug		System	Debug: **ReadConfigData, stat value for encryption_hash was 99CCFC0D033729754B6BB4832FE786A1	0	WINDOWSS
2025-05-15 01:12:11	debug		System	Debug: **ReadConfigData, stat value for anonymous_stat_last_update was 1747127736	0	WINDOWSS
2025-05-15 01:12:11	debug		System	Debug: **ReadConfigData, stat value for create_host was WINDOWSS	0	WINDOWSS
2025-05-15 01:12:11	debug		System	Debug: **ReadConfigData, stat value for create_time was 1747126430	0	WINDOWSS
2025-05-15 01:12:11	debug		System	Debug: **ReadConfigData, stat value for last_update was 1747127736	0	WINDOWSS
2025-05-15 01:12:11	debug		System	Debug: **ReadConfigData, stat value for last_update_host was WINDOWSS	0	WINDOWSS
2025-05-15 01:12:11	debug		System	Debug: **ReadConfigData, stat value for encryption_hash was 99CCFC0D033729754B6BB4832FE786A1	0	WINDOWSS
2025-05-15 01:12:11	debug		LDAP	Debug: *AD/LDAP synchronization started at 01:12:11 / Memory used: 14.6MB / Peak: 27.2MB	0	WINDOWSS
2025-05-15 01:12:12	info		LDAP	Info: AD/LDAP synchronization started	0	WINDOWSS
2025-05-15 01:12:12	debug		System	Debug: *LDAP cache folder value: C:\Users\Administrator\AppData\Local\Temp\.ldap_cache/	0	WINDOWSS
2025-05-15 01:12:12	info		LDAP	Info: No update for the 9 LDAP synced users, based on 9 LDAP entries (processed in 00:00:01)	0	WINDOWSS
2025-05-15 01:12:12	debug		Debug	Debug: *19 INFO: Requested operation successfully done	0	WINDOWSS
========================================
multiotp 5.9.9.1
Your script is running from C:\multiotp\
2025-05-15 08:10:45	debug		System	Debug: **ReadConfigData, stat value for anonymous_stat_last_update was 1747127736	0	WINDOWSS
2025-05-15 08:10:45	debug		System	Debug: **ReadConfigData, stat value for create_host was WINDOWSS	0	WINDOWSS
2025-05-15 08:10:45	debug		System	Debug: **ReadConfigData, stat value for create_time was 1747126430	0	WINDOWSS
2025-05-15 08:10:45	debug		System	Debug: **ReadConfigData, stat value for last_update was 1747127736	0	WINDOWSS
2025-05-15 08:10:45	debug		System	Debug: **ReadConfigData, stat value for last_update_host was WINDOWSS	0	WINDOWSS
2025-05-15 08:10:45	debug		System	Debug: **ReadConfigData, stat value for encryption_hash was 99CCFC0D033729754B6BB4832FE786A1	0	WINDOWSS
2025-05-15 08:10:45	debug		System	Debug: **ReadConfigData, stat value for anonymous_stat_last_update was 1747127736	0	WINDOWSS
2025-05-15 08:10:45	debug		System	Debug: **ReadConfigData, stat value for create_host was WINDOWSS	0	WINDOWSS
2025-05-15 08:10:45	debug		System	Debug: **ReadConfigData, stat value for create_time was 1747126430	0	WINDOWSS
2025-05-15 08:10:45	debug		System	Debug: **ReadConfigData, stat value for last_update was 1747127736	0	WINDOWSS
2025-05-15 08:10:45	debug		System	Debug: **ReadConfigData, stat value for last_update_host was WINDOWSS	0	WINDOWSS
2025-05-15 08:10:45	debug		System	Debug: **ReadConfigData, stat value for encryption_hash was 99CCFC0D033729754B6BB4832FE786A1	0	WINDOWSS
========================================
multiotp 5.9.9.1
Your script is running from C:\multiotp\
2025-05-15 08:10:45	debug		System	Debug: **ReadConfigData, stat value for anonymous_stat_last_update was 1747127736	0	WINDOWSS
2025-05-15 08:10:45	debug		System	Debug: **ReadConfigData, stat value for create_host was WINDOWSS	0	WINDOWSS
2025-05-15 08:10:45	debug		System	Debug: **ReadConfigData, stat value for create_time was 1747126430	0	WINDOWSS
2025-05-15 08:10:45	debug		System	Debug: **ReadConfigData, stat value for last_update was 1747127736	0	WINDOWSS
2025-05-15 08:10:45	debug		System	Debug: **ReadConfigData, stat value for last_update_host was WINDOWSS	0	WINDOWSS
2025-05-15 08:10:45	debug		System	Debug: **ReadConfigData, stat value for encryption_hash was 99CCFC0D033729754B6BB4832FE786A1	0	WINDOWSS
2025-05-15 08:10:45	debug		System	Debug: **ReadConfigData, stat value for anonymous_stat_last_update was 1747127736	0	WINDOWSS
2025-05-15 08:10:45	debug		System	Debug: **ReadConfigData, stat value for create_host was WINDOWSS	0	WINDOWSS
2025-05-15 08:10:45	debug		System	Debug: **ReadConfigData, stat value for create_time was 1747126430	0	WINDOWSS
2025-05-15 08:10:45	debug		System	Debug: **ReadConfigData, stat value for last_update was 1747127736	0	WINDOWSS
2025-05-15 08:10:45	debug		System	Debug: **ReadConfigData, stat value for last_update_host was WINDOWSS	0	WINDOWSS
2025-05-15 08:10:45	debug		System	Debug: **ReadConfigData, stat value for encryption_hash was 99CCFC0D033729754B6BB4832FE786A1	0	WINDOWSS
========================================
multiotp 5.9.9.1
Your script is running from C:\multiotp\
2025-05-15 08:10:45	debug		System	Debug: **ReadConfigData, stat value for anonymous_stat_last_update was 1747127736	0	WINDOWSS
2025-05-15 08:10:45	debug		System	Debug: **ReadConfigData, stat value for create_host was WINDOWSS	0	WINDOWSS
2025-05-15 08:10:45	debug		System	Debug: **ReadConfigData, stat value for create_time was 1747126430	0	WINDOWSS
2025-05-15 08:10:45	debug		System	Debug: **ReadConfigData, stat value for last_update was 1747127736	0	WINDOWSS
2025-05-15 08:10:45	debug		System	Debug: **ReadConfigData, stat value for last_update_host was WINDOWSS	0	WINDOWSS
2025-05-15 08:10:45	debug		System	Debug: **ReadConfigData, stat value for encryption_hash was 99CCFC0D033729754B6BB4832FE786A1	0	WINDOWSS
2025-05-15 08:10:45	debug		System	Debug: **ReadConfigData, stat value for anonymous_stat_last_update was 1747127736	0	WINDOWSS
2025-05-15 08:10:45	debug		System	Debug: **ReadConfigData, stat value for create_host was WINDOWSS	0	WINDOWSS
2025-05-15 08:10:45	debug		System	Debug: **ReadConfigData, stat value for create_time was 1747126430	0	WINDOWSS
2025-05-15 08:10:45	debug		System	Debug: **ReadConfigData, stat value for last_update was 1747127736	0	WINDOWSS
2025-05-15 08:10:45	debug		System	Debug: **ReadConfigData, stat value for last_update_host was WINDOWSS	0	WINDOWSS
2025-05-15 08:10:45	debug		System	Debug: **ReadConfigData, stat value for encryption_hash was 99CCFC0D033729754B6BB4832FE786A1	0	WINDOWSS
========================================
multiotp 5.9.9.1
Your script is running from C:\multiotp\
2025-05-15 08:10:45	debug		System	Debug: **ReadConfigData, stat value for anonymous_stat_last_update was 1747127736	0	WINDOWSS
2025-05-15 08:10:45	debug		System	Debug: **ReadConfigData, stat value for create_host was WINDOWSS	0	WINDOWSS
2025-05-15 08:10:45	debug		System	Debug: **ReadConfigData, stat value for create_time was 1747126430	0	WINDOWSS
2025-05-15 08:10:45	debug		System	Debug: **ReadConfigData, stat value for last_update was 1747127736	0	WINDOWSS
2025-05-15 08:10:45	debug		System	Debug: **ReadConfigData, stat value for last_update_host was WINDOWSS	0	WINDOWSS
2025-05-15 08:10:45	debug		System	Debug: **ReadConfigData, stat value for encryption_hash was 99CCFC0D033729754B6BB4832FE786A1	0	WINDOWSS
2025-05-15 08:10:45	debug		System	Debug: **ReadConfigData, stat value for anonymous_stat_last_update was 1747127736	0	WINDOWSS
2025-05-15 08:10:45	debug		System	Debug: **ReadConfigData, stat value for create_host was WINDOWSS	0	WINDOWSS
2025-05-15 08:10:45	debug		System	Debug: **ReadConfigData, stat value for create_time was 1747126430	0	WINDOWSS
2025-05-15 08:10:45	debug		System	Debug: **ReadConfigData, stat value for last_update was 1747127736	0	WINDOWSS
2025-05-15 08:10:45	debug		System	Debug: **ReadConfigData, stat value for last_update_host was WINDOWSS	0	WINDOWSS
2025-05-15 08:10:45	debug		System	Debug: **ReadConfigData, stat value for encryption_hash was 99CCFC0D033729754B6BB4832FE786A1	0	WINDOWSS
========================================
multiotp 5.9.9.1
Your script is running from C:\multiotp\
2025-05-15 08:10:46	debug		System	Debug: **ReadConfigData, stat value for anonymous_stat_last_update was 1747127736	0	WINDOWSS
2025-05-15 08:10:46	debug		System	Debug: **ReadConfigData, stat value for create_host was WINDOWSS	0	WINDOWSS
2025-05-15 08:10:46	debug		System	Debug: **ReadConfigData, stat value for create_time was 1747126430	0	WINDOWSS
2025-05-15 08:10:46	debug		System	Debug: **ReadConfigData, stat value for last_update was 1747127736	0	WINDOWSS
2025-05-15 08:10:46	debug		System	Debug: **ReadConfigData, stat value for last_update_host was WINDOWSS	0	WINDOWSS
2025-05-15 08:10:46	debug		System	Debug: **ReadConfigData, stat value for encryption_hash was 99CCFC0D033729754B6BB4832FE786A1	0	WINDOWSS
2025-05-15 08:10:46	debug		System	Debug: **ReadConfigData, stat value for anonymous_stat_last_update was 1747127736	0	WINDOWSS
2025-05-15 08:10:46	debug		System	Debug: **ReadConfigData, stat value for create_host was WINDOWSS	0	WINDOWSS
2025-05-15 08:10:46	debug		System	Debug: **ReadConfigData, stat value for create_time was 1747126430	0	WINDOWSS
2025-05-15 08:10:46	debug		System	Debug: **ReadConfigData, stat value for last_update was 1747127736	0	WINDOWSS
2025-05-15 08:10:46	debug		System	Debug: **ReadConfigData, stat value for last_update_host was WINDOWSS	0	WINDOWSS
2025-05-15 08:10:46	debug		System	Debug: **ReadConfigData, stat value for encryption_hash was 99CCFC0D033729754B6BB4832FE786A1	0	WINDOWSS
========================================
multiotp 5.9.9.1
Your script is running from C:\multiotp\
2025-05-15 08:10:46	debug		System	Debug: **ReadConfigData, stat value for anonymous_stat_last_update was 1747127736	0	WINDOWSS
2025-05-15 08:10:46	debug		System	Debug: **ReadConfigData, stat value for create_host was WINDOWSS	0	WINDOWSS
2025-05-15 08:10:46	debug		System	Debug: **ReadConfigData, stat value for create_time was 1747126430	0	WINDOWSS
2025-05-15 08:10:46	debug		System	Debug: **ReadConfigData, stat value for last_update was 1747127736	0	WINDOWSS
2025-05-15 08:10:46	debug		System	Debug: **ReadConfigData, stat value for last_update_host was WINDOWSS	0	WINDOWSS
2025-05-15 08:10:46	debug		System	Debug: **ReadConfigData, stat value for encryption_hash was 99CCFC0D033729754B6BB4832FE786A1	0	WINDOWSS
2025-05-15 08:10:46	debug		System	Debug: **ReadConfigData, stat value for anonymous_stat_last_update was 1747127736	0	WINDOWSS
2025-05-15 08:10:46	debug		System	Debug: **ReadConfigData, stat value for create_host was WINDOWSS	0	WINDOWSS
2025-05-15 08:10:46	debug		System	Debug: **ReadConfigData, stat value for create_time was 1747126430	0	WINDOWSS
2025-05-15 08:10:46	debug		System	Debug: **ReadConfigData, stat value for last_update was 1747127736	0	WINDOWSS
2025-05-15 08:10:46	debug		System	Debug: **ReadConfigData, stat value for last_update_host was WINDOWSS	0	WINDOWSS
2025-05-15 08:10:46	debug		System	Debug: **ReadConfigData, stat value for encryption_hash was 99CCFC0D033729754B6BB4832FE786A1	0	WINDOWSS
========================================
multiotp 5.9.9.1
Your script is running from C:\multiotp\
2025-05-15 08:10:46	debug		System	Debug: **ReadConfigData, stat value for anonymous_stat_last_update was 1747127736	0	WINDOWSS
2025-05-15 08:10:46	debug		System	Debug: **ReadConfigData, stat value for create_host was WINDOWSS	0	WINDOWSS
2025-05-15 08:10:46	debug		System	Debug: **ReadConfigData, stat value for create_time was 1747126430	0	WINDOWSS
2025-05-15 08:10:46	debug		System	Debug: **ReadConfigData, stat value for last_update was 1747127736	0	WINDOWSS
2025-05-15 08:10:46	debug		System	Debug: **ReadConfigData, stat value for last_update_host was WINDOWSS	0	WINDOWSS
2025-05-15 08:10:46	debug		System	Debug: **ReadConfigData, stat value for encryption_hash was 99CCFC0D033729754B6BB4832FE786A1	0	WINDOWSS
2025-05-15 08:10:46	debug		System	Debug: **ReadConfigData, stat value for anonymous_stat_last_update was 1747127736	0	WINDOWSS
2025-05-15 08:10:46	debug		System	Debug: **ReadConfigData, stat value for create_host was WINDOWSS	0	WINDOWSS
2025-05-15 08:10:46	debug		System	Debug: **ReadConfigData, stat value for create_time was 1747126430	0	WINDOWSS
2025-05-15 08:10:46	debug		System	Debug: **ReadConfigData, stat value for last_update was 1747127736	0	WINDOWSS
2025-05-15 08:10:46	debug		System	Debug: **ReadConfigData, stat value for last_update_host was WINDOWSS	0	WINDOWSS
2025-05-15 08:10:46	debug		System	Debug: **ReadConfigData, stat value for encryption_hash was 99CCFC0D033729754B6BB4832FE786A1	0	WINDOWSS
========================================
multiotp 5.9.9.1
Your script is running from C:\multiOTP\.\
2025-05-15 08:10:50	debug		System	Debug: **ReadConfigData, stat value for anonymous_stat_last_update was 1747127736	0	WINDOWSS
2025-05-15 08:10:50	debug		System	Debug: **ReadConfigData, stat value for create_host was WINDOWSS	0	WINDOWSS
2025-05-15 08:10:50	debug		System	Debug: **ReadConfigData, stat value for create_time was 1747126430	0	WINDOWSS
2025-05-15 08:10:50	debug		System	Debug: **ReadConfigData, stat value for last_update was 1747127736	0	WINDOWSS
2025-05-15 08:10:50	debug		System	Debug: **ReadConfigData, stat value for last_update_host was WINDOWSS	0	WINDOWSS
2025-05-15 08:10:51	debug		System	Debug: **ReadConfigData, stat value for encryption_hash was 99CCFC0D033729754B6BB4832FE786A1	0	WINDOWSS
2025-05-15 08:10:51	debug		System	Debug: **ReadConfigData, stat value for anonymous_stat_last_update was 1747127736	0	WINDOWSS
2025-05-15 08:10:51	debug		System	Debug: **ReadConfigData, stat value for create_host was WINDOWSS	0	WINDOWSS
2025-05-15 08:10:51	debug		System	Debug: **ReadConfigData, stat value for create_time was 1747126430	0	WINDOWSS
2025-05-15 08:10:51	debug		System	Debug: **ReadConfigData, stat value for last_update was 1747127736	0	WINDOWSS
2025-05-15 08:10:51	debug		System	Debug: **ReadConfigData, stat value for last_update_host was WINDOWSS	0	WINDOWSS
2025-05-15 08:10:51	debug		System	Debug: **ReadConfigData, stat value for encryption_hash was 99CCFC0D033729754B6BB4832FE786A1	0	WINDOWSS
2025-05-15 08:10:51	debug		LDAP	Debug: *AD/LDAP synchronization started at 08:10:51 / Memory used: 14.6MB / Peak: 27.2MB	0	WINDOWSS
2025-05-15 08:10:51	info		LDAP	Info: AD/LDAP synchronization started	0	WINDOWSS
2025-05-15 08:10:51	debug		System	Debug: *LDAP cache folder value: C:\Users\Administrator\AppData\Local\Temp\.ldap_cache/	0	WINDOWSS
2025-05-15 08:10:51	info		LDAP	Info: No update for the 9 LDAP synced users, based on 9 LDAP entries (processed in 00:00:00)	0	WINDOWSS
2025-05-15 08:10:51	debug		Debug	Debug: *19 INFO: Requested operation successfully done	0	WINDOWSS
========================================
multiotp 5.9.9.1
Your script is running from C:\multiOTP\.\
2025-05-15 08:13:32	debug		System	Debug: **ReadConfigData, stat value for anonymous_stat_last_update was 1747127736	0	WINDOWSS
2025-05-15 08:13:32	debug		System	Debug: **ReadConfigData, stat value for create_host was WINDOWSS	0	WINDOWSS
2025-05-15 08:13:32	debug		System	Debug: **ReadConfigData, stat value for create_time was 1747126430	0	WINDOWSS
2025-05-15 08:13:32	debug		System	Debug: **ReadConfigData, stat value for last_update was 1747127736	0	WINDOWSS
2025-05-15 08:13:32	debug		System	Debug: **ReadConfigData, stat value for last_update_host was WINDOWSS	0	WINDOWSS
2025-05-15 08:13:32	debug		System	Debug: **ReadConfigData, stat value for encryption_hash was 99CCFC0D033729754B6BB4832FE786A1	0	WINDOWSS
2025-05-15 08:13:32	debug		System	Debug: **ReadConfigData, stat value for anonymous_stat_last_update was 1747127736	0	WINDOWSS
2025-05-15 08:13:32	debug		System	Debug: **ReadConfigData, stat value for create_host was WINDOWSS	0	WINDOWSS
2025-05-15 08:13:32	debug		System	Debug: **ReadConfigData, stat value for create_time was 1747126430	0	WINDOWSS
2025-05-15 08:13:32	debug		System	Debug: **ReadConfigData, stat value for last_update was 1747127736	0	WINDOWSS
2025-05-15 08:13:32	debug		System	Debug: **ReadConfigData, stat value for last_update_host was WINDOWSS	0	WINDOWSS
2025-05-15 08:13:32	debug		System	Debug: **ReadConfigData, stat value for encryption_hash was 99CCFC0D033729754B6BB4832FE786A1	0	WINDOWSS
2025-05-15 08:13:32	debug		LDAP	Debug: *AD/LDAP synchronization started at 08:13:32 / Memory used: 14.6MB / Peak: 27.2MB	0	WINDOWSS
2025-05-15 08:13:32	info		LDAP	Info: AD/LDAP synchronization started	0	WINDOWSS
2025-05-15 08:13:32	debug		System	Debug: *LDAP cache folder value: C:\Users\Administrator\AppData\Local\Temp\.ldap_cache/	0	WINDOWSS
2025-05-15 08:13:32	info		LDAP	Info: No update for the 9 LDAP synced users, based on 9 LDAP entries (processed in 00:00:00)	0	WINDOWSS
2025-05-15 08:13:32	debug		Debug	Debug: *19 INFO: Requested operation successfully done	0	WINDOWSS
========================================
multiotp 5.9.9.1
Your script is running from C:\multiOTP\.\
2025-05-15 08:25:26	debug		System	Debug: **ReadConfigData, stat value for anonymous_stat_last_update was 1747127736	0	WINDOWSS
2025-05-15 08:25:26	debug		System	Debug: **ReadConfigData, stat value for create_host was WINDOWSS	0	WINDOWSS
2025-05-15 08:25:26	debug		System	Debug: **ReadConfigData, stat value for create_time was 1747126430	0	WINDOWSS
2025-05-15 08:25:26	debug		System	Debug: **ReadConfigData, stat value for last_update was 1747127736	0	WINDOWSS
2025-05-15 08:25:26	debug		System	Debug: **ReadConfigData, stat value for last_update_host was WINDOWSS	0	WINDOWSS
2025-05-15 08:25:26	debug		System	Debug: **ReadConfigData, stat value for encryption_hash was 99CCFC0D033729754B6BB4832FE786A1	0	WINDOWSS
2025-05-15 08:25:27	debug		System	Debug: **ReadConfigData, stat value for anonymous_stat_last_update was 1747127736	0	WINDOWSS
2025-05-15 08:25:27	debug		System	Debug: **ReadConfigData, stat value for create_host was WINDOWSS	0	WINDOWSS
2025-05-15 08:25:27	debug		System	Debug: **ReadConfigData, stat value for create_time was 1747126430	0	WINDOWSS
2025-05-15 08:25:27	debug		System	Debug: **ReadConfigData, stat value for last_update was 1747127736	0	WINDOWSS
2025-05-15 08:25:27	debug		System	Debug: **ReadConfigData, stat value for last_update_host was WINDOWSS	0	WINDOWSS
2025-05-15 08:25:27	debug		System	Debug: **ReadConfigData, stat value for encryption_hash was 99CCFC0D033729754B6BB4832FE786A1	0	WINDOWSS
2025-05-15 08:25:27	debug		LDAP	Debug: *AD/LDAP synchronization started at 08:25:27 / Memory used: 14.6MB / Peak: 27.2MB	0	WINDOWSS
2025-05-15 08:25:27	info		LDAP	Info: AD/LDAP synchronization started	0	WINDOWSS
2025-05-15 08:25:27	debug		System	Debug: *LDAP cache folder value: C:\Users\Administrator\AppData\Local\Temp\.ldap_cache/	0	WINDOWSS
2025-05-15 08:25:27	info		LDAP	Info: No update for the 9 LDAP synced users, based on 9 LDAP entries (processed in 00:00:00)	0	WINDOWSS
2025-05-15 08:25:27	debug		Debug	Debug: *19 INFO: Requested operation successfully done	0	WINDOWSS
========================================
multiotp 5.9.9.1
Your script is running from C:\multiOTP\.\
2025-05-15 08:25:59	debug		System	Debug: **ReadConfigData, stat value for anonymous_stat_last_update was 1747127736	0	WINDOWSS
2025-05-15 08:25:59	debug		System	Debug: **ReadConfigData, stat value for create_host was WINDOWSS	0	WINDOWSS
2025-05-15 08:25:59	debug		System	Debug: **ReadConfigData, stat value for create_time was 1747126430	0	WINDOWSS
2025-05-15 08:25:59	debug		System	Debug: **ReadConfigData, stat value for last_update was 1747127736	0	WINDOWSS
2025-05-15 08:25:59	debug		System	Debug: **ReadConfigData, stat value for last_update_host was WINDOWSS	0	WINDOWSS
2025-05-15 08:25:59	debug		System	Debug: **ReadConfigData, stat value for encryption_hash was 99CCFC0D033729754B6BB4832FE786A1	0	WINDOWSS
2025-05-15 08:25:59	debug		System	Debug: **ReadConfigData, stat value for anonymous_stat_last_update was 1747127736	0	WINDOWSS
2025-05-15 08:25:59	debug		System	Debug: **ReadConfigData, stat value for create_host was WINDOWSS	0	WINDOWSS
2025-05-15 08:26:00	debug		System	Debug: **ReadConfigData, stat value for create_time was 1747126430	0	WINDOWSS
2025-05-15 08:26:00	debug		System	Debug: **ReadConfigData, stat value for last_update was 1747127736	0	WINDOWSS
2025-05-15 08:26:00	debug		System	Debug: **ReadConfigData, stat value for last_update_host was WINDOWSS	0	WINDOWSS
2025-05-15 08:26:00	debug		System	Debug: **ReadConfigData, stat value for encryption_hash was 99CCFC0D033729754B6BB4832FE786A1	0	WINDOWSS
2025-05-15 08:26:00	debug		LDAP	Debug: *AD/LDAP synchronization started at 08:26:00 / Memory used: 14.6MB / Peak: 27.2MB	0	WINDOWSS
2025-05-15 08:26:00	info		LDAP	Info: AD/LDAP synchronization started	0	WINDOWSS
2025-05-15 08:26:00	debug		System	Debug: *LDAP cache folder value: C:\Users\Administrator\AppData\Local\Temp\.ldap_cache/	0	WINDOWSS
2025-05-15 08:26:00	debug		System	Info: *File created: C:\multiOTP\.\users\usuariogpo2.db	1	WINDOWSS
2025-05-15 08:26:00	info		System	Info: User usuariogpo2 automatically created	1	WINDOWSS
2025-05-15 08:26:00	info		LDAP	Info: 1 user created, based on 10 LDAP entries (processed in 00:00:00)	0	WINDOWSS
2025-05-15 08:26:00	debug		Debug	Debug: *19 INFO: Requested operation successfully done	0	WINDOWSS
========================================
multiotp 5.9.9.1
Your script is running from C:\multiOTP\.\
2025-05-15 08:29:01	debug		System	Debug: **ReadConfigData, stat value for anonymous_stat_last_update was 1747127736	0	WINDOWSS
2025-05-15 08:29:01	debug		System	Debug: **ReadConfigData, stat value for create_host was WINDOWSS	0	WINDOWSS
2025-05-15 08:29:01	debug		System	Debug: **ReadConfigData, stat value for create_time was 1747126430	0	WINDOWSS
2025-05-15 08:29:02	debug		System	Debug: **ReadConfigData, stat value for last_update was 1747127736	0	WINDOWSS
2025-05-15 08:29:02	debug		System	Debug: **ReadConfigData, stat value for last_update_host was WINDOWSS	0	WINDOWSS
2025-05-15 08:29:02	debug		System	Debug: **ReadConfigData, stat value for encryption_hash was 99CCFC0D033729754B6BB4832FE786A1	0	WINDOWSS
2025-05-15 08:29:02	debug		System	Debug: **ReadConfigData, stat value for anonymous_stat_last_update was 1747127736	0	WINDOWSS
2025-05-15 08:29:02	debug		System	Debug: **ReadConfigData, stat value for create_host was WINDOWSS	0	WINDOWSS
2025-05-15 08:29:02	debug		System	Debug: **ReadConfigData, stat value for create_time was 1747126430	0	WINDOWSS
2025-05-15 08:29:02	debug		System	Debug: **ReadConfigData, stat value for last_update was 1747127736	0	WINDOWSS
2025-05-15 08:29:02	debug		System	Debug: **ReadConfigData, stat value for last_update_host was WINDOWSS	0	WINDOWSS
2025-05-15 08:29:02	debug		System	Debug: **ReadConfigData, stat value for encryption_hash was 99CCFC0D033729754B6BB4832FE786A1	0	WINDOWSS
2025-05-15 08:29:02	debug		LDAP	Debug: *AD/LDAP synchronization started at 08:29:02 / Memory used: 14.6MB / Peak: 27.2MB	0	WINDOWSS
2025-05-15 08:29:02	info		LDAP	Info: AD/LDAP synchronization started	0	WINDOWSS
2025-05-15 08:29:02	debug		System	Debug: *LDAP cache folder value: C:\Users\Administrator\AppData\Local\Temp\.ldap_cache/	0	WINDOWSS
2025-05-15 08:29:02	info		LDAP	Info: No update for the 10 LDAP synced users, based on 10 LDAP entries (processed in 00:00:00)	0	WINDOWSS
2025-05-15 08:29:02	debug		Debug	Debug: *19 INFO: Requested operation successfully done	0	WINDOWSS
========================================
multiotp 5.9.9.1
Your script is running from C:\multiOTP\.\
2025-05-15 08:30:25	debug		System	Debug: **ReadConfigData, stat value for anonymous_stat_last_update was 1747127736	0	WINDOWSS
2025-05-15 08:30:25	debug		System	Debug: **ReadConfigData, stat value for create_host was WINDOWSS	0	WINDOWSS
2025-05-15 08:30:25	debug		System	Debug: **ReadConfigData, stat value for create_time was 1747126430	0	WINDOWSS
2025-05-15 08:30:25	debug		System	Debug: **ReadConfigData, stat value for last_update was 1747127736	0	WINDOWSS
2025-05-15 08:30:25	debug		System	Debug: **ReadConfigData, stat value for last_update_host was WINDOWSS	0	WINDOWSS
2025-05-15 08:30:25	debug		System	Debug: **ReadConfigData, stat value for encryption_hash was 99CCFC0D033729754B6BB4832FE786A1	0	WINDOWSS
2025-05-15 08:30:25	debug		System	Debug: **ReadConfigData, stat value for anonymous_stat_last_update was 1747127736	0	WINDOWSS
2025-05-15 08:30:25	debug		System	Debug: **ReadConfigData, stat value for create_host was WINDOWSS	0	WINDOWSS
2025-05-15 08:30:25	debug		System	Debug: **ReadConfigData, stat value for create_time was 1747126430	0	WINDOWSS
2025-05-15 08:30:25	debug		System	Debug: **ReadConfigData, stat value for last_update was 1747127736	0	WINDOWSS
2025-05-15 08:30:25	debug		System	Debug: **ReadConfigData, stat value for last_update_host was WINDOWSS	0	WINDOWSS
2025-05-15 08:30:25	debug		System	Debug: **ReadConfigData, stat value for encryption_hash was 99CCFC0D033729754B6BB4832FE786A1	0	WINDOWSS
2025-05-15 08:30:25	debug		LDAP	Debug: *AD/LDAP synchronization started at 08:30:25 / Memory used: 14.6MB / Peak: 27.2MB	0	WINDOWSS
2025-05-15 08:30:25	info		LDAP	Info: AD/LDAP synchronization started	0	WINDOWSS
2025-05-15 08:30:25	debug		System	Debug: *LDAP cache folder value: C:\Users\Administrator\AppData\Local\Temp\.ldap_cache/	0	WINDOWSS
2025-05-15 08:30:25	info		LDAP	Info: No update for the 10 LDAP synced users, based on 10 LDAP entries (processed in 00:00:00)	0	WINDOWSS
2025-05-15 08:30:25	debug		Debug	Debug: *19 INFO: Requested operation successfully done	0	WINDOWSS
========================================
multiotp 5.9.9.1
Your script is running from C:\multiOTP\.\
2025-05-15 08:31:16	debug		System	Debug: **ReadConfigData, stat value for anonymous_stat_last_update was 1747127736	0	WINDOWSS
2025-05-15 08:31:16	debug		System	Debug: **ReadConfigData, stat value for create_host was WINDOWSS	0	WINDOWSS
2025-05-15 08:31:16	debug		System	Debug: **ReadConfigData, stat value for create_time was 1747126430	0	WINDOWSS
2025-05-15 08:31:16	debug		System	Debug: **ReadConfigData, stat value for last_update was 1747127736	0	WINDOWSS
2025-05-15 08:31:16	debug		System	Debug: **ReadConfigData, stat value for last_update_host was WINDOWSS	0	WINDOWSS
2025-05-15 08:31:16	debug		System	Debug: **ReadConfigData, stat value for encryption_hash was 99CCFC0D033729754B6BB4832FE786A1	0	WINDOWSS
2025-05-15 08:31:16	debug		System	Debug: **ReadConfigData, stat value for anonymous_stat_last_update was 1747127736	0	WINDOWSS
2025-05-15 08:31:16	debug		System	Debug: **ReadConfigData, stat value for create_host was WINDOWSS	0	WINDOWSS
2025-05-15 08:31:16	debug		System	Debug: **ReadConfigData, stat value for create_time was 1747126430	0	WINDOWSS
2025-05-15 08:31:16	debug		System	Debug: **ReadConfigData, stat value for last_update was 1747127736	0	WINDOWSS
2025-05-15 08:31:16	debug		System	Debug: **ReadConfigData, stat value for last_update_host was WINDOWSS	0	WINDOWSS
2025-05-15 08:31:16	debug		System	Debug: **ReadConfigData, stat value for encryption_hash was 99CCFC0D033729754B6BB4832FE786A1	0	WINDOWSS
2025-05-15 08:31:16	debug		LDAP	Debug: *AD/LDAP synchronization started at 08:31:16 / Memory used: 14.6MB / Peak: 27.2MB	0	WINDOWSS
2025-05-15 08:31:16	info		LDAP	Info: AD/LDAP synchronization started	0	WINDOWSS
2025-05-15 08:31:16	debug		System	Debug: *LDAP cache folder value: C:\Users\Administrator\AppData\Local\Temp\.ldap_cache/	0	WINDOWSS
2025-05-15 08:31:16	info		LDAP	Info: No update for the 10 LDAP synced users, based on 10 LDAP entries (processed in 00:00:00)	0	WINDOWSS
2025-05-15 08:31:16	debug		Debug	Debug: *19 INFO: Requested operation successfully done	0	WINDOWSS
========================================
multiotp 5.9.9.1
Your script is running from C:\multiotp\
2025-05-15 09:46:24	debug		System	Debug: **ReadConfigData, stat value for anonymous_stat_last_update was 1747127736	0	WINDOWSS
2025-05-15 09:46:24	debug		System	Debug: **ReadConfigData, stat value for create_host was WINDOWSS	0	WINDOWSS
2025-05-15 09:46:24	debug		System	Debug: **ReadConfigData, stat value for create_time was 1747126430	0	WINDOWSS
2025-05-15 09:46:24	debug		System	Debug: **ReadConfigData, stat value for last_update was 1747127736	0	WINDOWSS
2025-05-15 09:46:24	debug		System	Debug: **ReadConfigData, stat value for last_update_host was WINDOWSS	0	WINDOWSS
2025-05-15 09:46:24	debug		System	Debug: **ReadConfigData, stat value for encryption_hash was 99CCFC0D033729754B6BB4832FE786A1	0	WINDOWSS
2025-05-15 09:46:24	debug		System	Debug: **ReadConfigData, stat value for anonymous_stat_last_update was 1747127736	0	WINDOWSS
2025-05-15 09:46:24	debug		System	Debug: **ReadConfigData, stat value for create_host was WINDOWSS	0	WINDOWSS
2025-05-15 09:46:24	debug		System	Debug: **ReadConfigData, stat value for create_time was 1747126430	0	WINDOWSS
2025-05-15 09:46:24	debug		System	Debug: **ReadConfigData, stat value for last_update was 1747127736	0	WINDOWSS
2025-05-15 09:46:24	debug		System	Debug: **ReadConfigData, stat value for last_update_host was WINDOWSS	0	WINDOWSS
2025-05-15 09:46:24	debug		System	Debug: **ReadConfigData, stat value for encryption_hash was 99CCFC0D033729754B6BB4832FE786A1	0	WINDOWSS
2025-05-15 09:46:24	debug		CredentialProviderRequest	Info: *Value for IsCredentialProviderRequest:	0	WINDOWSS
2025-05-15 09:46:24	debug		Server-Client	Info: *CheckUserExists server request for grupo1 with challenge MOSHf0ae9ff735de2f2937eb40f412d98bcb	0	WINDOWSS
2025-05-15 09:46:24	debug		Server-Client	Info: *CheckUserExists intermediate error code: 22	0	WINDOWSS
2025-05-15 09:46:24	debug		Server-Client	Info: *Server secret used for command CheckUserExists with error code result 22: secretOTP	0	WINDOWSS
========================================
multiotp 5.9.9.1
Your script is running from C:\multiotp\
2025-05-15 09:46:24	debug		System	Debug: **ReadConfigData, stat value for anonymous_stat_last_update was 1747127736	0	WINDOWSS
2025-05-15 09:46:24	debug		System	Debug: **ReadConfigData, stat value for create_host was WINDOWSS	0	WINDOWSS
2025-05-15 09:46:24	debug		System	Debug: **ReadConfigData, stat value for create_time was 1747126430	0	WINDOWSS
2025-05-15 09:46:24	debug		System	Debug: **ReadConfigData, stat value for last_update was 1747127736	0	WINDOWSS
2025-05-15 09:46:24	debug		System	Debug: **ReadConfigData, stat value for last_update_host was WINDOWSS	0	WINDOWSS
2025-05-15 09:46:24	debug		System	Debug: **ReadConfigData, stat value for encryption_hash was 99CCFC0D033729754B6BB4832FE786A1	0	WINDOWSS
2025-05-15 09:46:24	debug		System	Debug: **ReadConfigData, stat value for anonymous_stat_last_update was 1747127736	0	WINDOWSS
2025-05-15 09:46:24	debug		System	Debug: **ReadConfigData, stat value for create_host was WINDOWSS	0	WINDOWSS
2025-05-15 09:46:24	debug		System	Debug: **ReadConfigData, stat value for create_time was 1747126430	0	WINDOWSS
2025-05-15 09:46:24	debug		System	Debug: **ReadConfigData, stat value for last_update was 1747127736	0	WINDOWSS
2025-05-15 09:46:24	debug		System	Debug: **ReadConfigData, stat value for last_update_host was WINDOWSS	0	WINDOWSS
2025-05-15 09:46:24	debug		System	Debug: **ReadConfigData, stat value for encryption_hash was 99CCFC0D033729754B6BB4832FE786A1	0	WINDOWSS
2025-05-15 09:46:24	debug		CredentialProviderRequest	Info: *Value for IsCredentialProviderRequest:	0	WINDOWSS
2025-05-15 09:46:24	debug		Server-Client	Info: *ReadUserData server request for grupo1	0	WINDOWSS
2025-05-15 09:46:24	debug		Server-Client	Info: *Server secret used for command ReadUserData with error code result 19: secretOTP	0	WINDOWSS
========================================
multiotp 5.9.9.1
Your script is running from C:\multiotp\
2025-05-15 09:46:25	debug		System	Debug: **ReadConfigData, stat value for anonymous_stat_last_update was 1747127736	0	WINDOWSS
2025-05-15 09:46:25	debug		System	Debug: **ReadConfigData, stat value for create_host was WINDOWSS	0	WINDOWSS
2025-05-15 09:46:25	debug		System	Debug: **ReadConfigData, stat value for create_time was 1747126430	0	WINDOWSS
2025-05-15 09:46:25	debug		System	Debug: **ReadConfigData, stat value for last_update was 1747127736	0	WINDOWSS
2025-05-15 09:46:25	debug		System	Debug: **ReadConfigData, stat value for last_update_host was WINDOWSS	0	WINDOWSS
2025-05-15 09:46:25	debug		System	Debug: **ReadConfigData, stat value for encryption_hash was 99CCFC0D033729754B6BB4832FE786A1	0	WINDOWSS
2025-05-15 09:46:25	debug		System	Debug: **ReadConfigData, stat value for anonymous_stat_last_update was 1747127736	0	WINDOWSS
2025-05-15 09:46:25	debug		System	Debug: **ReadConfigData, stat value for create_host was WINDOWSS	0	WINDOWSS
2025-05-15 09:46:25	debug		System	Debug: **ReadConfigData, stat value for create_time was 1747126430	0	WINDOWSS
2025-05-15 09:46:25	debug		System	Debug: **ReadConfigData, stat value for last_update was 1747127736	0	WINDOWSS
2025-05-15 09:46:25	debug		System	Debug: **ReadConfigData, stat value for last_update_host was WINDOWSS	0	WINDOWSS
2025-05-15 09:46:25	debug		System	Debug: **ReadConfigData, stat value for encryption_hash was 99CCFC0D033729754B6BB4832FE786A1	0	WINDOWSS
2025-05-15 09:46:25	debug		CredentialProviderRequest	Info: *Value for IsCredentialProviderRequest:	0	WINDOWSS
2025-05-15 09:46:25	debug		Server-Client	Info: *ReadUserData server request for grupo1	0	WINDOWSS
2025-05-15 09:46:25	debug		Server-Client	Info: *Server secret used for command ReadUserData with error code result 19: secretOTP	0	WINDOWSS
========================================
multiotp 5.9.9.1
Your script is running from C:\multiotp\
2025-05-15 09:46:25	debug		System	Debug: **ReadConfigData, stat value for anonymous_stat_last_update was 1747127736	0	WINDOWSS
2025-05-15 09:46:25	debug		System	Debug: **ReadConfigData, stat value for create_host was WINDOWSS	0	WINDOWSS
2025-05-15 09:46:25	debug		System	Debug: **ReadConfigData, stat value for create_time was 1747126430	0	WINDOWSS
2025-05-15 09:46:25	debug		System	Debug: **ReadConfigData, stat value for last_update was 1747127736	0	WINDOWSS
2025-05-15 09:46:25	debug		System	Debug: **ReadConfigData, stat value for last_update_host was WINDOWSS	0	WINDOWSS
2025-05-15 09:46:25	debug		System	Debug: **ReadConfigData, stat value for encryption_hash was 99CCFC0D033729754B6BB4832FE786A1	0	WINDOWSS
2025-05-15 09:46:25	debug		System	Debug: **ReadConfigData, stat value for anonymous_stat_last_update was 1747127736	0	WINDOWSS
2025-05-15 09:46:25	debug		System	Debug: **ReadConfigData, stat value for create_host was WINDOWSS	0	WINDOWSS
2025-05-15 09:46:25	debug		System	Debug: **ReadConfigData, stat value for create_time was 1747126430	0	WINDOWSS
2025-05-15 09:46:25	debug		System	Debug: **ReadConfigData, stat value for last_update was 1747127736	0	WINDOWSS
2025-05-15 09:46:25	debug		System	Debug: **ReadConfigData, stat value for last_update_host was WINDOWSS	0	WINDOWSS
2025-05-15 09:46:25	debug		System	Debug: **ReadConfigData, stat value for encryption_hash was 99CCFC0D033729754B6BB4832FE786A1	0	WINDOWSS
2025-05-15 09:46:25	debug		CredentialProviderRequest	Info: *Value for IsCredentialProviderRequest: 1	0	WINDOWSS
2025-05-15 09:46:25	debug		Server-Client	Info: *CheckUserToken server request.	0	WINDOWSS
2025-05-15 09:46:25	notice	grupo1	User	OK: User grupo1 successfully logged in (using Credential Provider) with TOTP token	0	WINDOWSS
2025-05-15 09:46:25	debug		Server-Client	Info: *Cache level is set to 1	0	WINDOWSS
2025-05-15 09:46:25	debug		Server-Client	Info: *Server secret used for command CheckUserToken with error code result 0: secretOTP	0	WINDOWSS
========================================
multiotp 5.9.9.1
Your script is running from C:\multiotp\
2025-05-15 09:47:07	debug		System	Debug: **ReadConfigData, stat value for anonymous_stat_last_update was 1747127736	0	WINDOWSS
2025-05-15 09:47:07	debug		System	Debug: **ReadConfigData, stat value for create_host was WINDOWSS	0	WINDOWSS
2025-05-15 09:47:07	debug		System	Debug: **ReadConfigData, stat value for create_time was 1747126430	0	WINDOWSS
2025-05-15 09:47:07	debug		System	Debug: **ReadConfigData, stat value for last_update was 1747127736	0	WINDOWSS
2025-05-15 09:47:07	debug		System	Debug: **ReadConfigData, stat value for last_update_host was WINDOWSS	0	WINDOWSS
2025-05-15 09:47:07	debug		System	Debug: **ReadConfigData, stat value for encryption_hash was 99CCFC0D033729754B6BB4832FE786A1	0	WINDOWSS
2025-05-15 09:47:07	debug		System	Debug: **ReadConfigData, stat value for anonymous_stat_last_update was 1747127736	0	WINDOWSS
2025-05-15 09:47:07	debug		System	Debug: **ReadConfigData, stat value for create_host was WINDOWSS	0	WINDOWSS
2025-05-15 09:47:07	debug		System	Debug: **ReadConfigData, stat value for create_time was 1747126430	0	WINDOWSS
2025-05-15 09:47:07	debug		System	Debug: **ReadConfigData, stat value for last_update was 1747127736	0	WINDOWSS
2025-05-15 09:47:07	debug		System	Debug: **ReadConfigData, stat value for last_update_host was WINDOWSS	0	WINDOWSS
2025-05-15 09:47:07	debug		System	Debug: **ReadConfigData, stat value for encryption_hash was 99CCFC0D033729754B6BB4832FE786A1	0	WINDOWSS
2025-05-15 09:47:07	debug		CredentialProviderRequest	Info: *Value for IsCredentialProviderRequest:	0	WINDOWSS
2025-05-15 09:47:07	debug		Server-Client	Info: *CheckUserExists server request for grupo1 with challenge MOSH275deafc39154bac2514b5df3bb6f733	0	WINDOWSS
2025-05-15 09:47:07	debug		Server-Client	Info: *CheckUserExists intermediate error code: 22	0	WINDOWSS
2025-05-15 09:47:07	debug		Server-Client	Info: *Server secret used for command CheckUserExists with error code result 22: secretOTP	0	WINDOWSS
========================================
multiotp 5.9.9.1
Your script is running from C:\multiotp\
2025-05-15 09:47:07	debug		System	Debug: **ReadConfigData, stat value for anonymous_stat_last_update was 1747127736	0	WINDOWSS
2025-05-15 09:47:07	debug		System	Debug: **ReadConfigData, stat value for create_host was WINDOWSS	0	WINDOWSS
2025-05-15 09:47:07	debug		System	Debug: **ReadConfigData, stat value for create_time was 1747126430	0	WINDOWSS
2025-05-15 09:47:07	debug		System	Debug: **ReadConfigData, stat value for last_update was 1747127736	0	WINDOWSS
2025-05-15 09:47:07	debug		System	Debug: **ReadConfigData, stat value for last_update_host was WINDOWSS	0	WINDOWSS
2025-05-15 09:47:07	debug		System	Debug: **ReadConfigData, stat value for encryption_hash was 99CCFC0D033729754B6BB4832FE786A1	0	WINDOWSS
2025-05-15 09:47:07	debug		System	Debug: **ReadConfigData, stat value for anonymous_stat_last_update was 1747127736	0	WINDOWSS
2025-05-15 09:47:07	debug		System	Debug: **ReadConfigData, stat value for create_host was WINDOWSS	0	WINDOWSS
2025-05-15 09:47:07	debug		System	Debug: **ReadConfigData, stat value for create_time was 1747126430	0	WINDOWSS
2025-05-15 09:47:07	debug		System	Debug: **ReadConfigData, stat value for last_update was 1747127736	0	WINDOWSS
2025-05-15 09:47:07	debug		System	Debug: **ReadConfigData, stat value for last_update_host was WINDOWSS	0	WINDOWSS
2025-05-15 09:47:07	debug		System	Debug: **ReadConfigData, stat value for encryption_hash was 99CCFC0D033729754B6BB4832FE786A1	0	WINDOWSS
2025-05-15 09:47:07	debug		CredentialProviderRequest	Info: *Value for IsCredentialProviderRequest:	0	WINDOWSS
2025-05-15 09:47:07	debug		Server-Client	Info: *ReadUserData server request for grupo1	0	WINDOWSS
2025-05-15 09:47:07	debug		Server-Client	Info: *Server secret used for command ReadUserData with error code result 19: secretOTP	0	WINDOWSS
========================================
multiotp 5.9.9.1
Your script is running from C:\multiotp\
2025-05-15 09:47:07	debug		System	Debug: **ReadConfigData, stat value for anonymous_stat_last_update was 1747127736	0	WINDOWSS
2025-05-15 09:47:07	debug		System	Debug: **ReadConfigData, stat value for create_host was WINDOWSS	0	WINDOWSS
2025-05-15 09:47:07	debug		System	Debug: **ReadConfigData, stat value for create_time was 1747126430	0	WINDOWSS
2025-05-15 09:47:07	debug		System	Debug: **ReadConfigData, stat value for last_update was 1747127736	0	WINDOWSS
2025-05-15 09:47:07	debug		System	Debug: **ReadConfigData, stat value for last_update_host was WINDOWSS	0	WINDOWSS
2025-05-15 09:47:07	debug		System	Debug: **ReadConfigData, stat value for encryption_hash was 99CCFC0D033729754B6BB4832FE786A1	0	WINDOWSS
2025-05-15 09:47:07	debug		System	Debug: **ReadConfigData, stat value for anonymous_stat_last_update was 1747127736	0	WINDOWSS
2025-05-15 09:47:07	debug		System	Debug: **ReadConfigData, stat value for create_host was WINDOWSS	0	WINDOWSS
2025-05-15 09:47:07	debug		System	Debug: **ReadConfigData, stat value for create_time was 1747126430	0	WINDOWSS
2025-05-15 09:47:07	debug		System	Debug: **ReadConfigData, stat value for last_update was 1747127736	0	WINDOWSS
2025-05-15 09:47:07	debug		System	Debug: **ReadConfigData, stat value for last_update_host was WINDOWSS	0	WINDOWSS
2025-05-15 09:47:07	debug		System	Debug: **ReadConfigData, stat value for encryption_hash was 99CCFC0D033729754B6BB4832FE786A1	0	WINDOWSS
2025-05-15 09:47:07	debug		CredentialProviderRequest	Info: *Value for IsCredentialProviderRequest:	0	WINDOWSS
2025-05-15 09:47:07	debug		Server-Client	Info: *ReadUserData server request for grupo1	0	WINDOWSS
2025-05-15 09:47:07	debug		Server-Client	Info: *Server secret used for command ReadUserData with error code result 19: secretOTP	0	WINDOWSS
========================================
multiotp 5.9.9.1
Your script is running from C:\multiotp\
2025-05-15 09:47:07	debug		System	Debug: **ReadConfigData, stat value for anonymous_stat_last_update was 1747127736	0	WINDOWSS
2025-05-15 09:47:07	debug		System	Debug: **ReadConfigData, stat value for create_host was WINDOWSS	0	WINDOWSS
2025-05-15 09:47:07	debug		System	Debug: **ReadConfigData, stat value for create_time was 1747126430	0	WINDOWSS
2025-05-15 09:47:07	debug		System	Debug: **ReadConfigData, stat value for last_update was 1747127736	0	WINDOWSS
2025-05-15 09:47:07	debug		System	Debug: **ReadConfigData, stat value for last_update_host was WINDOWSS	0	WINDOWSS
2025-05-15 09:47:07	debug		System	Debug: **ReadConfigData, stat value for encryption_hash was 99CCFC0D033729754B6BB4832FE786A1	0	WINDOWSS
2025-05-15 09:47:07	debug		System	Debug: **ReadConfigData, stat value for anonymous_stat_last_update was 1747127736	0	WINDOWSS
2025-05-15 09:47:07	debug		System	Debug: **ReadConfigData, stat value for create_host was WINDOWSS	0	WINDOWSS
2025-05-15 09:47:07	debug		System	Debug: **ReadConfigData, stat value for create_time was 1747126430	0	WINDOWSS
2025-05-15 09:47:07	debug		System	Debug: **ReadConfigData, stat value for last_update was 1747127736	0	WINDOWSS
2025-05-15 09:47:07	debug		System	Debug: **ReadConfigData, stat value for last_update_host was WINDOWSS	0	WINDOWSS
2025-05-15 09:47:07	debug		System	Debug: **ReadConfigData, stat value for encryption_hash was 99CCFC0D033729754B6BB4832FE786A1	0	WINDOWSS
2025-05-15 09:47:07	debug		CredentialProviderRequest	Info: *Value for IsCredentialProviderRequest: 1	0	WINDOWSS
2025-05-15 09:47:07	debug		Server-Client	Info: *CheckUserToken server request.	0	WINDOWSS
2025-05-15 09:47:07	warning	grupo1	User	Error: token of user grupo1 already used	0	WINDOWSS
2025-05-15 09:47:07	debug		Server-Client	Info: *Server secret used for command CheckUserToken with error code result 26: secretOTP	0	WINDOWSS
========================================
multiotp 5.9.9.1
Your script is running from C:\multiotp\
2025-05-15 10:01:15	debug		System	Debug: **ReadConfigData, stat value for anonymous_stat_last_update was 1747127736	0	WINDOWSS
2025-05-15 10:01:15	debug		System	Debug: **ReadConfigData, stat value for create_host was WINDOWSS	0	WINDOWSS
2025-05-15 10:01:15	debug		System	Debug: **ReadConfigData, stat value for create_time was 1747126430	0	WINDOWSS
2025-05-15 10:01:15	debug		System	Debug: **ReadConfigData, stat value for last_update was 1747127736	0	WINDOWSS
2025-05-15 10:01:15	debug		System	Debug: **ReadConfigData, stat value for last_update_host was WINDOWSS	0	WINDOWSS
2025-05-15 10:01:15	debug		System	Debug: **ReadConfigData, stat value for encryption_hash was 99CCFC0D033729754B6BB4832FE786A1	0	WINDOWSS
2025-05-15 10:01:15	debug		System	Debug: **ReadConfigData, stat value for anonymous_stat_last_update was 1747127736	0	WINDOWSS
2025-05-15 10:01:15	debug		System	Debug: **ReadConfigData, stat value for create_host was WINDOWSS	0	WINDOWSS
2025-05-15 10:01:15	debug		System	Debug: **ReadConfigData, stat value for create_time was 1747126430	0	WINDOWSS
2025-05-15 10:01:15	debug		System	Debug: **ReadConfigData, stat value for last_update was 1747127736	0	WINDOWSS
2025-05-15 10:01:15	debug		System	Debug: **ReadConfigData, stat value for last_update_host was WINDOWSS	0	WINDOWSS
2025-05-15 10:01:15	debug		System	Debug: **ReadConfigData, stat value for encryption_hash was 99CCFC0D033729754B6BB4832FE786A1	0	WINDOWSS
========================================
multiotp 5.9.9.1
Your script is running from C:\multiotp\
2025-05-15 10:01:15	debug		System	Debug: **ReadConfigData, stat value for anonymous_stat_last_update was 1747127736	0	WINDOWSS
2025-05-15 10:01:15	debug		System	Debug: **ReadConfigData, stat value for create_host was WINDOWSS	0	WINDOWSS
2025-05-15 10:01:15	debug		System	Debug: **ReadConfigData, stat value for create_time was 1747126430	0	WINDOWSS
2025-05-15 10:01:15	debug		System	Debug: **ReadConfigData, stat value for last_update was 1747127736	0	WINDOWSS
2025-05-15 10:01:15	debug		System	Debug: **ReadConfigData, stat value for last_update_host was WINDOWSS	0	WINDOWSS
2025-05-15 10:01:15	debug		System	Debug: **ReadConfigData, stat value for encryption_hash was 99CCFC0D033729754B6BB4832FE786A1	0	WINDOWSS
2025-05-15 10:01:15	debug		System	Debug: **ReadConfigData, stat value for anonymous_stat_last_update was 1747127736	0	WINDOWSS
2025-05-15 10:01:15	debug		System	Debug: **ReadConfigData, stat value for create_host was WINDOWSS	0	WINDOWSS
2025-05-15 10:01:15	debug		System	Debug: **ReadConfigData, stat value for create_time was 1747126430	0	WINDOWSS
2025-05-15 10:01:15	debug		System	Debug: **ReadConfigData, stat value for last_update was 1747127736	0	WINDOWSS
2025-05-15 10:01:15	debug		System	Debug: **ReadConfigData, stat value for last_update_host was WINDOWSS	0	WINDOWSS
2025-05-15 10:01:15	debug		System	Debug: **ReadConfigData, stat value for encryption_hash was 99CCFC0D033729754B6BB4832FE786A1	0	WINDOWSS
========================================
multiotp 5.9.9.1
Your script is running from C:\multiotp\
2025-05-15 10:01:15	debug		System	Debug: **ReadConfigData, stat value for anonymous_stat_last_update was 1747127736	0	WINDOWSS
2025-05-15 10:01:15	debug		System	Debug: **ReadConfigData, stat value for create_host was WINDOWSS	0	WINDOWSS
2025-05-15 10:01:15	debug		System	Debug: **ReadConfigData, stat value for create_time was 1747126430	0	WINDOWSS
2025-05-15 10:01:15	debug		System	Debug: **ReadConfigData, stat value for last_update was 1747127736	0	WINDOWSS
2025-05-15 10:01:15	debug		System	Debug: **ReadConfigData, stat value for last_update_host was WINDOWSS	0	WINDOWSS
2025-05-15 10:01:15	debug		System	Debug: **ReadConfigData, stat value for encryption_hash was 99CCFC0D033729754B6BB4832FE786A1	0	WINDOWSS
2025-05-15 10:01:15	debug		System	Debug: **ReadConfigData, stat value for anonymous_stat_last_update was 1747127736	0	WINDOWSS
2025-05-15 10:01:15	debug		System	Debug: **ReadConfigData, stat value for create_host was WINDOWSS	0	WINDOWSS
2025-05-15 10:01:15	debug		System	Debug: **ReadConfigData, stat value for create_time was 1747126430	0	WINDOWSS
2025-05-15 10:01:15	debug		System	Debug: **ReadConfigData, stat value for last_update was 1747127736	0	WINDOWSS
2025-05-15 10:01:15	debug		System	Debug: **ReadConfigData, stat value for last_update_host was WINDOWSS	0	WINDOWSS
2025-05-15 10:01:15	debug		System	Debug: **ReadConfigData, stat value for encryption_hash was 99CCFC0D033729754B6BB4832FE786A1	0	WINDOWSS
========================================
multiotp 5.9.9.1
Your script is running from C:\multiotp\
2025-05-15 10:01:15	debug		System	Debug: **ReadConfigData, stat value for anonymous_stat_last_update was 1747127736	0	WINDOWSS
2025-05-15 10:01:15	debug		System	Debug: **ReadConfigData, stat value for create_host was WINDOWSS	0	WINDOWSS
2025-05-15 10:01:15	debug		System	Debug: **ReadConfigData, stat value for create_time was 1747126430	0	WINDOWSS
2025-05-15 10:01:15	debug		System	Debug: **ReadConfigData, stat value for last_update was 1747127736	0	WINDOWSS
2025-05-15 10:01:15	debug		System	Debug: **ReadConfigData, stat value for last_update_host was WINDOWSS	0	WINDOWSS
2025-05-15 10:01:15	debug		System	Debug: **ReadConfigData, stat value for encryption_hash was 99CCFC0D033729754B6BB4832FE786A1	0	WINDOWSS
2025-05-15 10:01:15	debug		System	Debug: **ReadConfigData, stat value for anonymous_stat_last_update was 1747127736	0	WINDOWSS
2025-05-15 10:01:15	debug		System	Debug: **ReadConfigData, stat value for create_host was WINDOWSS	0	WINDOWSS
2025-05-15 10:01:15	debug		System	Debug: **ReadConfigData, stat value for create_time was 1747126430	0	WINDOWSS
2025-05-15 10:01:15	debug		System	Debug: **ReadConfigData, stat value for last_update was 1747127736	0	WINDOWSS
2025-05-15 10:01:15	debug		System	Debug: **ReadConfigData, stat value for last_update_host was WINDOWSS	0	WINDOWSS
2025-05-15 10:01:15	debug		System	Debug: **ReadConfigData, stat value for encryption_hash was 99CCFC0D033729754B6BB4832FE786A1	0	WINDOWSS
========================================
multiotp 5.9.9.1
Your script is running from C:\multiotp\
2025-05-15 10:01:16	debug		System	Debug: **ReadConfigData, stat value for anonymous_stat_last_update was 1747127736	0	WINDOWSS
2025-05-15 10:01:16	debug		System	Debug: **ReadConfigData, stat value for create_host was WINDOWSS	0	WINDOWSS
2025-05-15 10:01:16	debug		System	Debug: **ReadConfigData, stat value for create_time was 1747126430	0	WINDOWSS
2025-05-15 10:01:16	debug		System	Debug: **ReadConfigData, stat value for last_update was 1747127736	0	WINDOWSS
2025-05-15 10:01:16	debug		System	Debug: **ReadConfigData, stat value for last_update_host was WINDOWSS	0	WINDOWSS
2025-05-15 10:01:16	debug		System	Debug: **ReadConfigData, stat value for encryption_hash was 99CCFC0D033729754B6BB4832FE786A1	0	WINDOWSS
2025-05-15 10:01:16	debug		System	Debug: **ReadConfigData, stat value for anonymous_stat_last_update was 1747127736	0	WINDOWSS
2025-05-15 10:01:16	debug		System	Debug: **ReadConfigData, stat value for create_host was WINDOWSS	0	WINDOWSS
2025-05-15 10:01:16	debug		System	Debug: **ReadConfigData, stat value for create_time was 1747126430	0	WINDOWSS
2025-05-15 10:01:16	debug		System	Debug: **ReadConfigData, stat value for last_update was 1747127736	0	WINDOWSS
2025-05-15 10:01:16	debug		System	Debug: **ReadConfigData, stat value for last_update_host was WINDOWSS	0	WINDOWSS
2025-05-15 10:01:16	debug		System	Debug: **ReadConfigData, stat value for encryption_hash was 99CCFC0D033729754B6BB4832FE786A1	0	WINDOWSS
========================================
multiotp 5.9.9.1
Your script is running from C:\multiotp\
2025-05-15 10:01:16	debug		System	Debug: **ReadConfigData, stat value for anonymous_stat_last_update was 1747127736	0	WINDOWSS
2025-05-15 10:01:16	debug		System	Debug: **ReadConfigData, stat value for create_host was WINDOWSS	0	WINDOWSS
2025-05-15 10:01:16	debug		System	Debug: **ReadConfigData, stat value for create_time was 1747126430	0	WINDOWSS
2025-05-15 10:01:16	debug		System	Debug: **ReadConfigData, stat value for last_update was 1747127736	0	WINDOWSS
2025-05-15 10:01:16	debug		System	Debug: **ReadConfigData, stat value for last_update_host was WINDOWSS	0	WINDOWSS
2025-05-15 10:01:16	debug		System	Debug: **ReadConfigData, stat value for encryption_hash was 99CCFC0D033729754B6BB4832FE786A1	0	WINDOWSS
2025-05-15 10:01:16	debug		System	Debug: **ReadConfigData, stat value for anonymous_stat_last_update was 1747127736	0	WINDOWSS
2025-05-15 10:01:16	debug		System	Debug: **ReadConfigData, stat value for create_host was WINDOWSS	0	WINDOWSS
2025-05-15 10:01:16	debug		System	Debug: **ReadConfigData, stat value for create_time was 1747126430	0	WINDOWSS
2025-05-15 10:01:16	debug		System	Debug: **ReadConfigData, stat value for last_update was 1747127736	0	WINDOWSS
2025-05-15 10:01:16	debug		System	Debug: **ReadConfigData, stat value for last_update_host was WINDOWSS	0	WINDOWSS
2025-05-15 10:01:16	debug		System	Debug: **ReadConfigData, stat value for encryption_hash was 99CCFC0D033729754B6BB4832FE786A1	0	WINDOWSS
========================================
multiotp 5.9.9.1
Your script is running from C:\multiotp\
2025-05-15 10:01:16	debug		System	Debug: **ReadConfigData, stat value for anonymous_stat_last_update was 1747127736	0	WINDOWSS
2025-05-15 10:01:16	debug		System	Debug: **ReadConfigData, stat value for create_host was WINDOWSS	0	WINDOWSS
2025-05-15 10:01:16	debug		System	Debug: **ReadConfigData, stat value for create_time was 1747126430	0	WINDOWSS
2025-05-15 10:01:16	debug		System	Debug: **ReadConfigData, stat value for last_update was 1747127736	0	WINDOWSS
2025-05-15 10:01:16	debug		System	Debug: **ReadConfigData, stat value for last_update_host was WINDOWSS	0	WINDOWSS
2025-05-15 10:01:16	debug		System	Debug: **ReadConfigData, stat value for encryption_hash was 99CCFC0D033729754B6BB4832FE786A1	0	WINDOWSS
2025-05-15 10:01:16	debug		System	Debug: **ReadConfigData, stat value for anonymous_stat_last_update was 1747127736	0	WINDOWSS
2025-05-15 10:01:16	debug		System	Debug: **ReadConfigData, stat value for create_host was WINDOWSS	0	WINDOWSS
2025-05-15 10:01:16	debug		System	Debug: **ReadConfigData, stat value for create_time was 1747126430	0	WINDOWSS
2025-05-15 10:01:16	debug		System	Debug: **ReadConfigData, stat value for last_update was 1747127736	0	WINDOWSS
2025-05-15 10:01:16	debug		System	Debug: **ReadConfigData, stat value for last_update_host was WINDOWSS	0	WINDOWSS
2025-05-15 10:01:16	debug		System	Debug: **ReadConfigData, stat value for encryption_hash was 99CCFC0D033729754B6BB4832FE786A1	0	WINDOWSS
========================================
multiotp 5.9.9.1
Your script is running from C:\multiotp\
2025-05-15 10:12:17	debug		System	Debug: **ReadConfigData, stat value for anonymous_stat_last_update was 1747127736	0	WINDOWSS
2025-05-15 10:12:17	debug		System	Debug: **ReadConfigData, stat value for create_host was WINDOWSS	0	WINDOWSS
2025-05-15 10:12:17	debug		System	Debug: **ReadConfigData, stat value for create_time was 1747126430	0	WINDOWSS
2025-05-15 10:12:17	debug		System	Debug: **ReadConfigData, stat value for last_update was 1747127736	0	WINDOWSS
2025-05-15 10:12:17	debug		System	Debug: **ReadConfigData, stat value for last_update_host was WINDOWSS	0	WINDOWSS
2025-05-15 10:12:17	debug		System	Debug: **ReadConfigData, stat value for encryption_hash was 99CCFC0D033729754B6BB4832FE786A1	0	WINDOWSS
2025-05-15 10:12:17	debug		System	Debug: **ReadConfigData, stat value for anonymous_stat_last_update was 1747127736	0	WINDOWSS
2025-05-15 10:12:17	debug		System	Debug: **ReadConfigData, stat value for create_host was WINDOWSS	0	WINDOWSS
2025-05-15 10:12:17	debug		System	Debug: **ReadConfigData, stat value for create_time was 1747126430	0	WINDOWSS
2025-05-15 10:12:17	debug		System	Debug: **ReadConfigData, stat value for last_update was 1747127736	0	WINDOWSS
2025-05-15 10:12:17	debug		System	Debug: **ReadConfigData, stat value for last_update_host was WINDOWSS	0	WINDOWSS
2025-05-15 10:12:17	debug		System	Debug: **ReadConfigData, stat value for encryption_hash was 99CCFC0D033729754B6BB4832FE786A1	0	WINDOWSS
========================================
multiotp 5.9.9.1
Your script is running from C:\multiotp\
2025-05-15 10:12:17	debug		System	Debug: **ReadConfigData, stat value for anonymous_stat_last_update was 1747127736	0	WINDOWSS
2025-05-15 10:12:17	debug		System	Debug: **ReadConfigData, stat value for create_host was WINDOWSS	0	WINDOWSS
2025-05-15 10:12:17	debug		System	Debug: **ReadConfigData, stat value for create_time was 1747126430	0	WINDOWSS
2025-05-15 10:12:17	debug		System	Debug: **ReadConfigData, stat value for last_update was 1747127736	0	WINDOWSS
2025-05-15 10:12:17	debug		System	Debug: **ReadConfigData, stat value for last_update_host was WINDOWSS	0	WINDOWSS
2025-05-15 10:12:17	debug		System	Debug: **ReadConfigData, stat value for encryption_hash was 99CCFC0D033729754B6BB4832FE786A1	0	WINDOWSS
2025-05-15 10:12:17	debug		System	Debug: **ReadConfigData, stat value for anonymous_stat_last_update was 1747127736	0	WINDOWSS
2025-05-15 10:12:17	debug		System	Debug: **ReadConfigData, stat value for create_host was WINDOWSS	0	WINDOWSS
2025-05-15 10:12:17	debug		System	Debug: **ReadConfigData, stat value for create_time was 1747126430	0	WINDOWSS
2025-05-15 10:12:17	debug		System	Debug: **ReadConfigData, stat value for last_update was 1747127736	0	WINDOWSS
2025-05-15 10:12:17	debug		System	Debug: **ReadConfigData, stat value for last_update_host was WINDOWSS	0	WINDOWSS
2025-05-15 10:12:17	debug		System	Debug: **ReadConfigData, stat value for encryption_hash was 99CCFC0D033729754B6BB4832FE786A1	0	WINDOWSS
========================================
multiotp 5.9.9.1
Your script is running from C:\multiotp\
2025-05-15 10:12:17	debug		System	Debug: **ReadConfigData, stat value for anonymous_stat_last_update was 1747127736	0	WINDOWSS
2025-05-15 10:12:17	debug		System	Debug: **ReadConfigData, stat value for create_host was WINDOWSS	0	WINDOWSS
2025-05-15 10:12:17	debug		System	Debug: **ReadConfigData, stat value for create_time was 1747126430	0	WINDOWSS
2025-05-15 10:12:17	debug		System	Debug: **ReadConfigData, stat value for last_update was 1747127736	0	WINDOWSS
2025-05-15 10:12:17	debug		System	Debug: **ReadConfigData, stat value for last_update_host was WINDOWSS	0	WINDOWSS
2025-05-15 10:12:17	debug		System	Debug: **ReadConfigData, stat value for encryption_hash was 99CCFC0D033729754B6BB4832FE786A1	0	WINDOWSS
2025-05-15 10:12:17	debug		System	Debug: **ReadConfigData, stat value for anonymous_stat_last_update was 1747127736	0	WINDOWSS
2025-05-15 10:12:17	debug		System	Debug: **ReadConfigData, stat value for create_host was WINDOWSS	0	WINDOWSS
2025-05-15 10:12:17	debug		System	Debug: **ReadConfigData, stat value for create_time was 1747126430	0	WINDOWSS
2025-05-15 10:12:17	debug		System	Debug: **ReadConfigData, stat value for last_update was 1747127736	0	WINDOWSS
2025-05-15 10:12:17	debug		System	Debug: **ReadConfigData, stat value for last_update_host was WINDOWSS	0	WINDOWSS
2025-05-15 10:12:17	debug		System	Debug: **ReadConfigData, stat value for encryption_hash was 99CCFC0D033729754B6BB4832FE786A1	0	WINDOWSS
========================================
multiotp 5.9.9.1
Your script is running from C:\multiotp\
2025-05-15 10:12:17	debug		System	Debug: **ReadConfigData, stat value for anonymous_stat_last_update was 1747127736	0	WINDOWSS
2025-05-15 10:12:17	debug		System	Debug: **ReadConfigData, stat value for create_host was WINDOWSS	0	WINDOWSS
2025-05-15 10:12:17	debug		System	Debug: **ReadConfigData, stat value for create_time was 1747126430	0	WINDOWSS
2025-05-15 10:12:17	debug		System	Debug: **ReadConfigData, stat value for last_update was 1747127736	0	WINDOWSS
2025-05-15 10:12:17	debug		System	Debug: **ReadConfigData, stat value for last_update_host was WINDOWSS	0	WINDOWSS
2025-05-15 10:12:17	debug		System	Debug: **ReadConfigData, stat value for encryption_hash was 99CCFC0D033729754B6BB4832FE786A1	0	WINDOWSS
2025-05-15 10:12:17	debug		System	Debug: **ReadConfigData, stat value for anonymous_stat_last_update was 1747127736	0	WINDOWSS
2025-05-15 10:12:17	debug		System	Debug: **ReadConfigData, stat value for create_host was WINDOWSS	0	WINDOWSS
2025-05-15 10:12:17	debug		System	Debug: **ReadConfigData, stat value for create_time was 1747126430	0	WINDOWSS
2025-05-15 10:12:17	debug		System	Debug: **ReadConfigData, stat value for last_update was 1747127736	0	WINDOWSS
2025-05-15 10:12:17	debug		System	Debug: **ReadConfigData, stat value for last_update_host was WINDOWSS	0	WINDOWSS
2025-05-15 10:12:17	debug		System	Debug: **ReadConfigData, stat value for encryption_hash was 99CCFC0D033729754B6BB4832FE786A1	0	WINDOWSS
========================================
multiotp 5.9.9.1
Your script is running from C:\multiotp\
2025-05-15 10:12:18	debug		System	Debug: **ReadConfigData, stat value for anonymous_stat_last_update was 1747127736	0	WINDOWSS
2025-05-15 10:12:18	debug		System	Debug: **ReadConfigData, stat value for create_host was WINDOWSS	0	WINDOWSS
2025-05-15 10:12:18	debug		System	Debug: **ReadConfigData, stat value for create_time was 1747126430	0	WINDOWSS
2025-05-15 10:12:18	debug		System	Debug: **ReadConfigData, stat value for last_update was 1747127736	0	WINDOWSS
2025-05-15 10:12:18	debug		System	Debug: **ReadConfigData, stat value for last_update_host was WINDOWSS	0	WINDOWSS
2025-05-15 10:12:18	debug		System	Debug: **ReadConfigData, stat value for encryption_hash was 99CCFC0D033729754B6BB4832FE786A1	0	WINDOWSS
2025-05-15 10:12:18	debug		System	Debug: **ReadConfigData, stat value for anonymous_stat_last_update was 1747127736	0	WINDOWSS
2025-05-15 10:12:18	debug		System	Debug: **ReadConfigData, stat value for create_host was WINDOWSS	0	WINDOWSS
2025-05-15 10:12:18	debug		System	Debug: **ReadConfigData, stat value for create_time was 1747126430	0	WINDOWSS
2025-05-15 10:12:18	debug		System	Debug: **ReadConfigData, stat value for last_update was 1747127736	0	WINDOWSS
2025-05-15 10:12:18	debug		System	Debug: **ReadConfigData, stat value for last_update_host was WINDOWSS	0	WINDOWSS
2025-05-15 10:12:18	debug		System	Debug: **ReadConfigData, stat value for encryption_hash was 99CCFC0D033729754B6BB4832FE786A1	0	WINDOWSS
========================================
multiotp 5.9.9.1
Your script is running from C:\multiotp\
2025-05-15 10:12:18	debug		System	Debug: **ReadConfigData, stat value for anonymous_stat_last_update was 1747127736	0	WINDOWSS
2025-05-15 10:12:18	debug		System	Debug: **ReadConfigData, stat value for create_host was WINDOWSS	0	WINDOWSS
2025-05-15 10:12:18	debug		System	Debug: **ReadConfigData, stat value for create_time was 1747126430	0	WINDOWSS
2025-05-15 10:12:18	debug		System	Debug: **ReadConfigData, stat value for last_update was 1747127736	0	WINDOWSS
2025-05-15 10:12:18	debug		System	Debug: **ReadConfigData, stat value for last_update_host was WINDOWSS	0	WINDOWSS
2025-05-15 10:12:18	debug		System	Debug: **ReadConfigData, stat value for encryption_hash was 99CCFC0D033729754B6BB4832FE786A1	0	WINDOWSS
2025-05-15 10:12:18	debug		System	Debug: **ReadConfigData, stat value for anonymous_stat_last_update was 1747127736	0	WINDOWSS
2025-05-15 10:12:18	debug		System	Debug: **ReadConfigData, stat value for create_host was WINDOWSS	0	WINDOWSS
2025-05-15 10:12:18	debug		System	Debug: **ReadConfigData, stat value for create_time was 1747126430	0	WINDOWSS
2025-05-15 10:12:18	debug		System	Debug: **ReadConfigData, stat value for last_update was 1747127736	0	WINDOWSS
2025-05-15 10:12:18	debug		System	Debug: **ReadConfigData, stat value for last_update_host was WINDOWSS	0	WINDOWSS
2025-05-15 10:12:18	debug		System	Debug: **ReadConfigData, stat value for encryption_hash was 99CCFC0D033729754B6BB4832FE786A1	0	WINDOWSS
========================================
multiotp 5.9.9.1
Your script is running from C:\multiotp\
2025-05-15 10:12:18	debug		System	Debug: **ReadConfigData, stat value for anonymous_stat_last_update was 1747127736	0	WINDOWSS
2025-05-15 10:12:18	debug		System	Debug: **ReadConfigData, stat value for create_host was WINDOWSS	0	WINDOWSS
2025-05-15 10:12:18	debug		System	Debug: **ReadConfigData, stat value for create_time was 1747126430	0	WINDOWSS
2025-05-15 10:12:18	debug		System	Debug: **ReadConfigData, stat value for last_update was 1747127736	0	WINDOWSS
2025-05-15 10:12:18	debug		System	Debug: **ReadConfigData, stat value for last_update_host was WINDOWSS	0	WINDOWSS
2025-05-15 10:12:18	debug		System	Debug: **ReadConfigData, stat value for encryption_hash was 99CCFC0D033729754B6BB4832FE786A1	0	WINDOWSS
2025-05-15 10:12:18	debug		System	Debug: **ReadConfigData, stat value for anonymous_stat_last_update was 1747127736	0	WINDOWSS
2025-05-15 10:12:18	debug		System	Debug: **ReadConfigData, stat value for create_host was WINDOWSS	0	WINDOWSS
2025-05-15 10:12:18	debug		System	Debug: **ReadConfigData, stat value for create_time was 1747126430	0	WINDOWSS
2025-05-15 10:12:18	debug		System	Debug: **ReadConfigData, stat value for last_update was 1747127736	0	WINDOWSS
2025-05-15 10:12:18	debug		System	Debug: **ReadConfigData, stat value for last_update_host was WINDOWSS	0	WINDOWSS
2025-05-15 10:12:18	debug		System	Debug: **ReadConfigData, stat value for encryption_hash was 99CCFC0D033729754B6BB4832FE786A1	0	WINDOWSS
========================================
multiotp 5.9.9.1
Your script is running from C:\multiotp\
2025-05-15 10:12:24	debug		System	Debug: **ReadConfigData, stat value for anonymous_stat_last_update was 1747127736	0	WINDOWSS
2025-05-15 10:12:24	debug		System	Debug: **ReadConfigData, stat value for create_host was WINDOWSS	0	WINDOWSS
2025-05-15 10:12:24	debug		System	Debug: **ReadConfigData, stat value for create_time was 1747126430	0	WINDOWSS
2025-05-15 10:12:24	debug		System	Debug: **ReadConfigData, stat value for last_update was 1747127736	0	WINDOWSS
2025-05-15 10:12:24	debug		System	Debug: **ReadConfigData, stat value for last_update_host was WINDOWSS	0	WINDOWSS
2025-05-15 10:12:24	debug		System	Debug: **ReadConfigData, stat value for encryption_hash was 99CCFC0D033729754B6BB4832FE786A1	0	WINDOWSS
2025-05-15 10:12:24	debug		System	Debug: **ReadConfigData, stat value for anonymous_stat_last_update was 1747127736	0	WINDOWSS
2025-05-15 10:12:24	debug		System	Debug: **ReadConfigData, stat value for create_host was WINDOWSS	0	WINDOWSS
2025-05-15 10:12:24	debug		System	Debug: **ReadConfigData, stat value for create_time was 1747126430	0	WINDOWSS
2025-05-15 10:12:24	debug		System	Debug: **ReadConfigData, stat value for last_update was 1747127736	0	WINDOWSS
2025-05-15 10:12:24	debug		System	Debug: **ReadConfigData, stat value for last_update_host was WINDOWSS	0	WINDOWSS
2025-05-15 10:12:24	debug		System	Debug: **ReadConfigData, stat value for encryption_hash was 99CCFC0D033729754B6BB4832FE786A1	0	WINDOWSS
========================================
multiotp 5.9.9.1
Your script is running from C:\multiotp\
2025-05-15 10:12:25	debug		System	Debug: **ReadConfigData, stat value for anonymous_stat_last_update was 1747127736	0	WINDOWSS
2025-05-15 10:12:25	debug		System	Debug: **ReadConfigData, stat value for create_host was WINDOWSS	0	WINDOWSS
2025-05-15 10:12:25	debug		System	Debug: **ReadConfigData, stat value for create_time was 1747126430	0	WINDOWSS
2025-05-15 10:12:25	debug		System	Debug: **ReadConfigData, stat value for last_update was 1747127736	0	WINDOWSS
2025-05-15 10:12:25	debug		System	Debug: **ReadConfigData, stat value for last_update_host was WINDOWSS	0	WINDOWSS
2025-05-15 10:12:25	debug		System	Debug: **ReadConfigData, stat value for encryption_hash was 99CCFC0D033729754B6BB4832FE786A1	0	WINDOWSS
2025-05-15 10:12:25	debug		System	Debug: **ReadConfigData, stat value for anonymous_stat_last_update was 1747127736	0	WINDOWSS
2025-05-15 10:12:25	debug		System	Debug: **ReadConfigData, stat value for create_host was WINDOWSS	0	WINDOWSS
2025-05-15 10:12:25	debug		System	Debug: **ReadConfigData, stat value for create_time was 1747126430	0	WINDOWSS
2025-05-15 10:12:25	debug		System	Debug: **ReadConfigData, stat value for last_update was 1747127736	0	WINDOWSS
2025-05-15 10:12:25	debug		System	Debug: **ReadConfigData, stat value for last_update_host was WINDOWSS	0	WINDOWSS
2025-05-15 10:12:25	debug		System	Debug: **ReadConfigData, stat value for encryption_hash was 99CCFC0D033729754B6BB4832FE786A1	0	WINDOWSS
========================================
multiotp 5.9.9.1
Your script is running from C:\multiotp\
2025-05-15 10:12:59	debug		System	Debug: **ReadConfigData, stat value for anonymous_stat_last_update was 1747127736	0	WINDOWSS
2025-05-15 10:12:59	debug		System	Debug: **ReadConfigData, stat value for create_host was WINDOWSS	0	WINDOWSS
2025-05-15 10:12:59	debug		System	Debug: **ReadConfigData, stat value for create_time was 1747126430	0	WINDOWSS
2025-05-15 10:12:59	debug		System	Debug: **ReadConfigData, stat value for last_update was 1747127736	0	WINDOWSS
2025-05-15 10:12:59	debug		System	Debug: **ReadConfigData, stat value for last_update_host was WINDOWSS	0	WINDOWSS
2025-05-15 10:12:59	debug		System	Debug: **ReadConfigData, stat value for encryption_hash was 99CCFC0D033729754B6BB4832FE786A1	0	WINDOWSS
2025-05-15 10:12:59	debug		System	Debug: **ReadConfigData, stat value for anonymous_stat_last_update was 1747127736	0	WINDOWSS
2025-05-15 10:12:59	debug		System	Debug: **ReadConfigData, stat value for create_host was WINDOWSS	0	WINDOWSS
2025-05-15 10:12:59	debug		System	Debug: **ReadConfigData, stat value for create_time was 1747126430	0	WINDOWSS
2025-05-15 10:12:59	debug		System	Debug: **ReadConfigData, stat value for last_update was 1747127736	0	WINDOWSS
2025-05-15 10:12:59	debug		System	Debug: **ReadConfigData, stat value for last_update_host was WINDOWSS	0	WINDOWSS
2025-05-15 10:12:59	debug		System	Debug: **ReadConfigData, stat value for encryption_hash was 99CCFC0D033729754B6BB4832FE786A1	0	WINDOWSS
2025-05-15 10:12:59	debug		CredentialProviderRequest	Info: *Value for IsCredentialProviderRequest:	0	WINDOWSS
2025-05-15 10:12:59	debug		Server-Client	Info: *CheckUserExists server request for usuariogpo2 with challenge MOSHafee1d9d12a13d896e6bbf5dbf17f151	0	WINDOWSS
2025-05-15 10:12:59	debug		Server-Client	Info: *CheckUserExists intermediate error code: 22	0	WINDOWSS
2025-05-15 10:12:59	debug		Server-Client	Info: *Server secret used for command CheckUserExists with error code result 22: secretOTP	0	WINDOWSS
========================================
multiotp 5.9.9.1
Your script is running from C:\multiotp\
2025-05-15 10:12:59	debug		System	Debug: **ReadConfigData, stat value for anonymous_stat_last_update was 1747127736	0	WINDOWSS
2025-05-15 10:12:59	debug		System	Debug: **ReadConfigData, stat value for create_host was WINDOWSS	0	WINDOWSS
2025-05-15 10:12:59	debug		System	Debug: **ReadConfigData, stat value for create_time was 1747126430	0	WINDOWSS
2025-05-15 10:12:59	debug		System	Debug: **ReadConfigData, stat value for last_update was 1747127736	0	WINDOWSS
2025-05-15 10:12:59	debug		System	Debug: **ReadConfigData, stat value for last_update_host was WINDOWSS	0	WINDOWSS
2025-05-15 10:12:59	debug		System	Debug: **ReadConfigData, stat value for encryption_hash was 99CCFC0D033729754B6BB4832FE786A1	0	WINDOWSS
2025-05-15 10:12:59	debug		System	Debug: **ReadConfigData, stat value for anonymous_stat_last_update was 1747127736	0	WINDOWSS
2025-05-15 10:12:59	debug		System	Debug: **ReadConfigData, stat value for create_host was WINDOWSS	0	WINDOWSS
2025-05-15 10:12:59	debug		System	Debug: **ReadConfigData, stat value for create_time was 1747126430	0	WINDOWSS
2025-05-15 10:12:59	debug		System	Debug: **ReadConfigData, stat value for last_update was 1747127736	0	WINDOWSS
2025-05-15 10:12:59	debug		System	Debug: **ReadConfigData, stat value for last_update_host was WINDOWSS	0	WINDOWSS
2025-05-15 10:12:59	debug		System	Debug: **ReadConfigData, stat value for encryption_hash was 99CCFC0D033729754B6BB4832FE786A1	0	WINDOWSS
2025-05-15 10:12:59	debug		CredentialProviderRequest	Info: *Value for IsCredentialProviderRequest:	0	WINDOWSS
2025-05-15 10:12:59	debug		Server-Client	Info: *ReadUserData server request for usuariogpo2	0	WINDOWSS
2025-05-15 10:12:59	debug		Server-Client	Info: *Server secret used for command ReadUserData with error code result 19: secretOTP	0	WINDOWSS
========================================
multiotp 5.9.9.1
Your script is running from C:\multiotp\
2025-05-15 10:13:00	debug		System	Debug: **ReadConfigData, stat value for anonymous_stat_last_update was 1747127736	0	WINDOWSS
2025-05-15 10:13:00	debug		System	Debug: **ReadConfigData, stat value for create_host was WINDOWSS	0	WINDOWSS
2025-05-15 10:13:00	debug		System	Debug: **ReadConfigData, stat value for create_time was 1747126430	0	WINDOWSS
2025-05-15 10:13:00	debug		System	Debug: **ReadConfigData, stat value for last_update was 1747127736	0	WINDOWSS
2025-05-15 10:13:00	debug		System	Debug: **ReadConfigData, stat value for last_update_host was WINDOWSS	0	WINDOWSS
2025-05-15 10:13:00	debug		System	Debug: **ReadConfigData, stat value for encryption_hash was 99CCFC0D033729754B6BB4832FE786A1	0	WINDOWSS
2025-05-15 10:13:00	debug		System	Debug: **ReadConfigData, stat value for anonymous_stat_last_update was 1747127736	0	WINDOWSS
2025-05-15 10:13:00	debug		System	Debug: **ReadConfigData, stat value for create_host was WINDOWSS	0	WINDOWSS
2025-05-15 10:13:00	debug		System	Debug: **ReadConfigData, stat value for create_time was 1747126430	0	WINDOWSS
2025-05-15 10:13:00	debug		System	Debug: **ReadConfigData, stat value for last_update was 1747127736	0	WINDOWSS
2025-05-15 10:13:00	debug		System	Debug: **ReadConfigData, stat value for last_update_host was WINDOWSS	0	WINDOWSS
2025-05-15 10:13:00	debug		System	Debug: **ReadConfigData, stat value for encryption_hash was 99CCFC0D033729754B6BB4832FE786A1	0	WINDOWSS
2025-05-15 10:13:00	debug		CredentialProviderRequest	Info: *Value for IsCredentialProviderRequest:	0	WINDOWSS
2025-05-15 10:13:00	debug		Server-Client	Info: *ReadUserData server request for usuariogpo2	0	WINDOWSS
2025-05-15 10:13:00	debug		Server-Client	Info: *Server secret used for command ReadUserData with error code result 19: secretOTP	0	WINDOWSS
========================================
multiotp 5.9.9.1
Your script is running from C:\multiotp\
2025-05-15 10:13:00	debug		System	Debug: **ReadConfigData, stat value for anonymous_stat_last_update was 1747127736	0	WINDOWSS
2025-05-15 10:13:00	debug		System	Debug: **ReadConfigData, stat value for create_host was WINDOWSS	0	WINDOWSS
2025-05-15 10:13:00	debug		System	Debug: **ReadConfigData, stat value for create_time was 1747126430	0	WINDOWSS
2025-05-15 10:13:00	debug		System	Debug: **ReadConfigData, stat value for last_update was 1747127736	0	WINDOWSS
2025-05-15 10:13:00	debug		System	Debug: **ReadConfigData, stat value for last_update_host was WINDOWSS	0	WINDOWSS
2025-05-15 10:13:00	debug		System	Debug: **ReadConfigData, stat value for encryption_hash was 99CCFC0D033729754B6BB4832FE786A1	0	WINDOWSS
2025-05-15 10:13:00	debug		System	Debug: **ReadConfigData, stat value for anonymous_stat_last_update was 1747127736	0	WINDOWSS
2025-05-15 10:13:00	debug		System	Debug: **ReadConfigData, stat value for create_host was WINDOWSS	0	WINDOWSS
2025-05-15 10:13:00	debug		System	Debug: **ReadConfigData, stat value for create_time was 1747126430	0	WINDOWSS
2025-05-15 10:13:00	debug		System	Debug: **ReadConfigData, stat value for last_update was 1747127736	0	WINDOWSS
2025-05-15 10:13:00	debug		System	Debug: **ReadConfigData, stat value for last_update_host was WINDOWSS	0	WINDOWSS
2025-05-15 10:13:00	debug		System	Debug: **ReadConfigData, stat value for encryption_hash was 99CCFC0D033729754B6BB4832FE786A1	0	WINDOWSS
2025-05-15 10:13:00	debug		CredentialProviderRequest	Info: *Value for IsCredentialProviderRequest: 1	0	WINDOWSS
2025-05-15 10:13:00	debug		Server-Client	Info: *CheckUserToken server request.	0	WINDOWSS
2025-05-15 10:13:00	notice	usuariogpo2	User	OK: User usuariogpo2 successfully logged in (using Credential Provider) with TOTP token	0	WINDOWSS
2025-05-15 10:13:00	debug		Server-Client	Info: *Cache level is set to 1	0	WINDOWSS
2025-05-15 10:13:00	debug		Server-Client	Info: *Server secret used for command CheckUserToken with error code result 0: secretOTP	0	WINDOWSS
========================================
multiotp 5.9.9.1
Your script is running from C:\multiotp\
2025-05-15 10:31:59	debug		System	Debug: **ReadConfigData, stat value for anonymous_stat_last_update was 1747127736	0	WINDOWSS
2025-05-15 10:31:59	debug		System	Debug: **ReadConfigData, stat value for create_host was WINDOWSS	0	WINDOWSS
2025-05-15 10:31:59	debug		System	Debug: **ReadConfigData, stat value for create_time was 1747126430	0	WINDOWSS
2025-05-15 10:31:59	debug		System	Debug: **ReadConfigData, stat value for last_update was 1747127736	0	WINDOWSS
2025-05-15 10:31:59	debug		System	Debug: **ReadConfigData, stat value for last_update_host was WINDOWSS	0	WINDOWSS
2025-05-15 10:31:59	debug		System	Debug: **ReadConfigData, stat value for encryption_hash was 99CCFC0D033729754B6BB4832FE786A1	0	WINDOWSS
2025-05-15 10:31:59	debug		System	Debug: **ReadConfigData, stat value for anonymous_stat_last_update was 1747127736	0	WINDOWSS
2025-05-15 10:31:59	debug		System	Debug: **ReadConfigData, stat value for create_host was WINDOWSS	0	WINDOWSS
2025-05-15 10:31:59	debug		System	Debug: **ReadConfigData, stat value for create_time was 1747126430	0	WINDOWSS
2025-05-15 10:31:59	debug		System	Debug: **ReadConfigData, stat value for last_update was 1747127736	0	WINDOWSS
2025-05-15 10:31:59	debug		System	Debug: **ReadConfigData, stat value for last_update_host was WINDOWSS	0	WINDOWSS
2025-05-15 10:31:59	debug		System	Debug: **ReadConfigData, stat value for encryption_hash was 99CCFC0D033729754B6BB4832FE786A1	0	WINDOWSS
2025-05-15 10:31:59	debug		CredentialProviderRequest	Info: *Value for IsCredentialProviderRequest:	0	WINDOWSS
2025-05-15 10:31:59	debug		Server-Client	Info: *CheckUserExists server request for usuariogpo2 with challenge MOSHf0d6e6200de1cc00fe8baf420070ea14	0	WINDOWSS
2025-05-15 10:31:59	debug		Server-Client	Info: *CheckUserExists intermediate error code: 22	0	WINDOWSS
2025-05-15 10:31:59	debug		Server-Client	Info: *Server secret used for command CheckUserExists with error code result 22: secretOTP	0	WINDOWSS
========================================
multiotp 5.9.9.1
Your script is running from C:\multiotp\
2025-05-15 10:32:00	debug		System	Debug: **ReadConfigData, stat value for anonymous_stat_last_update was 1747127736	0	WINDOWSS
2025-05-15 10:32:00	debug		System	Debug: **ReadConfigData, stat value for create_host was WINDOWSS	0	WINDOWSS
2025-05-15 10:32:00	debug		System	Debug: **ReadConfigData, stat value for create_time was 1747126430	0	WINDOWSS
2025-05-15 10:32:00	debug		System	Debug: **ReadConfigData, stat value for last_update was 1747127736	0	WINDOWSS
2025-05-15 10:32:00	debug		System	Debug: **ReadConfigData, stat value for last_update_host was WINDOWSS	0	WINDOWSS
2025-05-15 10:32:00	debug		System	Debug: **ReadConfigData, stat value for encryption_hash was 99CCFC0D033729754B6BB4832FE786A1	0	WINDOWSS
2025-05-15 10:32:00	debug		System	Debug: **ReadConfigData, stat value for anonymous_stat_last_update was 1747127736	0	WINDOWSS
2025-05-15 10:32:00	debug		System	Debug: **ReadConfigData, stat value for create_host was WINDOWSS	0	WINDOWSS
2025-05-15 10:32:00	debug		System	Debug: **ReadConfigData, stat value for create_time was 1747126430	0	WINDOWSS
2025-05-15 10:32:00	debug		System	Debug: **ReadConfigData, stat value for last_update was 1747127736	0	WINDOWSS
2025-05-15 10:32:00	debug		System	Debug: **ReadConfigData, stat value for last_update_host was WINDOWSS	0	WINDOWSS
2025-05-15 10:32:00	debug		System	Debug: **ReadConfigData, stat value for encryption_hash was 99CCFC0D033729754B6BB4832FE786A1	0	WINDOWSS
2025-05-15 10:32:00	debug		CredentialProviderRequest	Info: *Value for IsCredentialProviderRequest:	0	WINDOWSS
2025-05-15 10:32:00	debug		Server-Client	Info: *ReadUserData server request for usuariogpo2	0	WINDOWSS
2025-05-15 10:32:00	debug		Server-Client	Info: *Server secret used for command ReadUserData with error code result 19: secretOTP	0	WINDOWSS
========================================
multiotp 5.9.9.1
Your script is running from C:\multiotp\
2025-05-15 10:32:00	debug		System	Debug: **ReadConfigData, stat value for anonymous_stat_last_update was 1747127736	0	WINDOWSS
2025-05-15 10:32:00	debug		System	Debug: **ReadConfigData, stat value for create_host was WINDOWSS	0	WINDOWSS
2025-05-15 10:32:00	debug		System	Debug: **ReadConfigData, stat value for create_time was 1747126430	0	WINDOWSS
2025-05-15 10:32:00	debug		System	Debug: **ReadConfigData, stat value for last_update was 1747127736	0	WINDOWSS
2025-05-15 10:32:00	debug		System	Debug: **ReadConfigData, stat value for last_update_host was WINDOWSS	0	WINDOWSS
2025-05-15 10:32:00	debug		System	Debug: **ReadConfigData, stat value for encryption_hash was 99CCFC0D033729754B6BB4832FE786A1	0	WINDOWSS
2025-05-15 10:32:00	debug		System	Debug: **ReadConfigData, stat value for anonymous_stat_last_update was 1747127736	0	WINDOWSS
2025-05-15 10:32:00	debug		System	Debug: **ReadConfigData, stat value for create_host was WINDOWSS	0	WINDOWSS
2025-05-15 10:32:00	debug		System	Debug: **ReadConfigData, stat value for create_time was 1747126430	0	WINDOWSS
2025-05-15 10:32:00	debug		System	Debug: **ReadConfigData, stat value for last_update was 1747127736	0	WINDOWSS
2025-05-15 10:32:00	debug		System	Debug: **ReadConfigData, stat value for last_update_host was WINDOWSS	0	WINDOWSS
2025-05-15 10:32:00	debug		System	Debug: **ReadConfigData, stat value for encryption_hash was 99CCFC0D033729754B6BB4832FE786A1	0	WINDOWSS
2025-05-15 10:32:00	debug		CredentialProviderRequest	Info: *Value for IsCredentialProviderRequest:	0	WINDOWSS
2025-05-15 10:32:00	debug		Server-Client	Info: *ReadUserData server request for usuariogpo2	0	WINDOWSS
2025-05-15 10:32:00	debug		Server-Client	Info: *Server secret used for command ReadUserData with error code result 19: secretOTP	0	WINDOWSS
========================================
multiotp 5.9.9.1
Your script is running from C:\multiotp\
2025-05-15 10:32:00	debug		System	Debug: **ReadConfigData, stat value for anonymous_stat_last_update was 1747127736	0	WINDOWSS
2025-05-15 10:32:00	debug		System	Debug: **ReadConfigData, stat value for create_host was WINDOWSS	0	WINDOWSS
2025-05-15 10:32:00	debug		System	Debug: **ReadConfigData, stat value for create_time was 1747126430	0	WINDOWSS
2025-05-15 10:32:00	debug		System	Debug: **ReadConfigData, stat value for last_update was 1747127736	0	WINDOWSS
2025-05-15 10:32:00	debug		System	Debug: **ReadConfigData, stat value for last_update_host was WINDOWSS	0	WINDOWSS
2025-05-15 10:32:00	debug		System	Debug: **ReadConfigData, stat value for encryption_hash was 99CCFC0D033729754B6BB4832FE786A1	0	WINDOWSS
2025-05-15 10:32:00	debug		System	Debug: **ReadConfigData, stat value for anonymous_stat_last_update was 1747127736	0	WINDOWSS
2025-05-15 10:32:00	debug		System	Debug: **ReadConfigData, stat value for create_host was WINDOWSS	0	WINDOWSS
2025-05-15 10:32:00	debug		System	Debug: **ReadConfigData, stat value for create_time was 1747126430	0	WINDOWSS
2025-05-15 10:32:00	debug		System	Debug: **ReadConfigData, stat value for last_update was 1747127736	0	WINDOWSS
2025-05-15 10:32:00	debug		System	Debug: **ReadConfigData, stat value for last_update_host was WINDOWSS	0	WINDOWSS
2025-05-15 10:32:00	debug		System	Debug: **ReadConfigData, stat value for encryption_hash was 99CCFC0D033729754B6BB4832FE786A1	0	WINDOWSS
2025-05-15 10:32:00	debug		CredentialProviderRequest	Info: *Value for IsCredentialProviderRequest: 1	0	WINDOWSS
2025-05-15 10:32:00	debug		Server-Client	Info: *CheckUserToken server request.	0	WINDOWSS
2025-05-15 10:32:00	notice	usuariogpo2	User	OK: User usuariogpo2 successfully logged in (using Credential Provider) with TOTP token	0	WINDOWSS
2025-05-15 10:32:00	debug		Server-Client	Info: *Cache level is set to 1	0	WINDOWSS
2025-05-15 10:32:00	debug		Server-Client	Info: *Server secret used for command CheckUserToken with error code result 0: secretOTP	0	WINDOWSS
========================================
multiotp 5.9.9.1
Your script is running from C:\multiotp\
2025-05-15 10:32:25	debug		System	Debug: **ReadConfigData, stat value for anonymous_stat_last_update was 1747127736	0	WINDOWSS
2025-05-15 10:32:25	debug		System	Debug: **ReadConfigData, stat value for create_host was WINDOWSS	0	WINDOWSS
2025-05-15 10:32:25	debug		System	Debug: **ReadConfigData, stat value for create_time was 1747126430	0	WINDOWSS
2025-05-15 10:32:25	debug		System	Debug: **ReadConfigData, stat value for last_update was 1747127736	0	WINDOWSS
2025-05-15 10:32:25	debug		System	Debug: **ReadConfigData, stat value for last_update_host was WINDOWSS	0	WINDOWSS
2025-05-15 10:32:25	debug		System	Debug: **ReadConfigData, stat value for encryption_hash was 99CCFC0D033729754B6BB4832FE786A1	0	WINDOWSS
2025-05-15 10:32:25	debug		System	Debug: **ReadConfigData, stat value for anonymous_stat_last_update was 1747127736	0	WINDOWSS
2025-05-15 10:32:25	debug		System	Debug: **ReadConfigData, stat value for create_host was WINDOWSS	0	WINDOWSS
2025-05-15 10:32:25	debug		System	Debug: **ReadConfigData, stat value for create_time was 1747126430	0	WINDOWSS
2025-05-15 10:32:25	debug		System	Debug: **ReadConfigData, stat value for last_update was 1747127736	0	WINDOWSS
2025-05-15 10:32:25	debug		System	Debug: **ReadConfigData, stat value for last_update_host was WINDOWSS	0	WINDOWSS
2025-05-15 10:32:26	debug		System	Debug: **ReadConfigData, stat value for encryption_hash was 99CCFC0D033729754B6BB4832FE786A1	0	WINDOWSS
2025-05-15 10:32:26	debug		CredentialProviderRequest	Info: *Value for IsCredentialProviderRequest:	0	WINDOWSS
2025-05-15 10:32:26	debug		Server-Client	Info: *CheckUserExists server request for usuariogpo2 with challenge MOSH057e6924dddcb4686e74b84c641922da	0	WINDOWSS
2025-05-15 10:32:26	debug		Server-Client	Info: *CheckUserExists intermediate error code: 22	0	WINDOWSS
2025-05-15 10:32:26	debug		Server-Client	Info: *Server secret used for command CheckUserExists with error code result 22: secretOTP	0	WINDOWSS
========================================
multiotp 5.9.9.1
Your script is running from C:\multiotp\
2025-05-15 10:32:26	debug		System	Debug: **ReadConfigData, stat value for anonymous_stat_last_update was 1747127736	0	WINDOWSS
2025-05-15 10:32:26	debug		System	Debug: **ReadConfigData, stat value for create_host was WINDOWSS	0	WINDOWSS
2025-05-15 10:32:26	debug		System	Debug: **ReadConfigData, stat value for create_time was 1747126430	0	WINDOWSS
2025-05-15 10:32:26	debug		System	Debug: **ReadConfigData, stat value for last_update was 1747127736	0	WINDOWSS
2025-05-15 10:32:26	debug		System	Debug: **ReadConfigData, stat value for last_update_host was WINDOWSS	0	WINDOWSS
2025-05-15 10:32:26	debug		System	Debug: **ReadConfigData, stat value for encryption_hash was 99CCFC0D033729754B6BB4832FE786A1	0	WINDOWSS
2025-05-15 10:32:26	debug		System	Debug: **ReadConfigData, stat value for anonymous_stat_last_update was 1747127736	0	WINDOWSS
2025-05-15 10:32:26	debug		System	Debug: **ReadConfigData, stat value for create_host was WINDOWSS	0	WINDOWSS
2025-05-15 10:32:26	debug		System	Debug: **ReadConfigData, stat value for create_time was 1747126430	0	WINDOWSS
2025-05-15 10:32:26	debug		System	Debug: **ReadConfigData, stat value for last_update was 1747127736	0	WINDOWSS
2025-05-15 10:32:26	debug		System	Debug: **ReadConfigData, stat value for last_update_host was WINDOWSS	0	WINDOWSS
2025-05-15 10:32:26	debug		System	Debug: **ReadConfigData, stat value for encryption_hash was 99CCFC0D033729754B6BB4832FE786A1	0	WINDOWSS
2025-05-15 10:32:26	debug		CredentialProviderRequest	Info: *Value for IsCredentialProviderRequest:	0	WINDOWSS
2025-05-15 10:32:26	debug		Server-Client	Info: *ReadUserData server request for usuariogpo2	0	WINDOWSS
2025-05-15 10:32:26	debug		Server-Client	Info: *Server secret used for command ReadUserData with error code result 19: secretOTP	0	WINDOWSS
========================================
multiotp 5.9.9.1
Your script is running from C:\multiotp\
2025-05-15 10:32:26	debug		System	Debug: **ReadConfigData, stat value for anonymous_stat_last_update was 1747127736	0	WINDOWSS
2025-05-15 10:32:26	debug		System	Debug: **ReadConfigData, stat value for create_host was WINDOWSS	0	WINDOWSS
2025-05-15 10:32:26	debug		System	Debug: **ReadConfigData, stat value for create_time was 1747126430	0	WINDOWSS
2025-05-15 10:32:26	debug		System	Debug: **ReadConfigData, stat value for last_update was 1747127736	0	WINDOWSS
2025-05-15 10:32:26	debug		System	Debug: **ReadConfigData, stat value for last_update_host was WINDOWSS	0	WINDOWSS
2025-05-15 10:32:26	debug		System	Debug: **ReadConfigData, stat value for encryption_hash was 99CCFC0D033729754B6BB4832FE786A1	0	WINDOWSS
2025-05-15 10:32:26	debug		System	Debug: **ReadConfigData, stat value for anonymous_stat_last_update was 1747127736	0	WINDOWSS
2025-05-15 10:32:26	debug		System	Debug: **ReadConfigData, stat value for create_host was WINDOWSS	0	WINDOWSS
2025-05-15 10:32:26	debug		System	Debug: **ReadConfigData, stat value for create_time was 1747126430	0	WINDOWSS
2025-05-15 10:32:26	debug		System	Debug: **ReadConfigData, stat value for last_update was 1747127736	0	WINDOWSS
2025-05-15 10:32:26	debug		System	Debug: **ReadConfigData, stat value for last_update_host was WINDOWSS	0	WINDOWSS
2025-05-15 10:32:26	debug		System	Debug: **ReadConfigData, stat value for encryption_hash was 99CCFC0D033729754B6BB4832FE786A1	0	WINDOWSS
2025-05-15 10:32:26	debug		CredentialProviderRequest	Info: *Value for IsCredentialProviderRequest:	0	WINDOWSS
2025-05-15 10:32:26	debug		Server-Client	Info: *ReadUserData server request for usuariogpo2	0	WINDOWSS
2025-05-15 10:32:26	debug		Server-Client	Info: *Server secret used for command ReadUserData with error code result 19: secretOTP	0	WINDOWSS
========================================
multiotp 5.9.9.1
Your script is running from C:\multiotp\
2025-05-15 10:32:26	debug		System	Debug: **ReadConfigData, stat value for anonymous_stat_last_update was 1747127736	0	WINDOWSS
2025-05-15 10:32:26	debug		System	Debug: **ReadConfigData, stat value for create_host was WINDOWSS	0	WINDOWSS
2025-05-15 10:32:26	debug		System	Debug: **ReadConfigData, stat value for create_time was 1747126430	0	WINDOWSS
2025-05-15 10:32:26	debug		System	Debug: **ReadConfigData, stat value for last_update was 1747127736	0	WINDOWSS
2025-05-15 10:32:26	debug		System	Debug: **ReadConfigData, stat value for last_update_host was WINDOWSS	0	WINDOWSS
2025-05-15 10:32:26	debug		System	Debug: **ReadConfigData, stat value for encryption_hash was 99CCFC0D033729754B6BB4832FE786A1	0	WINDOWSS
2025-05-15 10:32:26	debug		System	Debug: **ReadConfigData, stat value for anonymous_stat_last_update was 1747127736	0	WINDOWSS
2025-05-15 10:32:26	debug		System	Debug: **ReadConfigData, stat value for create_host was WINDOWSS	0	WINDOWSS
2025-05-15 10:32:26	debug		System	Debug: **ReadConfigData, stat value for create_time was 1747126430	0	WINDOWSS
2025-05-15 10:32:26	debug		System	Debug: **ReadConfigData, stat value for last_update was 1747127736	0	WINDOWSS
2025-05-15 10:32:26	debug		System	Debug: **ReadConfigData, stat value for last_update_host was WINDOWSS	0	WINDOWSS
2025-05-15 10:32:26	debug		System	Debug: **ReadConfigData, stat value for encryption_hash was 99CCFC0D033729754B6BB4832FE786A1	0	WINDOWSS
2025-05-15 10:32:26	debug		CredentialProviderRequest	Info: *Value for IsCredentialProviderRequest: 1	0	WINDOWSS
2025-05-15 10:32:26	debug		Server-Client	Info: *CheckUserToken server request.	0	WINDOWSS
2025-05-15 10:32:26	notice	usuariogpo2	User	OK: User usuariogpo2 successfully logged in (using Credential Provider) with TOTP token	0	WINDOWSS
2025-05-15 10:32:26	debug		Server-Client	Info: *Cache level is set to 1	0	WINDOWSS
2025-05-15 10:32:26	debug		Server-Client	Info: *Server secret used for command CheckUserToken with error code result 0: secretOTP	0	WINDOWSS
========================================
multiotp 5.9.9.1
Your script is running from C:\multiotp\
2025-05-15 10:32:42	debug		System	Debug: **ReadConfigData, stat value for anonymous_stat_last_update was 1747127736	0	WINDOWSS
2025-05-15 10:32:42	debug		System	Debug: **ReadConfigData, stat value for create_host was WINDOWSS	0	WINDOWSS
2025-05-15 10:32:42	debug		System	Debug: **ReadConfigData, stat value for create_time was 1747126430	0	WINDOWSS
2025-05-15 10:32:42	debug		System	Debug: **ReadConfigData, stat value for last_update was 1747127736	0	WINDOWSS
2025-05-15 10:32:42	debug		System	Debug: **ReadConfigData, stat value for last_update_host was WINDOWSS	0	WINDOWSS
2025-05-15 10:32:42	debug		System	Debug: **ReadConfigData, stat value for encryption_hash was 99CCFC0D033729754B6BB4832FE786A1	0	WINDOWSS
2025-05-15 10:32:42	debug		System	Debug: **ReadConfigData, stat value for anonymous_stat_last_update was 1747127736	0	WINDOWSS
2025-05-15 10:32:42	debug		System	Debug: **ReadConfigData, stat value for create_host was WINDOWSS	0	WINDOWSS
2025-05-15 10:32:42	debug		System	Debug: **ReadConfigData, stat value for create_time was 1747126430	0	WINDOWSS
2025-05-15 10:32:42	debug		System	Debug: **ReadConfigData, stat value for last_update was 1747127736	0	WINDOWSS
2025-05-15 10:32:42	debug		System	Debug: **ReadConfigData, stat value for last_update_host was WINDOWSS	0	WINDOWSS
2025-05-15 10:32:42	debug		System	Debug: **ReadConfigData, stat value for encryption_hash was 99CCFC0D033729754B6BB4832FE786A1	0	WINDOWSS
2025-05-15 10:32:42	debug		CredentialProviderRequest	Info: *Value for IsCredentialProviderRequest:	0	WINDOWSS
2025-05-15 10:32:42	debug		Server-Client	Info: *CheckUserExists server request for usuariogpo2 with challenge MOSH997b38f2af0526def8085fa1dbb1a7dc	0	WINDOWSS
2025-05-15 10:32:42	debug		Server-Client	Info: *CheckUserExists intermediate error code: 22	0	WINDOWSS
2025-05-15 10:32:42	debug		Server-Client	Info: *Server secret used for command CheckUserExists with error code result 22: secretOTP	0	WINDOWSS
========================================
multiotp 5.9.9.1
Your script is running from C:\multiotp\
2025-05-15 10:32:42	debug		System	Debug: **ReadConfigData, stat value for anonymous_stat_last_update was 1747127736	0	WINDOWSS
2025-05-15 10:32:42	debug		System	Debug: **ReadConfigData, stat value for create_host was WINDOWSS	0	WINDOWSS
2025-05-15 10:32:42	debug		System	Debug: **ReadConfigData, stat value for create_time was 1747126430	0	WINDOWSS
2025-05-15 10:32:42	debug		System	Debug: **ReadConfigData, stat value for last_update was 1747127736	0	WINDOWSS
2025-05-15 10:32:42	debug		System	Debug: **ReadConfigData, stat value for last_update_host was WINDOWSS	0	WINDOWSS
2025-05-15 10:32:42	debug		System	Debug: **ReadConfigData, stat value for encryption_hash was 99CCFC0D033729754B6BB4832FE786A1	0	WINDOWSS
2025-05-15 10:32:42	debug		System	Debug: **ReadConfigData, stat value for anonymous_stat_last_update was 1747127736	0	WINDOWSS
2025-05-15 10:32:42	debug		System	Debug: **ReadConfigData, stat value for create_host was WINDOWSS	0	WINDOWSS
2025-05-15 10:32:42	debug		System	Debug: **ReadConfigData, stat value for create_time was 1747126430	0	WINDOWSS
2025-05-15 10:32:42	debug		System	Debug: **ReadConfigData, stat value for last_update was 1747127736	0	WINDOWSS
2025-05-15 10:32:42	debug		System	Debug: **ReadConfigData, stat value for last_update_host was WINDOWSS	0	WINDOWSS
2025-05-15 10:32:42	debug		System	Debug: **ReadConfigData, stat value for encryption_hash was 99CCFC0D033729754B6BB4832FE786A1	0	WINDOWSS
2025-05-15 10:32:42	debug		CredentialProviderRequest	Info: *Value for IsCredentialProviderRequest:	0	WINDOWSS
2025-05-15 10:32:42	debug		Server-Client	Info: *ReadUserData server request for usuariogpo2	0	WINDOWSS
2025-05-15 10:32:42	debug		Server-Client	Info: *Server secret used for command ReadUserData with error code result 19: secretOTP	0	WINDOWSS
========================================
multiotp 5.9.9.1
Your script is running from C:\multiotp\
2025-05-15 10:32:42	debug		System	Debug: **ReadConfigData, stat value for anonymous_stat_last_update was 1747127736	0	WINDOWSS
2025-05-15 10:32:42	debug		System	Debug: **ReadConfigData, stat value for create_host was WINDOWSS	0	WINDOWSS
2025-05-15 10:32:42	debug		System	Debug: **ReadConfigData, stat value for create_time was 1747126430	0	WINDOWSS
2025-05-15 10:32:42	debug		System	Debug: **ReadConfigData, stat value for last_update was 1747127736	0	WINDOWSS
2025-05-15 10:32:42	debug		System	Debug: **ReadConfigData, stat value for last_update_host was WINDOWSS	0	WINDOWSS
2025-05-15 10:32:42	debug		System	Debug: **ReadConfigData, stat value for encryption_hash was 99CCFC0D033729754B6BB4832FE786A1	0	WINDOWSS
2025-05-15 10:32:42	debug		System	Debug: **ReadConfigData, stat value for anonymous_stat_last_update was 1747127736	0	WINDOWSS
2025-05-15 10:32:42	debug		System	Debug: **ReadConfigData, stat value for create_host was WINDOWSS	0	WINDOWSS
2025-05-15 10:32:42	debug		System	Debug: **ReadConfigData, stat value for create_time was 1747126430	0	WINDOWSS
2025-05-15 10:32:42	debug		System	Debug: **ReadConfigData, stat value for last_update was 1747127736	0	WINDOWSS
2025-05-15 10:32:42	debug		System	Debug: **ReadConfigData, stat value for last_update_host was WINDOWSS	0	WINDOWSS
2025-05-15 10:32:42	debug		System	Debug: **ReadConfigData, stat value for encryption_hash was 99CCFC0D033729754B6BB4832FE786A1	0	WINDOWSS
2025-05-15 10:32:42	debug		CredentialProviderRequest	Info: *Value for IsCredentialProviderRequest:	0	WINDOWSS
2025-05-15 10:32:42	debug		Server-Client	Info: *ReadUserData server request for usuariogpo2	0	WINDOWSS
2025-05-15 10:32:42	debug		Server-Client	Info: *Server secret used for command ReadUserData with error code result 19: secretOTP	0	WINDOWSS
========================================
multiotp 5.9.9.1
Your script is running from C:\multiotp\
2025-05-15 10:32:42	debug		System	Debug: **ReadConfigData, stat value for anonymous_stat_last_update was 1747127736	0	WINDOWSS
2025-05-15 10:32:42	debug		System	Debug: **ReadConfigData, stat value for create_host was WINDOWSS	0	WINDOWSS
2025-05-15 10:32:42	debug		System	Debug: **ReadConfigData, stat value for create_time was 1747126430	0	WINDOWSS
2025-05-15 10:32:42	debug		System	Debug: **ReadConfigData, stat value for last_update was 1747127736	0	WINDOWSS
2025-05-15 10:32:42	debug		System	Debug: **ReadConfigData, stat value for last_update_host was WINDOWSS	0	WINDOWSS
2025-05-15 10:32:42	debug		System	Debug: **ReadConfigData, stat value for encryption_hash was 99CCFC0D033729754B6BB4832FE786A1	0	WINDOWSS
2025-05-15 10:32:42	debug		System	Debug: **ReadConfigData, stat value for anonymous_stat_last_update was 1747127736	0	WINDOWSS
2025-05-15 10:32:42	debug		System	Debug: **ReadConfigData, stat value for create_host was WINDOWSS	0	WINDOWSS
2025-05-15 10:32:42	debug		System	Debug: **ReadConfigData, stat value for create_time was 1747126430	0	WINDOWSS
2025-05-15 10:32:42	debug		System	Debug: **ReadConfigData, stat value for last_update was 1747127736	0	WINDOWSS
2025-05-15 10:32:42	debug		System	Debug: **ReadConfigData, stat value for last_update_host was WINDOWSS	0	WINDOWSS
2025-05-15 10:32:42	debug		System	Debug: **ReadConfigData, stat value for encryption_hash was 99CCFC0D033729754B6BB4832FE786A1	0	WINDOWSS
2025-05-15 10:32:42	debug		CredentialProviderRequest	Info: *Value for IsCredentialProviderRequest: 1	0	WINDOWSS
2025-05-15 10:32:42	debug		Server-Client	Info: *CheckUserToken server request.	0	WINDOWSS
2025-05-15 10:32:42	warning	usuariogpo2	User	Error: token of user usuariogpo2 already used	0	WINDOWSS
2025-05-15 10:32:42	debug		Server-Client	Info: *Server secret used for command CheckUserToken with error code result 26: secretOTP	0	WINDOWSS
========================================
multiotp 5.9.9.1
Your script is running from C:\multiotp\
2025-05-15 10:32:59	debug		System	Debug: **ReadConfigData, stat value for anonymous_stat_last_update was 1747127736	0	WINDOWSS
2025-05-15 10:32:59	debug		System	Debug: **ReadConfigData, stat value for create_host was WINDOWSS	0	WINDOWSS
2025-05-15 10:32:59	debug		System	Debug: **ReadConfigData, stat value for create_time was 1747126430	0	WINDOWSS
2025-05-15 10:32:59	debug		System	Debug: **ReadConfigData, stat value for last_update was 1747127736	0	WINDOWSS
2025-05-15 10:32:59	debug		System	Debug: **ReadConfigData, stat value for last_update_host was WINDOWSS	0	WINDOWSS
2025-05-15 10:32:59	debug		System	Debug: **ReadConfigData, stat value for encryption_hash was 99CCFC0D033729754B6BB4832FE786A1	0	WINDOWSS
2025-05-15 10:32:59	debug		System	Debug: **ReadConfigData, stat value for anonymous_stat_last_update was 1747127736	0	WINDOWSS
2025-05-15 10:32:59	debug		System	Debug: **ReadConfigData, stat value for create_host was WINDOWSS	0	WINDOWSS
2025-05-15 10:32:59	debug		System	Debug: **ReadConfigData, stat value for create_time was 1747126430	0	WINDOWSS
2025-05-15 10:32:59	debug		System	Debug: **ReadConfigData, stat value for last_update was 1747127736	0	WINDOWSS
2025-05-15 10:32:59	debug		System	Debug: **ReadConfigData, stat value for last_update_host was WINDOWSS	0	WINDOWSS
2025-05-15 10:32:59	debug		System	Debug: **ReadConfigData, stat value for encryption_hash was 99CCFC0D033729754B6BB4832FE786A1	0	WINDOWSS
2025-05-15 10:32:59	debug		CredentialProviderRequest	Info: *Value for IsCredentialProviderRequest:	0	WINDOWSS
2025-05-15 10:32:59	debug		Server-Client	Info: *CheckUserExists server request for usuariogpo2 with challenge MOSHe1aa9c82393dda998e0c88dad4ca60b0	0	WINDOWSS
2025-05-15 10:32:59	debug		Server-Client	Info: *CheckUserExists intermediate error code: 22	0	WINDOWSS
2025-05-15 10:32:59	debug		Server-Client	Info: *Server secret used for command CheckUserExists with error code result 22: secretOTP	0	WINDOWSS
========================================
multiotp 5.9.9.1
Your script is running from C:\multiotp\
2025-05-15 10:32:59	debug		System	Debug: **ReadConfigData, stat value for anonymous_stat_last_update was 1747127736	0	WINDOWSS
2025-05-15 10:32:59	debug		System	Debug: **ReadConfigData, stat value for create_host was WINDOWSS	0	WINDOWSS
2025-05-15 10:32:59	debug		System	Debug: **ReadConfigData, stat value for create_time was 1747126430	0	WINDOWSS
2025-05-15 10:32:59	debug		System	Debug: **ReadConfigData, stat value for last_update was 1747127736	0	WINDOWSS
2025-05-15 10:32:59	debug		System	Debug: **ReadConfigData, stat value for last_update_host was WINDOWSS	0	WINDOWSS
2025-05-15 10:32:59	debug		System	Debug: **ReadConfigData, stat value for encryption_hash was 99CCFC0D033729754B6BB4832FE786A1	0	WINDOWSS
2025-05-15 10:32:59	debug		System	Debug: **ReadConfigData, stat value for anonymous_stat_last_update was 1747127736	0	WINDOWSS
2025-05-15 10:32:59	debug		System	Debug: **ReadConfigData, stat value for create_host was WINDOWSS	0	WINDOWSS
2025-05-15 10:32:59	debug		System	Debug: **ReadConfigData, stat value for create_time was 1747126430	0	WINDOWSS
2025-05-15 10:32:59	debug		System	Debug: **ReadConfigData, stat value for last_update was 1747127736	0	WINDOWSS
2025-05-15 10:32:59	debug		System	Debug: **ReadConfigData, stat value for last_update_host was WINDOWSS	0	WINDOWSS
2025-05-15 10:32:59	debug		System	Debug: **ReadConfigData, stat value for encryption_hash was 99CCFC0D033729754B6BB4832FE786A1	0	WINDOWSS
2025-05-15 10:32:59	debug		CredentialProviderRequest	Info: *Value for IsCredentialProviderRequest:	0	WINDOWSS
2025-05-15 10:32:59	debug		Server-Client	Info: *ReadUserData server request for usuariogpo2	0	WINDOWSS
2025-05-15 10:32:59	debug		Server-Client	Info: *Server secret used for command ReadUserData with error code result 19: secretOTP	0	WINDOWSS
========================================
multiotp 5.9.9.1
Your script is running from C:\multiotp\
2025-05-15 10:32:59	debug		System	Debug: **ReadConfigData, stat value for anonymous_stat_last_update was 1747127736	0	WINDOWSS
2025-05-15 10:32:59	debug		System	Debug: **ReadConfigData, stat value for create_host was WINDOWSS	0	WINDOWSS
2025-05-15 10:32:59	debug		System	Debug: **ReadConfigData, stat value for create_time was 1747126430	0	WINDOWSS
2025-05-15 10:32:59	debug		System	Debug: **ReadConfigData, stat value for last_update was 1747127736	0	WINDOWSS
2025-05-15 10:32:59	debug		System	Debug: **ReadConfigData, stat value for last_update_host was WINDOWSS	0	WINDOWSS
2025-05-15 10:32:59	debug		System	Debug: **ReadConfigData, stat value for encryption_hash was 99CCFC0D033729754B6BB4832FE786A1	0	WINDOWSS
2025-05-15 10:32:59	debug		System	Debug: **ReadConfigData, stat value for anonymous_stat_last_update was 1747127736	0	WINDOWSS
2025-05-15 10:32:59	debug		System	Debug: **ReadConfigData, stat value for create_host was WINDOWSS	0	WINDOWSS
2025-05-15 10:32:59	debug		System	Debug: **ReadConfigData, stat value for create_time was 1747126430	0	WINDOWSS
2025-05-15 10:32:59	debug		System	Debug: **ReadConfigData, stat value for last_update was 1747127736	0	WINDOWSS
2025-05-15 10:32:59	debug		System	Debug: **ReadConfigData, stat value for last_update_host was WINDOWSS	0	WINDOWSS
2025-05-15 10:32:59	debug		System	Debug: **ReadConfigData, stat value for encryption_hash was 99CCFC0D033729754B6BB4832FE786A1	0	WINDOWSS
2025-05-15 10:32:59	debug		CredentialProviderRequest	Info: *Value for IsCredentialProviderRequest:	0	WINDOWSS
2025-05-15 10:32:59	debug		Server-Client	Info: *ReadUserData server request for usuariogpo2	0	WINDOWSS
2025-05-15 10:32:59	debug		Server-Client	Info: *Server secret used for command ReadUserData with error code result 19: secretOTP	0	WINDOWSS
========================================
multiotp 5.9.9.1
Your script is running from C:\multiotp\
2025-05-15 10:32:59	debug		System	Debug: **ReadConfigData, stat value for anonymous_stat_last_update was 1747127736	0	WINDOWSS
2025-05-15 10:32:59	debug		System	Debug: **ReadConfigData, stat value for create_host was WINDOWSS	0	WINDOWSS
2025-05-15 10:32:59	debug		System	Debug: **ReadConfigData, stat value for create_time was 1747126430	0	WINDOWSS
2025-05-15 10:32:59	debug		System	Debug: **ReadConfigData, stat value for last_update was 1747127736	0	WINDOWSS
2025-05-15 10:32:59	debug		System	Debug: **ReadConfigData, stat value for last_update_host was WINDOWSS	0	WINDOWSS
2025-05-15 10:32:59	debug		System	Debug: **ReadConfigData, stat value for encryption_hash was 99CCFC0D033729754B6BB4832FE786A1	0	WINDOWSS
2025-05-15 10:32:59	debug		System	Debug: **ReadConfigData, stat value for anonymous_stat_last_update was 1747127736	0	WINDOWSS
2025-05-15 10:32:59	debug		System	Debug: **ReadConfigData, stat value for create_host was WINDOWSS	0	WINDOWSS
2025-05-15 10:32:59	debug		System	Debug: **ReadConfigData, stat value for create_time was 1747126430	0	WINDOWSS
2025-05-15 10:32:59	debug		System	Debug: **ReadConfigData, stat value for last_update was 1747127736	0	WINDOWSS
2025-05-15 10:32:59	debug		System	Debug: **ReadConfigData, stat value for last_update_host was WINDOWSS	0	WINDOWSS
2025-05-15 10:32:59	debug		System	Debug: **ReadConfigData, stat value for encryption_hash was 99CCFC0D033729754B6BB4832FE786A1	0	WINDOWSS
2025-05-15 10:32:59	debug		CredentialProviderRequest	Info: *Value for IsCredentialProviderRequest: 1	0	WINDOWSS
2025-05-15 10:32:59	debug		Server-Client	Info: *CheckUserToken server request.	0	WINDOWSS
2025-05-15 10:32:59	notice	usuariogpo2	User	OK: User usuariogpo2 successfully logged in (using Credential Provider) with TOTP token	0	WINDOWSS
2025-05-15 10:32:59	debug		Server-Client	Info: *Cache level is set to 1	0	WINDOWSS
2025-05-15 10:32:59	debug		Server-Client	Info: *Server secret used for command CheckUserToken with error code result 0: secretOTP	0	WINDOWSS
========================================
multiotp 5.9.9.1
Your script is running from C:\multiotp\
2025-05-15 10:34:07	debug		System	Debug: **ReadConfigData, stat value for anonymous_stat_last_update was 1747127736	0	WINDOWSS
2025-05-15 10:34:07	debug		System	Debug: **ReadConfigData, stat value for create_host was WINDOWSS	0	WINDOWSS
2025-05-15 10:34:07	debug		System	Debug: **ReadConfigData, stat value for create_time was 1747126430	0	WINDOWSS
2025-05-15 10:34:07	debug		System	Debug: **ReadConfigData, stat value for last_update was 1747127736	0	WINDOWSS
2025-05-15 10:34:07	debug		System	Debug: **ReadConfigData, stat value for last_update_host was WINDOWSS	0	WINDOWSS
2025-05-15 10:34:07	debug		System	Debug: **ReadConfigData, stat value for encryption_hash was 99CCFC0D033729754B6BB4832FE786A1	0	WINDOWSS
2025-05-15 10:34:07	debug		System	Debug: **ReadConfigData, stat value for anonymous_stat_last_update was 1747127736	0	WINDOWSS
2025-05-15 10:34:07	debug		System	Debug: **ReadConfigData, stat value for create_host was WINDOWSS	0	WINDOWSS
2025-05-15 10:34:07	debug		System	Debug: **ReadConfigData, stat value for create_time was 1747126430	0	WINDOWSS
2025-05-15 10:34:07	debug		System	Debug: **ReadConfigData, stat value for last_update was 1747127736	0	WINDOWSS
2025-05-15 10:34:07	debug		System	Debug: **ReadConfigData, stat value for last_update_host was WINDOWSS	0	WINDOWSS
2025-05-15 10:34:07	debug		System	Debug: **ReadConfigData, stat value for encryption_hash was 99CCFC0D033729754B6BB4832FE786A1	0	WINDOWSS
2025-05-15 10:34:07	debug		CredentialProviderRequest	Info: *Value for IsCredentialProviderRequest:	0	WINDOWSS
2025-05-15 10:34:07	debug		Server-Client	Info: *CheckUserExists server request for usuariogpo2 with challenge MOSH3688581673c90f7f9a93e9e8c82b51ac	0	WINDOWSS
2025-05-15 10:34:08	debug		Server-Client	Info: *CheckUserExists intermediate error code: 22	0	WINDOWSS
2025-05-15 10:34:08	debug		Server-Client	Info: *Server secret used for command CheckUserExists with error code result 22: secretOTP	0	WINDOWSS
========================================
multiotp 5.9.9.1
Your script is running from C:\multiotp\
2025-05-15 10:34:08	debug		System	Debug: **ReadConfigData, stat value for anonymous_stat_last_update was 1747127736	0	WINDOWSS
2025-05-15 10:34:08	debug		System	Debug: **ReadConfigData, stat value for create_host was WINDOWSS	0	WINDOWSS
2025-05-15 10:34:08	debug		System	Debug: **ReadConfigData, stat value for create_time was 1747126430	0	WINDOWSS
2025-05-15 10:34:08	debug		System	Debug: **ReadConfigData, stat value for last_update was 1747127736	0	WINDOWSS
2025-05-15 10:34:08	debug		System	Debug: **ReadConfigData, stat value for last_update_host was WINDOWSS	0	WINDOWSS
2025-05-15 10:34:08	debug		System	Debug: **ReadConfigData, stat value for encryption_hash was 99CCFC0D033729754B6BB4832FE786A1	0	WINDOWSS
2025-05-15 10:34:08	debug		System	Debug: **ReadConfigData, stat value for anonymous_stat_last_update was 1747127736	0	WINDOWSS
2025-05-15 10:34:08	debug		System	Debug: **ReadConfigData, stat value for create_host was WINDOWSS	0	WINDOWSS
2025-05-15 10:34:08	debug		System	Debug: **ReadConfigData, stat value for create_time was 1747126430	0	WINDOWSS
2025-05-15 10:34:08	debug		System	Debug: **ReadConfigData, stat value for last_update was 1747127736	0	WINDOWSS
2025-05-15 10:34:08	debug		System	Debug: **ReadConfigData, stat value for last_update_host was WINDOWSS	0	WINDOWSS
2025-05-15 10:34:08	debug		System	Debug: **ReadConfigData, stat value for encryption_hash was 99CCFC0D033729754B6BB4832FE786A1	0	WINDOWSS
2025-05-15 10:34:08	debug		CredentialProviderRequest	Info: *Value for IsCredentialProviderRequest:	0	WINDOWSS
2025-05-15 10:34:08	debug		Server-Client	Info: *ReadUserData server request for usuariogpo2	0	WINDOWSS
2025-05-15 10:34:08	debug		Server-Client	Info: *Server secret used for command ReadUserData with error code result 19: secretOTP	0	WINDOWSS
========================================
multiotp 5.9.9.1
Your script is running from C:\multiotp\
2025-05-15 10:34:08	debug		System	Debug: **ReadConfigData, stat value for anonymous_stat_last_update was 1747127736	0	WINDOWSS
2025-05-15 10:34:08	debug		System	Debug: **ReadConfigData, stat value for create_host was WINDOWSS	0	WINDOWSS
2025-05-15 10:34:08	debug		System	Debug: **ReadConfigData, stat value for create_time was 1747126430	0	WINDOWSS
2025-05-15 10:34:08	debug		System	Debug: **ReadConfigData, stat value for last_update was 1747127736	0	WINDOWSS
2025-05-15 10:34:08	debug		System	Debug: **ReadConfigData, stat value for last_update_host was WINDOWSS	0	WINDOWSS
2025-05-15 10:34:08	debug		System	Debug: **ReadConfigData, stat value for encryption_hash was 99CCFC0D033729754B6BB4832FE786A1	0	WINDOWSS
2025-05-15 10:34:08	debug		System	Debug: **ReadConfigData, stat value for anonymous_stat_last_update was 1747127736	0	WINDOWSS
2025-05-15 10:34:08	debug		System	Debug: **ReadConfigData, stat value for create_host was WINDOWSS	0	WINDOWSS
2025-05-15 10:34:08	debug		System	Debug: **ReadConfigData, stat value for create_time was 1747126430	0	WINDOWSS
2025-05-15 10:34:08	debug		System	Debug: **ReadConfigData, stat value for last_update was 1747127736	0	WINDOWSS
2025-05-15 10:34:08	debug		System	Debug: **ReadConfigData, stat value for last_update_host was WINDOWSS	0	WINDOWSS
2025-05-15 10:34:08	debug		System	Debug: **ReadConfigData, stat value for encryption_hash was 99CCFC0D033729754B6BB4832FE786A1	0	WINDOWSS
2025-05-15 10:34:08	debug		CredentialProviderRequest	Info: *Value for IsCredentialProviderRequest:	0	WINDOWSS
2025-05-15 10:34:08	debug		Server-Client	Info: *ReadUserData server request for usuariogpo2	0	WINDOWSS
2025-05-15 10:34:08	debug		Server-Client	Info: *Server secret used for command ReadUserData with error code result 19: secretOTP	0	WINDOWSS
========================================
multiotp 5.9.9.1
Your script is running from C:\multiotp\
2025-05-15 10:34:08	debug		System	Debug: **ReadConfigData, stat value for anonymous_stat_last_update was 1747127736	0	WINDOWSS
2025-05-15 10:34:08	debug		System	Debug: **ReadConfigData, stat value for create_host was WINDOWSS	0	WINDOWSS
2025-05-15 10:34:08	debug		System	Debug: **ReadConfigData, stat value for create_time was 1747126430	0	WINDOWSS
2025-05-15 10:34:08	debug		System	Debug: **ReadConfigData, stat value for last_update was 1747127736	0	WINDOWSS
2025-05-15 10:34:08	debug		System	Debug: **ReadConfigData, stat value for last_update_host was WINDOWSS	0	WINDOWSS
2025-05-15 10:34:08	debug		System	Debug: **ReadConfigData, stat value for encryption_hash was 99CCFC0D033729754B6BB4832FE786A1	0	WINDOWSS
2025-05-15 10:34:08	debug		System	Debug: **ReadConfigData, stat value for anonymous_stat_last_update was 1747127736	0	WINDOWSS
2025-05-15 10:34:08	debug		System	Debug: **ReadConfigData, stat value for create_host was WINDOWSS	0	WINDOWSS
2025-05-15 10:34:08	debug		System	Debug: **ReadConfigData, stat value for create_time was 1747126430	0	WINDOWSS
2025-05-15 10:34:08	debug		System	Debug: **ReadConfigData, stat value for last_update was 1747127736	0	WINDOWSS
2025-05-15 10:34:08	debug		System	Debug: **ReadConfigData, stat value for last_update_host was WINDOWSS	0	WINDOWSS
2025-05-15 10:34:08	debug		System	Debug: **ReadConfigData, stat value for encryption_hash was 99CCFC0D033729754B6BB4832FE786A1	0	WINDOWSS
2025-05-15 10:34:08	debug		CredentialProviderRequest	Info: *Value for IsCredentialProviderRequest: 1	0	WINDOWSS
2025-05-15 10:34:08	debug		Server-Client	Info: *CheckUserToken server request.	0	WINDOWSS
2025-05-15 10:34:08	warning	usuariogpo2	User	Error: authentication failed (using Credential Provider) for user usuariogpo2	0	WINDOWSS
2025-05-15 10:34:08	warning	usuariogpo2	User	Info: *(authentication typed by the user is CHAP encrypted)	0	WINDOWSS
2025-05-15 10:34:08	debug		Server-Client	Info: *Server secret used for command CheckUserToken with error code result 99: secretOTP	0	WINDOWSS
========================================
multiotp 5.9.9.1
Your script is running from C:\multiotp\
2025-05-15 10:34:18	debug		System	Debug: **ReadConfigData, stat value for anonymous_stat_last_update was 1747127736	0	WINDOWSS
2025-05-15 10:34:18	debug		System	Debug: **ReadConfigData, stat value for create_host was WINDOWSS	0	WINDOWSS
2025-05-15 10:34:18	debug		System	Debug: **ReadConfigData, stat value for create_time was 1747126430	0	WINDOWSS
2025-05-15 10:34:18	debug		System	Debug: **ReadConfigData, stat value for last_update was 1747127736	0	WINDOWSS
2025-05-15 10:34:18	debug		System	Debug: **ReadConfigData, stat value for last_update_host was WINDOWSS	0	WINDOWSS
2025-05-15 10:34:18	debug		System	Debug: **ReadConfigData, stat value for encryption_hash was 99CCFC0D033729754B6BB4832FE786A1	0	WINDOWSS
2025-05-15 10:34:18	debug		System	Debug: **ReadConfigData, stat value for anonymous_stat_last_update was 1747127736	0	WINDOWSS
2025-05-15 10:34:18	debug		System	Debug: **ReadConfigData, stat value for create_host was WINDOWSS	0	WINDOWSS
2025-05-15 10:34:18	debug		System	Debug: **ReadConfigData, stat value for create_time was 1747126430	0	WINDOWSS
2025-05-15 10:34:18	debug		System	Debug: **ReadConfigData, stat value for last_update was 1747127736	0	WINDOWSS
2025-05-15 10:34:18	debug		System	Debug: **ReadConfigData, stat value for last_update_host was WINDOWSS	0	WINDOWSS
2025-05-15 10:34:18	debug		System	Debug: **ReadConfigData, stat value for encryption_hash was 99CCFC0D033729754B6BB4832FE786A1	0	WINDOWSS
2025-05-15 10:34:18	debug		CredentialProviderRequest	Info: *Value for IsCredentialProviderRequest:	0	WINDOWSS
2025-05-15 10:34:18	debug		Server-Client	Info: *CheckUserExists server request for usuariogpo2 with challenge MOSH95a69b0b499d11eff9b241d125daacc9	0	WINDOWSS
2025-05-15 10:34:18	debug		Server-Client	Info: *CheckUserExists intermediate error code: 22	0	WINDOWSS
2025-05-15 10:34:18	debug		Server-Client	Info: *Server secret used for command CheckUserExists with error code result 22: secretOTP	0	WINDOWSS
========================================
multiotp 5.9.9.1
Your script is running from C:\multiotp\
2025-05-15 10:34:18	debug		System	Debug: **ReadConfigData, stat value for anonymous_stat_last_update was 1747127736	0	WINDOWSS
2025-05-15 10:34:18	debug		System	Debug: **ReadConfigData, stat value for create_host was WINDOWSS	0	WINDOWSS
2025-05-15 10:34:18	debug		System	Debug: **ReadConfigData, stat value for create_time was 1747126430	0	WINDOWSS
2025-05-15 10:34:18	debug		System	Debug: **ReadConfigData, stat value for last_update was 1747127736	0	WINDOWSS
2025-05-15 10:34:18	debug		System	Debug: **ReadConfigData, stat value for last_update_host was WINDOWSS	0	WINDOWSS
2025-05-15 10:34:18	debug		System	Debug: **ReadConfigData, stat value for encryption_hash was 99CCFC0D033729754B6BB4832FE786A1	0	WINDOWSS
2025-05-15 10:34:18	debug		System	Debug: **ReadConfigData, stat value for anonymous_stat_last_update was 1747127736	0	WINDOWSS
2025-05-15 10:34:18	debug		System	Debug: **ReadConfigData, stat value for create_host was WINDOWSS	0	WINDOWSS
2025-05-15 10:34:18	debug		System	Debug: **ReadConfigData, stat value for create_time was 1747126430	0	WINDOWSS
2025-05-15 10:34:18	debug		System	Debug: **ReadConfigData, stat value for last_update was 1747127736	0	WINDOWSS
2025-05-15 10:34:18	debug		System	Debug: **ReadConfigData, stat value for last_update_host was WINDOWSS	0	WINDOWSS
2025-05-15 10:34:18	debug		System	Debug: **ReadConfigData, stat value for encryption_hash was 99CCFC0D033729754B6BB4832FE786A1	0	WINDOWSS
2025-05-15 10:34:18	debug		CredentialProviderRequest	Info: *Value for IsCredentialProviderRequest:	0	WINDOWSS
2025-05-15 10:34:18	debug		Server-Client	Info: *ReadUserData server request for usuariogpo2	0	WINDOWSS
2025-05-15 10:34:18	debug		Server-Client	Info: *Server secret used for command ReadUserData with error code result 19: secretOTP	0	WINDOWSS
========================================
multiotp 5.9.9.1
Your script is running from C:\multiotp\
2025-05-15 10:34:18	debug		System	Debug: **ReadConfigData, stat value for anonymous_stat_last_update was 1747127736	0	WINDOWSS
2025-05-15 10:34:18	debug		System	Debug: **ReadConfigData, stat value for create_host was WINDOWSS	0	WINDOWSS
2025-05-15 10:34:18	debug		System	Debug: **ReadConfigData, stat value for create_time was 1747126430	0	WINDOWSS
2025-05-15 10:34:18	debug		System	Debug: **ReadConfigData, stat value for last_update was 1747127736	0	WINDOWSS
2025-05-15 10:34:18	debug		System	Debug: **ReadConfigData, stat value for last_update_host was WINDOWSS	0	WINDOWSS
2025-05-15 10:34:18	debug		System	Debug: **ReadConfigData, stat value for encryption_hash was 99CCFC0D033729754B6BB4832FE786A1	0	WINDOWSS
2025-05-15 10:34:18	debug		System	Debug: **ReadConfigData, stat value for anonymous_stat_last_update was 1747127736	0	WINDOWSS
2025-05-15 10:34:18	debug		System	Debug: **ReadConfigData, stat value for create_host was WINDOWSS	0	WINDOWSS
2025-05-15 10:34:18	debug		System	Debug: **ReadConfigData, stat value for create_time was 1747126430	0	WINDOWSS
2025-05-15 10:34:18	debug		System	Debug: **ReadConfigData, stat value for last_update was 1747127736	0	WINDOWSS
2025-05-15 10:34:18	debug		System	Debug: **ReadConfigData, stat value for last_update_host was WINDOWSS	0	WINDOWSS
2025-05-15 10:34:18	debug		System	Debug: **ReadConfigData, stat value for encryption_hash was 99CCFC0D033729754B6BB4832FE786A1	0	WINDOWSS
2025-05-15 10:34:18	debug		CredentialProviderRequest	Info: *Value for IsCredentialProviderRequest:	0	WINDOWSS
2025-05-15 10:34:18	debug		Server-Client	Info: *ReadUserData server request for usuariogpo2	0	WINDOWSS
2025-05-15 10:34:18	debug		Server-Client	Info: *Server secret used for command ReadUserData with error code result 19: secretOTP	0	WINDOWSS
========================================
multiotp 5.9.9.1
Your script is running from C:\multiotp\
2025-05-15 10:34:18	debug		System	Debug: **ReadConfigData, stat value for anonymous_stat_last_update was 1747127736	0	WINDOWSS
2025-05-15 10:34:18	debug		System	Debug: **ReadConfigData, stat value for create_host was WINDOWSS	0	WINDOWSS
2025-05-15 10:34:18	debug		System	Debug: **ReadConfigData, stat value for create_time was 1747126430	0	WINDOWSS
2025-05-15 10:34:18	debug		System	Debug: **ReadConfigData, stat value for last_update was 1747127736	0	WINDOWSS
2025-05-15 10:34:18	debug		System	Debug: **ReadConfigData, stat value for last_update_host was WINDOWSS	0	WINDOWSS
2025-05-15 10:34:18	debug		System	Debug: **ReadConfigData, stat value for encryption_hash was 99CCFC0D033729754B6BB4832FE786A1	0	WINDOWSS
2025-05-15 10:34:18	debug		System	Debug: **ReadConfigData, stat value for anonymous_stat_last_update was 1747127736	0	WINDOWSS
2025-05-15 10:34:18	debug		System	Debug: **ReadConfigData, stat value for create_host was WINDOWSS	0	WINDOWSS
2025-05-15 10:34:18	debug		System	Debug: **ReadConfigData, stat value for create_time was 1747126430	0	WINDOWSS
2025-05-15 10:34:18	debug		System	Debug: **ReadConfigData, stat value for last_update was 1747127736	0	WINDOWSS
2025-05-15 10:34:18	debug		System	Debug: **ReadConfigData, stat value for last_update_host was WINDOWSS	0	WINDOWSS
2025-05-15 10:34:18	debug		System	Debug: **ReadConfigData, stat value for encryption_hash was 99CCFC0D033729754B6BB4832FE786A1	0	WINDOWSS
2025-05-15 10:34:18	debug		CredentialProviderRequest	Info: *Value for IsCredentialProviderRequest: 1	0	WINDOWSS
2025-05-15 10:34:18	debug		Server-Client	Info: *CheckUserToken server request.	0	WINDOWSS
2025-05-15 10:34:18	notice	usuariogpo2	User	OK: User usuariogpo2 successfully logged in (using Credential Provider) with TOTP token	0	WINDOWSS
2025-05-15 10:34:18	debug		Server-Client	Info: *Cache level is set to 1	0	WINDOWSS
2025-05-15 10:34:18	debug		Server-Client	Info: *Server secret used for command CheckUserToken with error code result 0: secretOTP	0	WINDOWSS
